3,1,916.20,481.40,93.50,113.60,1.0000,-1,-1,-1
3,2,836.70,472.70,53.00,77.10,1.0000,-1,-1,-1
3,3,375.70,446.60,42.30,104.80,1.0000,-1,-1,-1
3,4,441.10,448.30,110.70,274.80,1.0000,-1,-1,-1
3,5,586.70,442.40,86.60,269.80,1.0000,-1,-1,-1
3,6,1346.80,417.50,172.80,379.60,1.0000,-1,-1,-1
3,7,796.20,474.80,56.10,62.70,1.0000,-1,-1,-1
3,8,1090.20,482.20,34.90,117.90,1.0000,-1,-1,-1
3,9,1054.70,484.20,39.10,108.60,1.0000,-1,-1,-1
3,10,1256.70,448.90,34.00,101.10,1.0000,-1,-1,-1
3,11,1015.50,430.30,43.30,119.40,1.0000,-1,-1,-1
3,12,1099.10,438.70,41.70,109.80,1.0000,-1,-1,-1
4,1,915.60,481.80,94.40,113.50,1.0000,-1,-1,-1
4,2,836.90,472.50,52.80,77.00,1.0000,-1,-1,-1
4,3,376.30,447.10,41.30,104.50,1.0000,-1,-1,-1
4,4,440.50,447.70,111.40,277.60,1.0000,-1,-1,-1
4,5,588.00,446.40,85.90,263.50,1.0000,-1,-1,-1
4,6,1346.80,416.30,177.80,380.70,1.0000,-1,-1,-1
4,7,796.80,474.90,55.70,62.50,1.0000,-1,-1,-1
4,8,1090.30,482.50,34.60,117.70,1.0000,-1,-1,-1
4,9,1054.30,484.60,38.80,108.50,1.0000,-1,-1,-1
4,10,1257.20,448.60,33.90,102.10,1.0000,-1,-1,-1
4,11,1014.40,431.30,43.90,117.70,1.0000,-1,-1,-1
4,12,1099.20,439.30,40.50,107.90,1.0000,-1,-1,-1
5,1,914.50,482.50,96.30,112.90,1.0000,-1,-1,-1
5,2,836.90,472.50,52.70,77.00,1.0000,-1,-1,-1
5,3,376.20,447.10,41.30,104.30,1.0000,-1,-1,-1
5,4,442.10,447.90,114.00,276.50,1.0000,-1,-1,-1
5,5,588.20,445.00,85.40,265.60,1.0000,-1,-1,-1
5,6,1357.10,411.80,175.90,384.10,1.0000,-1,-1,-1
5,7,796.90,474.70,55.60,62.90,1.0000,-1,-1,-1
5,8,1090.50,482.50,34.30,117.50,1.0000,-1,-1,-1
5,9,1054.10,485.00,39.10,108.00,1.0000,-1,-1,-1
5,10,1257.40,448.30,34.20,102.40,1.0000,-1,-1,-1
5,11,1013.70,431.00,44.50,118.00,1.0000,-1,-1,-1
5,12,1099.50,438.50,40.20,108.20,1.0000,-1,-1,-1
6,1,914.30,483.50,96.20,111.70,1.0000,-1,-1,-1
6,2,836.10,473.10,53.30,76.40,1.0000,-1,-1,-1
6,3,376.20,447.00,41.60,105.50,1.0000,-1,-1,-1
6,4,441.50,444.10,117.70,285.60,1.0000,-1,-1,-1
6,5,586.40,443.90,87.80,267.60,1.0000,-1,-1,-1
6,6,1361.50,409.30,172.10,387.60,1.0000,-1,-1,-1
6,7,796.30,475.30,56.60,61.60,1.0000,-1,-1,-1
6,8,1090.80,482.50,34.40,117.80,1.0000,-1,-1,-1
6,9,1055.60,485.40,38.60,108.50,1.0000,-1,-1,-1
6,10,1257.40,447.20,34.10,102.90,1.0000,-1,-1,-1
6,11,1014.40,431.40,43.70,117.20,1.0000,-1,-1,-1
6,12,1099.80,438.40,40.90,109.00,1.0000,-1,-1,-1
7,1,914.00,482.40,96.30,112.70,1.0000,-1,-1,-1
7,2,836.40,472.30,53.20,77.60,1.0000,-1,-1,-1
7,3,375.80,447.80,42.20,104.30,1.0000,-1,-1,-1
7,4,439.30,445.90,122.00,285.20,1.0000,-1,-1,-1
7,5,586.00,448.60,86.90,260.80,1.0000,-1,-1,-1
7,6,1371.50,413.40,165.30,381.30,1.0000,-1,-1,-1
7,7,796.30,475.30,55.30,61.80,1.0000,-1,-1,-1
7,8,1090.70,482.40,34.50,117.80,1.0000,-1,-1,-1
7,9,1054.00,485.30,38.90,107.90,1.0000,-1,-1,-1
7,10,1256.50,447.40,34.30,101.60,1.0000,-1,-1,-1
7,11,1013.90,432.30,41.80,117.40,1.0000,-1,-1,-1
7,12,1099.70,439.30,41.70,106.90,1.0000,-1,-1,-1
8,1,914.20,482.20,96.20,113.30,1.0000,-1,-1,-1
8,2,836.70,472.60,53.00,76.70,1.0000,-1,-1,-1
8,3,375.50,446.80,42.40,104.90,1.0000,-1,-1,-1
8,4,439.20,446.10,124.00,285.20,1.0000,-1,-1,-1
8,5,585.60,444.30,87.10,268.60,1.0000,-1,-1,-1
8,6,1388.50,411.30,155.00,389.40,1.0000,-1,-1,-1
8,7,796.40,475.10,56.10,62.80,1.0000,-1,-1,-1
8,8,1091.20,481.80,34.00,118.60,1.0000,-1,-1,-1
8,9,1054.20,485.60,38.80,108.40,1.0000,-1,-1,-1
8,10,1256.80,448.10,34.40,101.00,1.0000,-1,-1,-1
8,11,1013.90,434.20,41.40,114.30,1.0000,-1,-1,-1
8,12,1099.90,438.60,41.70,106.60,1.0000,-1,-1,-1
8,13,1483.50,417.40,145.50,366.10,1.0000,-1,-1,-1
9,1,914.30,482.40,96.10,113.00,1.0000,-1,-1,-1
9,2,836.20,472.70,53.70,76.80,1.0000,-1,-1,-1
9,3,375.50,446.50,41.90,105.30,1.0000,-1,-1,-1
9,4,441.30,447.00,125.50,282.40,1.0000,-1,-1,-1
9,5,584.30,443.10,88.40,270.50,1.0000,-1,-1,-1
9,6,1398.70,406.50,145.00,399.20,1.0000,-1,-1,-1
9,7,795.90,475.30,56.70,62.60,1.0000,-1,-1,-1
9,8,1091.20,481.80,33.80,117.90,1.0000,-1,-1,-1
9,9,1054.40,487.70,38.30,106.30,1.0000,-1,-1,-1
9,10,1256.70,447.30,34.90,101.80,1.0000,-1,-1,-1
9,11,1013.30,433.10,42.10,117.40,1.0000,-1,-1,-1
9,12,1099.40,438.70,42.00,107.70,1.0000,-1,-1,-1
9,13,1502.60,415.70,144.60,366.60,1.0000,-1,-1,-1
10,1,914.70,482.40,95.60,112.20,1.0000,-1,-1,-1
10,2,835.80,472.70,53.70,76.90,1.0000,-1,-1,-1
10,3,375.60,446.40,41.60,105.50,1.0000,-1,-1,-1
10,4,440.40,445.60,128.40,282.50,1.0000,-1,-1,-1
10,5,586.00,442.50,87.90,271.00,1.0000,-1,-1,-1
10,6,1419.30,405.00,127.40,404.60,1.0000,-1,-1,-1
10,7,796.20,475.00,56.90,62.80,1.0000,-1,-1,-1
10,8,1091.30,481.40,33.70,118.10,1.0000,-1,-1,-1
10,9,1055.00,485.80,38.60,108.40,1.0000,-1,-1,-1
10,10,1256.60,447.10,34.80,101.40,1.0000,-1,-1,-1
10,11,1013.80,434.10,42.20,113.60,1.0000,-1,-1,-1
10,12,1099.20,438.70,42.20,107.80,1.0000,-1,-1,-1
10,13,1505.60,419.60,149.90,359.50,1.0000,-1,-1,-1
11,1,914.00,482.30,97.20,112.50,1.0000,-1,-1,-1
11,2,835.80,472.60,53.70,77.10,1.0000,-1,-1,-1
11,3,376.30,447.20,41.60,104.50,1.0000,-1,-1,-1
11,4,441.20,446.40,127.90,282.40,1.0000,-1,-1,-1
11,5,586.80,443.60,86.10,271.00,1.0000,-1,-1,-1
11,6,1425.40,405.60,131.10,394.20,1.0000,-1,-1,-1
11,7,796.00,475.50,56.70,62.60,1.0000,-1,-1,-1
11,8,1090.50,483.80,34.20,117.10,1.0000,-1,-1,-1
11,9,1055.10,487.30,37.30,106.30,1.0000,-1,-1,-1
11,10,1257.00,446.90,34.80,101.60,1.0000,-1,-1,-1
11,11,1014.10,433.30,42.70,115.40,1.0000,-1,-1,-1
11,12,1099.40,438.20,41.70,108.50,1.0000,-1,-1,-1
11,13,1522.90,422.70,149.20,353.80,1.0000,-1,-1,-1
11,14,417.20,460.40,39.10,85.30,1.0000,-1,-1,-1
12,1,914.90,482.70,93.90,112.10,1.0000,-1,-1,-1
12,2,836.30,472.20,52.80,77.00,1.0000,-1,-1,-1
12,3,375.30,447.20,43.00,104.80,1.0000,-1,-1,-1
12,4,440.40,444.40,127.80,285.30,1.0000,-1,-1,-1
12,5,587.60,443.20,84.20,265.50,1.0000,-1,-1,-1
12,6,1435.60,405.90,132.30,400.90,1.0000,-1,-1,-1
12,7,796.30,475.00,55.70,63.00,1.0000,-1,-1,-1
12,8,1090.00,483.10,34.20,117.90,1.0000,-1,-1,-1
12,9,1055.20,485.90,38.30,108.10,1.0000,-1,-1,-1
12,10,1256.90,447.80,34.60,101.00,1.0000,-1,-1,-1
12,11,1014.00,434.50,42.10,115.10,1.0000,-1,-1,-1
12,12,1099.50,438.20,41.10,108.10,1.0000,-1,-1,-1
12,13,1531.10,424.20,143.70,355.70,1.0000,-1,-1,-1
12,14,416.60,458.30,41.60,86.40,1.0000,-1,-1,-1
12,15,1383.80,437.70,59.90,126.60,1.0000,-1,-1,-1
13,1,914.80,482.80,95.10,112.00,1.0000,-1,-1,-1
13,2,836.10,471.90,53.50,77.80,1.0000,-1,-1,-1
13,3,376.30,448.00,42.90,103.20,1.0000,-1,-1,-1
13,4,441.50,445.10,130.60,283.80,1.0000,-1,-1,-1
13,5,587.20,440.20,86.60,275.50,1.0000,-1,-1,-1
13,6,1445.20,403.60,133.00,398.10,1.0000,-1,-1,-1
13,7,796.00,475.20,56.00,62.80,1.0000,-1,-1,-1
13,8,1090.30,484.00,34.30,117.20,1.0000,-1,-1,-1
13,9,1054.70,485.70,38.00,107.90,1.0000,-1,-1,-1
13,10,1257.20,447.60,34.70,101.20,1.0000,-1,-1,-1
13,11,1013.80,434.90,42.40,112.90,1.0000,-1,-1,-1
13,12,1100.00,437.40,40.20,109.40,1.0000,-1,-1,-1
13,13,1540.10,426.90,145.30,364.10,1.0000,-1,-1,-1
13,14,416.50,458.90,39.00,87.00,1.0000,-1,-1,-1
13,15,1387.10,437.60,62.30,127.60,1.0000,-1,-1,-1
14,1,914.90,482.50,94.90,111.80,1.0000,-1,-1,-1
14,2,836.40,472.40,53.40,76.70,1.0000,-1,-1,-1
14,3,375.40,447.00,43.20,104.70,1.0000,-1,-1,-1
14,4,442.20,447.20,128.50,282.80,1.0000,-1,-1,-1
14,5,585.80,444.50,88.30,268.50,1.0000,-1,-1,-1
14,6,1443.20,396.70,148.30,408.90,1.0000,-1,-1,-1
14,7,796.50,475.20,55.70,62.60,1.0000,-1,-1,-1
14,8,1090.40,484.50,34.30,116.70,1.0000,-1,-1,-1
14,9,1055.40,485.40,38.00,109.50,1.0000,-1,-1,-1
14,10,1256.90,447.20,34.70,102.30,1.0000,-1,-1,-1
14,11,1012.80,435.30,42.00,114.20,1.0000,-1,-1,-1
14,12,1100.00,438.90,40.20,109.40,1.0000,-1,-1,-1
14,13,1545.80,412.10,148.50,378.60,1.0000,-1,-1,-1
14,14,417.00,458.10,40.00,86.40,1.0000,-1,-1,-1
14,15,1391.30,436.60,61.80,130.50,1.0000,-1,-1,-1
15,1,913.30,483.50,97.80,111.10,1.0000,-1,-1,-1
15,2,836.80,472.50,52.80,77.20,1.0000,-1,-1,-1
15,3,375.30,445.80,42.80,106.40,1.0000,-1,-1,-1
15,4,442.70,444.50,129.30,286.50,1.0000,-1,-1,-1
15,5,587.00,442.40,87.80,272.00,1.0000,-1,-1,-1
15,6,1448.40,405.40,162.10,396.80,1.0000,-1,-1,-1
15,7,795.90,476.10,56.10,61.10,1.0000,-1,-1,-1
15,8,1090.30,483.40,34.10,116.90,1.0000,-1,-1,-1
15,9,1056.20,485.50,37.20,109.80,1.0000,-1,-1,-1
15,10,1257.10,447.40,34.20,101.70,1.0000,-1,-1,-1
15,11,1013.70,434.20,42.90,116.10,1.0000,-1,-1,-1
15,12,1100.20,438.80,40.50,108.00,1.0000,-1,-1,-1
15,13,1556.70,412.20,152.90,382.90,1.0000,-1,-1,-1
15,14,417.90,458.00,39.90,85.00,1.0000,-1,-1,-1
15,15,1397.00,436.10,61.10,131.20,1.0000,-1,-1,-1
16,1,914.00,483.40,97.00,111.50,1.0000,-1,-1,-1
16,2,836.60,471.90,52.90,77.60,1.0000,-1,-1,-1
16,3,375.40,446.00,42.70,105.90,1.0000,-1,-1,-1
16,4,446.00,445.20,122.10,284.90,1.0000,-1,-1,-1
16,5,587.40,441.70,88.70,273.20,1.0000,-1,-1,-1
16,6,1453.90,408.70,179.70,400.60,1.0000,-1,-1,-1
16,7,795.30,475.50,56.20,61.50,1.0000,-1,-1,-1
16,8,1090.30,483.70,34.10,116.90,1.0000,-1,-1,-1
16,9,1056.60,486.90,35.90,107.00,1.0000,-1,-1,-1
16,10,1257.50,447.00,34.30,101.30,1.0000,-1,-1,-1
16,11,1013.00,434.40,43.10,117.40,1.0000,-1,-1,-1
16,12,1100.60,437.80,40.10,108.50,1.0000,-1,-1,-1
16,13,1563.70,419.80,155.50,384.00,1.0000,-1,-1,-1
16,14,417.00,459.10,41.20,84.60,1.0000,-1,-1,-1
16,15,1401.50,440.20,57.90,125.60,1.0000,-1,-1,-1
17,1,914.60,483.80,95.10,111.10,1.0000,-1,-1,-1
17,2,836.60,472.20,53.00,77.40,1.0000,-1,-1,-1
17,3,374.60,447.00,43.50,104.90,1.0000,-1,-1,-1
17,4,446.50,443.60,124.60,288.10,1.0000,-1,-1,-1
17,5,587.10,440.90,89.10,273.80,1.0000,-1,-1,-1
17,6,1453.10,411.30,202.20,406.50,1.0000,-1,-1,-1
17,7,795.80,475.70,56.30,61.70,1.0000,-1,-1,-1
17,8,1090.40,483.60,33.90,118.00,1.0000,-1,-1,-1
17,9,1055.70,486.60,36.70,107.60,1.0000,-1,-1,-1
17,10,1257.20,447.50,34.70,101.80,1.0000,-1,-1,-1
17,11,1013.30,435.80,43.20,115.90,1.0000,-1,-1,-1
17,12,1100.50,437.90,39.10,108.70,1.0000,-1,-1,-1
17,14,417.10,459.20,42.80,85.10,1.0000,-1,-1,-1
17,15,1405.00,437.50,58.40,129.70,1.0000,-1,-1,-1
18,1,914.80,483.50,94.80,111.50,1.0000,-1,-1,-1
18,2,836.70,472.30,53.10,77.10,1.0000,-1,-1,-1
18,3,374.50,446.30,43.40,105.90,1.0000,-1,-1,-1
18,4,447.00,442.90,125.00,288.80,1.0000,-1,-1,-1
18,5,587.10,441.10,90.30,274.80,1.0000,-1,-1,-1
18,6,1457.90,417.60,220.20,403.60,1.0000,-1,-1,-1
18,7,795.60,475.60,56.70,61.20,1.0000,-1,-1,-1
18,8,1090.30,483.70,34.20,118.00,1.0000,-1,-1,-1
18,9,1055.70,485.00,37.90,110.90,1.0000,-1,-1,-1
18,10,1257.30,447.00,34.80,101.70,1.0000,-1,-1,-1
18,11,1012.80,437.30,42.70,115.50,1.0000,-1,-1,-1
18,12,1099.80,438.60,39.60,109.20,1.0000,-1,-1,-1
18,14,417.60,458.80,41.40,86.00,1.0000,-1,-1,-1
18,15,1409.60,435.90,55.10,132.10,1.0000,-1,-1,-1
19,1,913.50,484.50,97.30,110.30,1.0000,-1,-1,-1
19,2,836.50,472.00,53.20,78.00,1.0000,-1,-1,-1
19,3,375.10,446.70,43.00,104.80,1.0000,-1,-1,-1
19,4,448.80,441.70,125.70,291.30,1.0000,-1,-1,-1
19,5,586.00,443.40,92.10,271.70,1.0000,-1,-1,-1
19,6,1459.30,410.50,225.90,412.90,1.0000,-1,-1,-1
19,7,795.90,476.00,56.80,61.20,1.0000,-1,-1,-1
19,8,1090.30,482.90,34.10,117.80,1.0000,-1,-1,-1
19,9,1054.90,485.90,38.20,108.90,1.0000,-1,-1,-1
19,10,1257.20,448.10,34.80,100.10,1.0000,-1,-1,-1
19,11,1013.30,437.70,42.30,113.40,1.0000,-1,-1,-1
19,12,1099.50,438.10,40.00,109.10,1.0000,-1,-1,-1
19,14,417.70,458.20,41.40,86.30,1.0000,-1,-1,-1
19,15,1413.00,435.00,54.40,132.00,1.0000,-1,-1,-1
20,1,913.90,484.70,96.20,110.00,1.0000,-1,-1,-1
20,2,836.00,472.20,53.70,77.80,1.0000,-1,-1,-1
20,3,375.20,446.30,42.90,106.10,1.0000,-1,-1,-1
20,4,450.50,442.20,123.80,291.60,1.0000,-1,-1,-1
20,5,587.20,442.90,91.40,270.30,1.0000,-1,-1,-1
20,6,1461.90,413.10,233.40,412.10,1.0000,-1,-1,-1
20,7,796.00,475.90,56.50,61.20,1.0000,-1,-1,-1
20,8,1091.00,481.90,33.60,117.00,1.0000,-1,-1,-1
20,9,1054.50,486.10,39.00,108.10,1.0000,-1,-1,-1
20,10,1257.00,448.50,34.80,99.70,1.0000,-1,-1,-1
20,11,1012.90,436.50,42.60,116.70,1.0000,-1,-1,-1
20,12,1099.70,437.40,39.80,111.20,1.0000,-1,-1,-1
20,14,418.00,456.70,41.20,87.40,1.0000,-1,-1,-1
20,15,1413.80,435.20,55.30,130.90,1.0000,-1,-1,-1
21,1,914.00,484.40,96.20,110.30,1.0000,-1,-1,-1
21,2,836.30,472.60,53.90,77.20,1.0000,-1,-1,-1
21,3,375.00,446.20,43.40,106.50,1.0000,-1,-1,-1
21,4,451.10,442.40,125.60,294.20,1.0000,-1,-1,-1
21,5,589.70,442.30,90.80,272.20,1.0000,-1,-1,-1
21,6,1460.70,414.70,240.90,408.00,1.0000,-1,-1,-1
21,7,796.00,476.10,57.00,60.40,1.0000,-1,-1,-1
21,8,1091.30,480.90,33.60,118.20,1.0000,-1,-1,-1
21,9,1056.90,485.70,37.20,111.00,1.0000,-1,-1,-1
21,10,1256.80,448.80,35.10,99.60,1.0000,-1,-1,-1
21,11,1012.10,436.60,43.60,117.80,1.0000,-1,-1,-1
21,12,1099.20,438.90,39.20,112.80,1.0000,-1,-1,-1
21,14,419.10,457.30,39.80,84.50,1.0000,-1,-1,-1
21,15,1417.70,438.00,55.20,127.30,1.0000,-1,-1,-1
22,1,914.00,483.80,97.10,111.60,1.0000,-1,-1,-1
22,2,836.50,472.60,53.60,77.40,1.0000,-1,-1,-1
22,3,375.10,446.20,43.20,106.40,1.0000,-1,-1,-1
22,4,452.90,440.60,121.90,295.90,1.0000,-1,-1,-1
22,5,589.80,443.60,91.70,270.40,1.0000,-1,-1,-1
22,6,1471.60,409.10,239.90,421.00,1.0000,-1,-1,-1
22,7,795.70,475.80,56.80,61.30,1.0000,-1,-1,-1
22,8,1090.80,481.50,33.80,117.50,1.0000,-1,-1,-1
22,9,1054.30,485.90,38.50,108.40,1.0000,-1,-1,-1
22,10,1256.90,448.50,34.80,100.10,1.0000,-1,-1,-1
22,11,1012.00,435.20,44.10,120.50,1.0000,-1,-1,-1
22,12,1098.60,439.20,40.40,111.20,1.0000,-1,-1,-1
22,14,418.20,457.40,42.10,85.40,1.0000,-1,-1,-1
22,15,1415.80,433.30,59.00,131.50,1.0000,-1,-1,-1
23,1,914.70,483.60,95.10,112.10,1.0000,-1,-1,-1
23,2,837.30,472.30,52.80,77.60,1.0000,-1,-1,-1
23,3,375.20,446.80,43.50,105.60,1.0000,-1,-1,-1
23,4,455.00,443.50,122.90,295.10,1.0000,-1,-1,-1
23,5,590.50,442.10,91.50,273.20,1.0000,-1,-1,-1
23,6,1473.40,413.80,233.60,416.60,1.0000,-1,-1,-1
23,7,795.50,475.60,56.60,61.00,1.0000,-1,-1,-1
23,8,1091.00,480.80,33.70,118.80,1.0000,-1,-1,-1
23,9,1054.60,485.70,38.30,108.80,1.0000,-1,-1,-1
23,10,1257.00,449.00,34.70,99.20,1.0000,-1,-1,-1
23,11,1010.50,434.40,45.40,123.20,1.0000,-1,-1,-1
23,12,1098.70,438.80,40.30,111.70,1.0000,-1,-1,-1
23,14,418.50,458.30,42.70,85.40,1.0000,-1,-1,-1
23,15,1415.30,432.70,64.20,129.80,1.0000,-1,-1,-1
24,1,914.80,483.50,95.20,111.90,1.0000,-1,-1,-1
24,2,837.10,472.30,53.00,77.80,1.0000,-1,-1,-1
24,3,375.30,446.40,43.30,106.00,1.0000,-1,-1,-1
24,4,457.60,444.40,121.20,293.40,1.0000,-1,-1,-1
24,5,591.60,445.50,93.10,270.20,1.0000,-1,-1,-1
24,6,1478.10,409.50,242.20,424.40,1.0000,-1,-1,-1
24,7,795.60,475.70,56.70,60.80,1.0000,-1,-1,-1
24,8,1090.70,482.80,33.80,117.50,1.0000,-1,-1,-1
24,9,1053.80,485.10,38.60,109.70,1.0000,-1,-1,-1
24,10,1256.60,448.80,34.90,100.10,1.0000,-1,-1,-1
24,11,1012.20,435.00,43.70,120.50,1.0000,-1,-1,-1
24,12,1098.90,439.10,40.10,110.30,1.0000,-1,-1,-1
24,14,418.50,457.30,43.00,86.30,1.0000,-1,-1,-1
24,15,1414.70,430.80,68.90,132.50,1.0000,-1,-1,-1
25,1,914.00,483.50,96.60,112.30,1.0000,-1,-1,-1
25,2,836.40,472.70,53.70,77.10,1.0000,-1,-1,-1
25,3,375.00,445.90,43.70,107.90,1.0000,-1,-1,-1
25,4,461.10,440.90,120.40,296.50,1.0000,-1,-1,-1
25,5,593.30,445.60,90.80,271.20,1.0000,-1,-1,-1
25,6,1486.90,404.50,227.60,422.40,1.0000,-1,-1,-1
25,7,794.90,475.90,57.30,61.30,1.0000,-1,-1,-1
25,8,1091.30,481.40,33.50,119.20,1.0000,-1,-1,-1
25,9,1053.90,483.90,38.50,112.00,1.0000,-1,-1,-1
25,10,1256.60,448.60,35.10,100.80,1.0000,-1,-1,-1
25,11,1012.40,437.00,42.10,117.50,1.0000,-1,-1,-1
25,12,1098.50,439.00,40.40,111.50,1.0000,-1,-1,-1
25,13,1628.80,413.50,146.40,391.90,1.0000,-1,-1,-1
25,14,417.90,457.00,42.40,87.20,1.0000,-1,-1,-1
25,15,1416.50,429.90,68.80,133.60,1.0000,-1,-1,-1
26,1,914.80,483.10,94.70,112.70,1.0000,-1,-1,-1
26,2,836.30,473.20,53.80,76.50,1.0000,-1,-1,-1
26,3,375.30,446.10,43.40,107.40,1.0000,-1,-1,-1
26,4,460.50,443.60,121.10,290.30,1.0000,-1,-1,-1
26,5,593.50,441.20,89.50,274.00,1.0000,-1,-1,-1
26,6,1504.00,403.70,218.60,428.40,1.0000,-1,-1,-1
26,7,795.80,475.70,57.20,62.00,1.0000,-1,-1,-1
26,8,1091.80,478.60,33.00,121.10,1.0000,-1,-1,-1
26,9,1053.90,483.60,39.10,112.10,1.0000,-1,-1,-1
26,10,1256.70,448.00,34.90,100.60,1.0000,-1,-1,-1
26,11,1012.30,436.80,43.30,117.90,1.0000,-1,-1,-1
26,12,1098.10,439.80,40.70,109.70,1.0000,-1,-1,-1
26,14,418.40,458.10,42.00,88.00,1.0000,-1,-1,-1
26,15,1420.90,429.10,68.70,133.30,1.0000,-1,-1,-1
27,1,914.50,483.20,95.50,112.50,1.0000,-1,-1,-1
27,2,836.00,473.10,53.90,76.30,1.0000,-1,-1,-1
27,3,375.60,446.20,42.70,107.20,1.0000,-1,-1,-1
27,4,463.90,445.40,118.80,293.90,1.0000,-1,-1,-1
27,5,595.20,443.00,89.80,272.20,1.0000,-1,-1,-1
27,6,1520.60,403.20,201.90,430.20,1.0000,-1,-1,-1
27,7,796.00,475.60,56.20,62.20,1.0000,-1,-1,-1
27,8,1091.70,478.80,33.00,119.90,1.0000,-1,-1,-1
27,9,1053.70,484.20,39.50,110.80,1.0000,-1,-1,-1
27,10,1256.60,448.60,34.60,99.70,1.0000,-1,-1,-1
27,11,1012.00,438.80,42.10,114.10,1.0000,-1,-1,-1
27,12,1098.40,440.00,40.30,109.60,1.0000,-1,-1,-1
27,14,418.20,457.40,42.50,89.80,1.0000,-1,-1,-1
27,15,1420.70,429.40,70.00,132.70,1.0000,-1,-1,-1
28,1,914.30,483.60,95.70,112.60,1.0000,-1,-1,-1
28,2,836.10,473.40,53.80,76.30,1.0000,-1,-1,-1
28,3,375.50,447.10,43.00,105.70,1.0000,-1,-1,-1
28,4,466.60,446.80,117.20,287.50,1.0000,-1,-1,-1
28,5,594.40,442.60,91.20,275.90,1.0000,-1,-1,-1
28,6,1533.10,407.10,204.20,422.30,1.0000,-1,-1,-1
28,7,795.80,475.50,57.00,62.30,1.0000,-1,-1,-1
28,8,1091.50,477.60,33.00,121.40,1.0000,-1,-1,-1
28,9,1055.60,486.20,38.00,107.70,1.0000,-1,-1,-1
28,10,1256.60,448.20,34.50,100.40,1.0000,-1,-1,-1
28,11,1012.00,437.60,42.90,116.80,1.0000,-1,-1,-1
28,12,1098.30,438.00,40.80,110.70,1.0000,-1,-1,-1
28,13,1665.50,421.10,147.70,388.70,1.0000,-1,-1,-1
28,14,418.20,458.70,42.00,88.30,1.0000,-1,-1,-1
28,15,1424.40,428.30,70.30,131.90,1.0000,-1,-1,-1
29,1,914.00,484.70,96.00,111.30,1.0000,-1,-1,-1
29,2,836.00,473.40,53.80,75.70,1.0000,-1,-1,-1
29,3,376.10,447.00,42.30,105.50,1.0000,-1,-1,-1
29,4,469.20,444.70,120.90,295.20,1.0000,-1,-1,-1
29,5,596.60,442.00,90.60,270.50,1.0000,-1,-1,-1
29,6,1555.00,397.70,186.90,437.70,1.0000,-1,-1,-1
29,7,795.50,475.10,56.80,62.70,1.0000,-1,-1,-1
29,8,1090.70,479.30,33.80,120.90,1.0000,-1,-1,-1
29,9,1055.00,485.20,38.60,108.90,1.0000,-1,-1,-1
29,10,1256.40,448.10,34.70,100.00,1.0000,-1,-1,-1
29,11,1011.60,437.50,43.70,118.40,1.0000,-1,-1,-1
29,12,1098.90,439.10,40.40,107.90,1.0000,-1,-1,-1
29,14,418.40,458.50,43.20,89.20,1.0000,-1,-1,-1
29,15,1429.90,430.60,67.30,130.50,1.0000,-1,-1,-1
30,1,914.00,485.30,95.80,110.30,1.0000,-1,-1,-1
30,2,836.00,473.50,54.00,75.90,1.0000,-1,-1,-1
30,3,375.40,446.90,42.80,105.80,1.0000,-1,-1,-1
30,4,471.60,446.30,120.30,288.90,1.0000,-1,-1,-1
30,5,598.30,441.90,90.90,275.50,1.0000,-1,-1,-1
30,6,1568.20,394.00,181.50,436.80,1.0000,-1,-1,-1
30,7,795.60,475.40,57.00,62.50,1.0000,-1,-1,-1
30,8,1090.60,481.50,33.80,118.50,1.0000,-1,-1,-1
30,9,1054.00,485.20,38.50,109.90,1.0000,-1,-1,-1
30,10,1256.70,448.40,34.60,99.50,1.0000,-1,-1,-1
30,11,1011.70,440.20,42.30,116.20,1.0000,-1,-1,-1
30,12,1098.80,439.20,40.20,109.50,1.0000,-1,-1,-1
30,13,1693.10,428.40,185.30,379.40,1.0000,-1,-1,-1
30,14,418.20,458.20,42.90,87.60,1.0000,-1,-1,-1
30,15,1435.50,431.10,63.70,130.00,1.0000,-1,-1,-1
31,1,913.90,484.70,96.40,110.60,1.0000,-1,-1,-1
31,2,835.60,472.80,54.00,76.50,1.0000,-1,-1,-1
31,3,375.90,447.20,42.10,104.90,1.0000,-1,-1,-1
31,4,472.00,442.00,117.70,292.10,1.0000,-1,-1,-1
31,5,598.70,443.70,90.90,275.20,1.0000,-1,-1,-1
31,6,1592.10,396.80,172.50,440.10,1.0000,-1,-1,-1
31,7,795.80,475.50,57.10,61.90,1.0000,-1,-1,-1
31,8,1091.10,480.60,34.00,120.00,1.0000,-1,-1,-1
31,9,1053.90,485.40,38.70,110.40,1.0000,-1,-1,-1
31,10,1257.00,447.90,34.70,100.30,1.0000,-1,-1,-1
31,11,1011.70,439.00,42.50,117.80,1.0000,-1,-1,-1
31,12,1098.40,438.90,39.90,111.90,1.0000,-1,-1,-1
31,13,1681.30,422.40,220.30,390.70,1.0000,-1,-1,-1
31,14,418.50,458.50,42.10,86.80,1.0000,-1,-1,-1
31,15,1440.30,431.10,62.30,129.20,1.0000,-1,-1,-1
32,1,913.80,484.30,97.60,111.00,1.0000,-1,-1,-1
32,2,835.50,472.60,54.20,77.20,1.0000,-1,-1,-1
32,3,375.80,447.00,42.00,105.50,1.0000,-1,-1,-1
32,4,473.50,445.80,114.50,297.30,1.0000,-1,-1,-1
32,5,600.70,445.20,89.50,275.00,1.0000,-1,-1,-1
32,6,1605.40,396.70,178.50,432.50,1.0000,-1,-1,-1
32,7,795.60,475.30,57.20,62.20,1.0000,-1,-1,-1
32,8,1090.80,480.90,34.60,120.30,1.0000,-1,-1,-1
32,9,1054.10,485.60,39.10,109.60,1.0000,-1,-1,-1
32,10,1257.30,448.60,34.60,99.80,1.0000,-1,-1,-1
32,11,1011.40,439.20,42.10,116.80,1.0000,-1,-1,-1
32,12,1098.30,439.00,40.90,111.20,1.0000,-1,-1,-1
32,13,1704.60,412.40,201.60,397.20,1.0000,-1,-1,-1
32,14,417.80,457.10,41.70,88.40,1.0000,-1,-1,-1
32,15,1444.00,432.10,63.00,129.20,1.0000,-1,-1,-1
33,1,914.20,483.60,95.90,111.90,1.0000,-1,-1,-1
33,2,835.20,473.00,53.90,76.50,1.0000,-1,-1,-1
33,3,375.40,446.50,42.60,106.10,1.0000,-1,-1,-1
33,4,474.50,445.00,118.30,290.10,1.0000,-1,-1,-1
33,5,604.30,443.60,89.00,275.90,1.0000,-1,-1,-1
33,6,1604.50,390.60,194.50,459.00,1.0000,-1,-1,-1
33,7,795.90,475.70,57.30,61.70,1.0000,-1,-1,-1
33,8,1090.70,479.90,34.00,120.30,1.0000,-1,-1,-1
33,9,1055.60,485.00,38.80,110.00,1.0000,-1,-1,-1
33,10,1256.90,448.50,35.20,100.40,1.0000,-1,-1,-1
33,11,1010.30,439.60,42.80,117.30,1.0000,-1,-1,-1
33,12,1098.50,440.00,40.70,107.70,1.0000,-1,-1,-1
33,14,418.20,457.20,42.20,88.40,1.0000,-1,-1,-1
33,15,1445.80,432.00,65.30,128.40,1.0000,-1,-1,-1
34,1,914.00,484.00,96.10,111.40,1.0000,-1,-1,-1
34,2,835.40,472.30,54.40,77.70,1.0000,-1,-1,-1
34,3,375.90,446.90,42.20,105.60,1.0000,-1,-1,-1
34,4,474.70,447.30,116.20,296.30,1.0000,-1,-1,-1
34,5,606.10,444.50,88.70,275.10,1.0000,-1,-1,-1
34,6,1619.00,392.60,207.80,459.70,1.0000,-1,-1,-1
34,7,795.90,475.80,56.70,61.90,1.0000,-1,-1,-1
34,8,1089.90,481.80,34.10,119.30,1.0000,-1,-1,-1
34,9,1055.00,484.10,38.60,110.70,1.0000,-1,-1,-1
34,10,1257.10,448.40,35.30,101.20,1.0000,-1,-1,-1
34,11,1009.80,440.00,43.00,119.70,1.0000,-1,-1,-1
34,12,1098.10,439.40,39.50,108.40,1.0000,-1,-1,-1
34,14,418.90,457.70,41.60,87.10,1.0000,-1,-1,-1
34,15,1447.90,430.30,64.30,130.90,1.0000,-1,-1,-1
35,1,912.90,483.50,97.80,112.00,1.0000,-1,-1,-1
35,2,836.30,471.90,54.00,79.30,1.0000,-1,-1,-1
35,3,375.30,446.50,42.30,106.00,1.0000,-1,-1,-1
35,4,475.80,445.60,114.70,297.90,1.0000,-1,-1,-1
35,5,604.60,443.10,90.40,275.40,1.0000,-1,-1,-1
35,6,1620.30,393.50,222.80,473.30,1.0000,-1,-1,-1
35,7,795.50,476.00,57.80,61.80,1.0000,-1,-1,-1
35,8,1089.80,484.20,34.40,116.90,1.0000,-1,-1,-1
35,9,1054.50,484.70,39.30,110.70,1.0000,-1,-1,-1
35,10,1257.10,448.60,35.30,100.70,1.0000,-1,-1,-1
35,11,1009.00,441.40,42.30,118.50,1.0000,-1,-1,-1
35,12,1097.70,439.80,39.70,108.90,1.0000,-1,-1,-1
35,14,418.70,457.70,42.00,87.70,1.0000,-1,-1,-1
35,15,1451.90,430.50,64.20,130.40,1.0000,-1,-1,-1
36,1,912.70,483.40,98.60,112.10,1.0000,-1,-1,-1
36,2,835.80,471.90,54.10,79.20,1.0000,-1,-1,-1
36,3,375.10,446.50,42.60,105.60,1.0000,-1,-1,-1
36,4,477.00,445.70,115.90,292.50,1.0000,-1,-1,-1
36,5,605.90,445.90,90.10,273.90,1.0000,-1,-1,-1
36,6,1626.00,390.40,232.10,478.90,1.0000,-1,-1,-1
36,7,795.20,476.30,56.30,61.40,1.0000,-1,-1,-1
36,8,1089.80,484.40,34.10,116.80,1.0000,-1,-1,-1
36,9,1054.10,484.40,39.80,110.40,1.0000,-1,-1,-1
36,10,1257.20,448.00,35.70,102.30,1.0000,-1,-1,-1
36,11,1009.10,440.80,42.60,118.60,1.0000,-1,-1,-1
36,12,1097.60,438.70,39.50,110.50,1.0000,-1,-1,-1
36,14,418.90,457.60,41.70,87.70,1.0000,-1,-1,-1
36,15,1451.90,428.90,63.20,132.80,1.0000,-1,-1,-1
37,1,913.30,483.60,97.20,112.20,1.0000,-1,-1,-1
37,2,835.10,472.20,54.60,78.90,1.0000,-1,-1,-1
37,3,375.10,446.50,43.00,105.60,1.0000,-1,-1,-1
37,4,479.90,443.90,114.40,301.50,1.0000,-1,-1,-1
37,5,608.50,442.00,88.30,276.70,1.0000,-1,-1,-1
37,6,1628.00,400.00,247.00,465.70,1.0000,-1,-1,-1
37,7,795.80,475.80,57.00,61.90,1.0000,-1,-1,-1
37,8,1090.20,483.60,33.70,117.40,1.0000,-1,-1,-1
37,9,1054.00,485.40,38.80,109.60,1.0000,-1,-1,-1
37,10,1257.80,448.50,35.20,100.50,1.0000,-1,-1,-1
37,11,1009.60,439.70,42.40,116.80,1.0000,-1,-1,-1
37,12,1097.40,439.70,39.00,112.70,1.0000,-1,-1,-1
37,14,418.20,457.30,42.20,88.10,1.0000,-1,-1,-1
37,15,1453.30,427.30,63.50,132.90,1.0000,-1,-1,-1
38,1,914.50,483.80,95.10,111.90,1.0000,-1,-1,-1
38,2,835.20,472.10,54.20,78.80,1.0000,-1,-1,-1
38,3,375.00,446.40,42.90,106.10,1.0000,-1,-1,-1
38,4,481.00,443.90,114.20,305.60,1.0000,-1,-1,-1
38,5,609.50,442.40,90.30,277.20,1.0000,-1,-1,-1
38,6,1635.10,399.10,245.90,466.50,1.0000,-1,-1,-1
38,7,795.70,475.10,56.70,62.70,1.0000,-1,-1,-1
38,8,1090.80,483.10,33.40,116.80,1.0000,-1,-1,-1
38,9,1053.90,485.30,39.20,109.40,1.0000,-1,-1,-1
38,10,1257.90,447.50,35.30,101.70,1.0000,-1,-1,-1
38,11,1009.60,440.60,43.00,118.40,1.0000,-1,-1,-1
38,12,1097.70,438.70,40.50,111.60,1.0000,-1,-1,-1
38,14,418.10,457.10,42.00,87.10,1.0000,-1,-1,-1
38,15,1453.70,427.80,64.30,131.50,1.0000,-1,-1,-1
39,1,914.20,484.00,95.60,111.70,1.0000,-1,-1,-1
39,2,835.10,472.60,54.70,77.70,1.0000,-1,-1,-1
39,3,374.60,446.00,43.40,106.30,1.0000,-1,-1,-1
39,4,479.50,445.10,114.40,303.40,1.0000,-1,-1,-1
39,5,611.90,441.60,88.80,277.80,1.0000,-1,-1,-1
39,6,1636.90,399.30,249.30,470.00,1.0000,-1,-1,-1
39,7,796.30,475.60,56.10,61.50,1.0000,-1,-1,-1
39,8,1091.10,481.80,33.20,117.30,1.0000,-1,-1,-1
39,9,1053.80,485.40,40.10,108.70,1.0000,-1,-1,-1
39,10,1258.10,447.30,35.40,102.70,1.0000,-1,-1,-1
39,11,1009.70,439.90,42.90,118.00,1.0000,-1,-1,-1
39,12,1098.00,436.60,40.00,112.90,1.0000,-1,-1,-1
39,14,417.70,457.20,43.00,86.50,1.0000,-1,-1,-1
39,15,1452.90,427.10,67.00,132.90,1.0000,-1,-1,-1
40,1,912.80,484.80,97.10,110.30,1.0000,-1,-1,-1
40,2,835.10,472.70,54.20,77.60,1.0000,-1,-1,-1
40,3,375.40,446.30,42.60,105.60,1.0000,-1,-1,-1
40,4,481.90,445.00,110.90,304.80,1.0000,-1,-1,-1
40,5,615.50,441.10,86.00,277.90,1.0000,-1,-1,-1
40,6,1642.60,399.50,258.30,478.10,1.0000,-1,-1,-1
40,7,796.00,475.50,56.20,61.90,1.0000,-1,-1,-1
40,8,1092.00,480.40,32.90,117.90,1.0000,-1,-1,-1
40,9,1053.90,485.50,40.10,109.50,1.0000,-1,-1,-1
40,10,1258.10,447.40,35.50,102.20,1.0000,-1,-1,-1
40,11,1009.40,440.50,43.20,116.70,1.0000,-1,-1,-1
40,12,1097.30,437.40,41.10,112.80,1.0000,-1,-1,-1
40,14,417.50,458.40,42.90,87.10,1.0000,-1,-1,-1
40,15,1455.80,427.90,66.90,131.50,1.0000,-1,-1,-1
41,1,913.60,484.20,96.10,110.90,1.0000,-1,-1,-1
41,2,834.90,472.80,54.60,77.10,1.0000,-1,-1,-1
41,3,374.90,446.30,43.30,105.90,1.0000,-1,-1,-1
41,4,482.50,446.60,110.50,295.00,1.0000,-1,-1,-1
41,5,614.80,442.90,87.50,275.70,1.0000,-1,-1,-1
41,6,1640.10,402.40,266.70,479.10,1.0000,-1,-1,-1
41,7,796.00,475.80,56.40,61.60,1.0000,-1,-1,-1
41,8,1091.20,481.20,33.20,117.60,1.0000,-1,-1,-1
41,9,1054.20,484.80,39.70,110.10,1.0000,-1,-1,-1
41,10,1258.40,446.90,35.40,102.70,1.0000,-1,-1,-1
41,11,1009.00,439.90,43.30,117.10,1.0000,-1,-1,-1
41,12,1097.20,436.90,41.20,113.90,1.0000,-1,-1,-1
41,14,418.10,457.80,42.60,86.60,1.0000,-1,-1,-1
41,15,1457.40,426.70,68.10,131.80,1.0000,-1,-1,-1
42,1,912.50,483.80,98.30,111.20,1.0000,-1,-1,-1
42,2,835.10,472.80,54.70,77.50,1.0000,-1,-1,-1
42,3,374.60,446.30,43.70,106.00,1.0000,-1,-1,-1
42,4,478.60,444.60,115.20,310.30,1.0000,-1,-1,-1
42,5,614.80,442.20,89.10,276.30,1.0000,-1,-1,-1
42,6,1646.80,399.30,260.80,476.10,1.0000,-1,-1,-1
42,7,796.10,475.70,55.80,61.50,1.0000,-1,-1,-1
42,8,1091.00,479.60,33.20,119.10,1.0000,-1,-1,-1
42,9,1054.60,485.10,39.00,109.10,1.0000,-1,-1,-1
42,10,1258.50,446.70,35.40,103.10,1.0000,-1,-1,-1
42,11,1009.10,439.10,42.60,116.90,1.0000,-1,-1,-1
42,12,1097.80,437.30,40.80,110.60,1.0000,-1,-1,-1
42,14,417.90,456.50,42.90,87.10,1.0000,-1,-1,-1
42,15,1459.40,426.60,66.90,131.50,1.0000,-1,-1,-1
43,1,913.20,483.60,97.30,111.70,1.0000,-1,-1,-1
43,2,835.20,472.70,54.90,77.90,1.0000,-1,-1,-1
43,3,374.40,445.70,43.70,107.10,1.0000,-1,-1,-1
43,4,480.70,444.50,113.60,311.20,1.0000,-1,-1,-1
43,5,615.10,442.10,88.60,276.80,1.0000,-1,-1,-1
43,6,1648.30,401.10,272.50,479.90,1.0000,-1,-1,-1
43,7,795.80,475.90,56.70,61.00,1.0000,-1,-1,-1
43,8,1090.40,480.80,33.40,119.70,1.0000,-1,-1,-1
43,9,1054.80,485.40,38.80,110.30,1.0000,-1,-1,-1
43,10,1258.50,447.20,35.30,102.00,1.0000,-1,-1,-1
43,11,1009.40,439.00,42.20,116.80,1.0000,-1,-1,-1
43,12,1097.80,437.10,40.30,110.20,1.0000,-1,-1,-1
43,14,417.80,456.80,42.20,86.80,1.0000,-1,-1,-1
43,15,1461.90,426.70,66.50,131.30,1.0000,-1,-1,-1
44,1,912.90,483.70,97.90,111.50,1.0000,-1,-1,-1
44,2,835.20,472.80,54.80,77.50,1.0000,-1,-1,-1
44,3,374.20,445.90,43.70,106.80,1.0000,-1,-1,-1
44,4,479.50,443.90,114.30,316.10,1.0000,-1,-1,-1
44,5,617.70,443.00,89.10,275.40,1.0000,-1,-1,-1
44,6,1668.50,391.60,252.50,487.80,1.0000,-1,-1,-1
44,7,795.90,475.70,56.70,61.50,1.0000,-1,-1,-1
44,8,1090.20,480.50,33.60,119.70,1.0000,-1,-1,-1
44,9,1055.00,484.80,38.90,110.50,1.0000,-1,-1,-1
44,10,1258.50,447.10,35.40,102.10,1.0000,-1,-1,-1
44,11,1008.90,439.80,42.30,116.80,1.0000,-1,-1,-1
44,12,1097.40,437.40,40.80,110.10,1.0000,-1,-1,-1
44,14,417.80,456.90,42.40,87.00,1.0000,-1,-1,-1
44,15,1465.40,429.40,63.70,128.90,1.0000,-1,-1,-1
45,1,912.50,483.00,99.10,112.00,1.0000,-1,-1,-1
45,2,835.70,472.80,54.30,76.90,1.0000,-1,-1,-1
45,3,374.50,446.50,43.60,105.40,1.0000,-1,-1,-1
45,4,480.50,444.90,112.10,312.70,1.0000,-1,-1,-1
45,5,618.10,441.10,89.90,277.70,1.0000,-1,-1,-1
45,6,1686.20,392.20,234.80,487.80,1.0000,-1,-1,-1
45,7,795.90,476.40,57.20,60.40,1.0000,-1,-1,-1
45,8,1090.70,480.80,33.50,118.30,1.0000,-1,-1,-1
45,9,1053.00,483.70,40.90,111.90,1.0000,-1,-1,-1
45,10,1258.90,447.10,35.40,102.20,1.0000,-1,-1,-1
45,11,1008.10,441.20,41.40,114.70,1.0000,-1,-1,-1
45,12,1097.20,436.20,41.60,110.30,1.0000,-1,-1,-1
45,14,417.60,457.50,42.80,87.20,1.0000,-1,-1,-1
45,15,1469.30,429.10,63.40,130.10,1.0000,-1,-1,-1
45,16,584.50,462.70,34.10,131.50,1.0000,-1,-1,-1
46,1,912.60,483.90,98.60,111.10,1.0000,-1,-1,-1
46,2,836.00,473.00,54.40,77.00,1.0000,-1,-1,-1
46,3,374.40,445.70,44.00,106.30,1.0000,-1,-1,-1
46,4,477.50,446.10,114.80,308.60,1.0000,-1,-1,-1
46,5,615.80,442.00,93.60,275.30,1.0000,-1,-1,-1
46,6,1697.70,382.80,223.30,491.90,1.0000,-1,-1,-1
46,7,796.30,476.60,56.60,60.70,1.0000,-1,-1,-1
46,8,1090.00,481.80,33.70,117.60,1.0000,-1,-1,-1
46,9,1054.90,483.80,38.80,111.00,1.0000,-1,-1,-1
46,10,1259.20,446.30,35.50,102.80,1.0000,-1,-1,-1
46,11,1008.00,441.60,41.70,115.10,1.0000,-1,-1,-1
46,12,1096.90,435.60,41.70,111.30,1.0000,-1,-1,-1
46,14,418.30,457.00,42.80,87.80,1.0000,-1,-1,-1
46,15,1473.90,428.40,61.60,129.20,1.0000,-1,-1,-1
46,16,583.70,457.10,39.50,138.40,1.0000,-1,-1,-1
47,1,912.60,482.80,98.80,111.90,1.0000,-1,-1,-1
47,2,835.70,472.60,53.80,77.50,1.0000,-1,-1,-1
47,3,374.50,445.90,43.60,105.70,1.0000,-1,-1,-1
47,4,477.60,445.00,114.60,316.20,1.0000,-1,-1,-1
47,5,619.40,441.30,88.80,277.90,1.0000,-1,-1,-1
47,6,1724.60,384.90,196.40,490.00,1.0000,-1,-1,-1
47,7,796.20,476.40,56.00,60.60,1.0000,-1,-1,-1
47,8,1090.80,481.80,33.10,116.90,1.0000,-1,-1,-1
47,9,1054.30,483.90,38.60,110.80,1.0000,-1,-1,-1
47,10,1259.70,446.10,35.00,102.80,1.0000,-1,-1,-1
47,11,1007.40,441.90,41.40,113.50,1.0000,-1,-1,-1
47,12,1097.80,435.90,40.80,109.50,1.0000,-1,-1,-1
47,14,418.30,457.20,42.20,87.80,1.0000,-1,-1,-1
47,15,1480.00,430.00,59.00,125.60,1.0000,-1,-1,-1
47,16,581.60,456.20,41.90,137.80,1.0000,-1,-1,-1
48,1,912.90,483.00,99.30,111.60,1.0000,-1,-1,-1
48,2,835.90,472.80,53.80,77.30,1.0000,-1,-1,-1
48,3,374.60,446.10,43.70,106.00,1.0000,-1,-1,-1
48,4,477.40,443.60,115.40,312.70,1.0000,-1,-1,-1
48,5,621.10,441.40,89.90,277.40,1.0000,-1,-1,-1
48,6,1740.30,398.70,180.70,474.00,1.0000,-1,-1,-1
48,7,796.40,475.30,56.50,61.30,1.0000,-1,-1,-1
48,8,1092.40,478.20,32.50,119.70,1.0000,-1,-1,-1
48,9,1055.30,483.80,38.20,112.60,1.0000,-1,-1,-1
48,10,1260.70,445.80,34.80,103.80,1.0000,-1,-1,-1
48,11,1006.80,442.30,41.70,115.10,1.0000,-1,-1,-1
48,12,1098.10,436.10,41.00,109.30,1.0000,-1,-1,-1
48,14,418.30,457.80,44.30,88.00,1.0000,-1,-1,-1
48,15,1484.20,428.50,57.50,129.40,1.0000,-1,-1,-1
48,16,581.70,454.60,42.00,137.00,1.0000,-1,-1,-1
49,1,913.20,483.20,98.40,111.60,1.0000,-1,-1,-1
49,2,835.90,472.80,53.70,77.00,1.0000,-1,-1,-1
49,3,374.80,445.20,43.40,107.60,1.0000,-1,-1,-1
49,4,478.90,440.90,113.90,315.40,1.0000,-1,-1,-1
49,5,622.80,444.20,89.70,274.60,1.0000,-1,-1,-1
49,6,1762.50,392.70,158.50,478.50,1.0000,-1,-1,-1
49,7,795.60,474.90,56.30,61.70,1.0000,-1,-1,-1
49,8,1091.30,481.50,33.10,117.60,1.0000,-1,-1,-1
49,9,1053.50,483.30,38.80,111.60,1.0000,-1,-1,-1
49,10,1260.50,445.70,35.30,103.70,1.0000,-1,-1,-1
49,11,1007.60,442.90,41.80,114.30,1.0000,-1,-1,-1
49,12,1098.60,437.20,40.50,109.00,1.0000,-1,-1,-1
49,14,418.60,457.00,42.90,88.40,1.0000,-1,-1,-1
49,15,1489.10,429.80,56.40,129.60,1.0000,-1,-1,-1
49,16,580.30,454.20,43.50,136.00,1.0000,-1,-1,-1
50,1,912.80,483.90,98.60,110.90,1.0000,-1,-1,-1
50,2,835.80,472.90,53.70,76.80,1.0000,-1,-1,-1
50,3,374.30,445.80,43.90,106.90,1.0000,-1,-1,-1
50,4,480.10,441.70,112.00,314.80,1.0000,-1,-1,-1
50,5,624.00,444.50,89.30,274.00,1.0000,-1,-1,-1
50,6,1777.70,391.10,143.30,477.80,1.0000,-1,-1,-1
50,7,795.60,475.40,57.10,61.30,1.0000,-1,-1,-1
50,8,1091.70,478.70,33.10,120.20,1.0000,-1,-1,-1
50,9,1053.90,483.20,38.80,112.20,1.0000,-1,-1,-1
50,10,1260.50,446.10,35.40,102.70,1.0000,-1,-1,-1
50,11,1008.80,443.70,40.40,111.60,1.0000,-1,-1,-1
50,12,1099.00,437.90,40.60,106.70,1.0000,-1,-1,-1
50,14,418.30,456.20,43.30,89.80,1.0000,-1,-1,-1
50,15,1491.30,430.40,55.80,131.70,1.0000,-1,-1,-1
50,16,580.50,453.60,44.00,135.60,1.0000,-1,-1,-1
51,1,913.40,483.70,97.80,111.40,1.0000,-1,-1,-1
51,2,836.10,472.70,53.80,76.90,1.0000,-1,-1,-1
51,3,374.90,445.40,43.40,106.80,1.0000,-1,-1,-1
51,4,478.30,440.40,118.70,321.80,1.0000,-1,-1,-1
51,5,624.30,449.90,88.80,267.50,1.0000,-1,-1,-1
51,6,1787.00,381.60,134.00,494.50,1.0000,-1,-1,-1
51,7,795.60,474.80,56.40,62.70,1.0000,-1,-1,-1
51,8,1090.40,482.60,33.80,117.00,1.0000,-1,-1,-1
51,9,1054.50,483.60,38.50,111.40,1.0000,-1,-1,-1
51,10,1260.80,446.60,34.90,102.60,1.0000,-1,-1,-1
51,11,1008.50,443.50,41.30,113.50,1.0000,-1,-1,-1
51,12,1098.40,437.70,40.60,107.90,1.0000,-1,-1,-1
51,14,418.00,456.90,43.30,88.60,1.0000,-1,-1,-1
51,15,1495.00,429.90,55.10,131.30,1.0000,-1,-1,-1
51,16,583.00,455.00,41.60,134.00,1.0000,-1,-1,-1
52,1,912.90,483.30,98.30,111.60,1.0000,-1,-1,-1
52,2,835.50,472.80,54.00,76.20,1.0000,-1,-1,-1
52,3,374.30,445.00,43.80,107.50,1.0000,-1,-1,-1
52,4,478.00,440.10,117.30,320.80,1.0000,-1,-1,-1
52,5,623.90,444.10,90.40,275.20,1.0000,-1,-1,-1
52,7,796.20,475.10,55.80,62.00,1.0000,-1,-1,-1
52,8,1091.70,479.10,33.20,119.00,1.0000,-1,-1,-1
52,9,1055.00,483.30,38.50,110.60,1.0000,-1,-1,-1
52,10,1260.60,446.80,35.20,101.40,1.0000,-1,-1,-1
52,11,1008.60,443.40,41.70,114.80,1.0000,-1,-1,-1
52,12,1097.70,437.70,41.30,110.30,1.0000,-1,-1,-1
52,14,418.50,456.30,43.20,88.90,1.0000,-1,-1,-1
52,15,1498.00,430.00,54.00,131.30,1.0000,-1,-1,-1
52,16,581.30,452.80,43.60,136.50,1.0000,-1,-1,-1
53,1,913.40,482.50,97.60,112.50,1.0000,-1,-1,-1
53,2,836.40,472.80,53.50,76.60,1.0000,-1,-1,-1
53,3,374.30,444.60,44.30,108.10,1.0000,-1,-1,-1
53,4,479.30,442.50,116.10,316.80,1.0000,-1,-1,-1
53,5,624.00,448.20,87.80,269.60,1.0000,-1,-1,-1
53,7,796.40,474.90,56.10,62.80,1.0000,-1,-1,-1
53,8,1091.40,482.40,33.20,115.10,1.0000,-1,-1,-1
53,9,1054.50,485.00,39.60,109.30,1.0000,-1,-1,-1
53,10,1260.30,446.80,35.20,101.90,1.0000,-1,-1,-1
53,11,1006.70,442.50,43.10,115.00,1.0000,-1,-1,-1
53,12,1096.20,435.90,42.50,111.90,1.0000,-1,-1,-1
53,14,418.40,456.40,42.70,88.20,1.0000,-1,-1,-1
53,15,1497.70,428.70,56.00,132.70,1.0000,-1,-1,-1
53,16,580.90,452.60,43.50,134.70,1.0000,-1,-1,-1
54,1,914.20,482.90,96.60,112.00,1.0000,-1,-1,-1
54,2,836.30,473.30,54.00,76.30,1.0000,-1,-1,-1
54,3,374.70,445.00,43.80,107.40,1.0000,-1,-1,-1
54,4,477.40,442.60,121.50,316.40,1.0000,-1,-1,-1
54,5,623.60,448.90,88.30,269.30,1.0000,-1,-1,-1
54,7,796.60,475.30,56.30,62.60,1.0000,-1,-1,-1
54,8,1091.60,479.00,33.10,118.70,1.0000,-1,-1,-1
54,9,1053.00,484.60,39.50,110.80,1.0000,-1,-1,-1
54,10,1260.30,446.50,35.50,102.10,1.0000,-1,-1,-1
54,11,1007.10,444.30,41.60,114.50,1.0000,-1,-1,-1
54,12,1097.30,435.70,40.80,113.30,1.0000,-1,-1,-1
54,14,418.40,457.40,42.20,87.40,1.0000,-1,-1,-1
54,15,1501.00,431.20,54.70,130.10,1.0000,-1,-1,-1
54,16,582.70,454.30,41.70,133.90,1.0000,-1,-1,-1
55,1,914.50,482.70,96.80,112.20,1.0000,-1,-1,-1
55,2,836.00,473.00,54.10,76.30,1.0000,-1,-1,-1
55,3,374.80,445.00,43.60,107.50,1.0000,-1,-1,-1
55,4,477.00,444.40,123.90,314.30,1.0000,-1,-1,-1
55,5,623.40,446.10,89.00,271.10,1.0000,-1,-1,-1
55,7,796.10,475.70,57.50,61.90,1.0000,-1,-1,-1
55,8,1091.50,479.50,33.50,117.90,1.0000,-1,-1,-1
55,9,1052.70,484.80,39.60,109.10,1.0000,-1,-1,-1
55,10,1260.60,446.70,35.20,101.60,1.0000,-1,-1,-1
55,11,1007.50,444.10,41.40,115.60,1.0000,-1,-1,-1
55,12,1097.60,435.70,40.10,113.60,1.0000,-1,-1,-1
55,14,418.50,457.40,42.00,86.70,1.0000,-1,-1,-1
55,15,1504.40,432.20,55.10,126.10,1.0000,-1,-1,-1
55,16,585.10,456.60,38.40,134.00,1.0000,-1,-1,-1
56,1,914.60,482.90,96.60,112.40,1.0000,-1,-1,-1
56,2,836.50,472.60,53.70,77.30,1.0000,-1,-1,-1
56,3,374.90,445.10,43.50,107.30,1.0000,-1,-1,-1
56,4,477.30,442.60,127.20,320.00,1.0000,-1,-1,-1
56,5,622.00,446.20,90.80,276.10,1.0000,-1,-1,-1
56,7,796.70,475.80,57.20,61.70,1.0000,-1,-1,-1
56,8,1091.20,482.60,34.20,114.80,1.0000,-1,-1,-1
56,9,1053.60,484.60,39.20,108.80,1.0000,-1,-1,-1
56,10,1260.80,446.20,35.00,102.60,1.0000,-1,-1,-1
56,11,1006.90,442.90,41.40,115.60,1.0000,-1,-1,-1
56,12,1097.40,435.40,40.60,113.40,1.0000,-1,-1,-1
56,14,418.50,457.40,42.20,87.80,1.0000,-1,-1,-1
56,15,1507.30,433.00,54.90,125.60,1.0000,-1,-1,-1
56,16,585.20,456.20,37.00,135.50,1.0000,-1,-1,-1
57,1,914.30,483.70,96.10,111.70,1.0000,-1,-1,-1
57,2,836.20,472.50,53.50,77.50,1.0000,-1,-1,-1
57,3,374.50,445.10,44.00,107.20,1.0000,-1,-1,-1
57,4,481.80,446.50,123.80,311.40,1.0000,-1,-1,-1
57,5,622.90,444.60,92.30,278.30,1.0000,-1,-1,-1
57,7,797.70,476.10,56.20,61.30,1.0000,-1,-1,-1
57,8,1090.40,481.70,34.60,115.10,1.0000,-1,-1,-1
57,9,1054.90,485.20,39.30,109.00,1.0000,-1,-1,-1
57,10,1260.80,446.20,35.30,102.30,1.0000,-1,-1,-1
57,11,1006.70,443.10,41.70,114.90,1.0000,-1,-1,-1
57,12,1096.70,434.90,41.80,114.20,1.0000,-1,-1,-1
57,14,418.60,457.50,41.50,86.60,1.0000,-1,-1,-1
57,15,1511.00,433.60,52.50,124.50,1.0000,-1,-1,-1
57,16,587.90,457.90,37.00,133.80,1.0000,-1,-1,-1
58,1,913.70,483.90,97.50,111.50,1.0000,-1,-1,-1
58,2,835.90,472.60,54.20,77.40,1.0000,-1,-1,-1
58,3,375.10,445.20,43.20,106.50,1.0000,-1,-1,-1
58,4,478.40,442.60,129.30,318.80,1.0000,-1,-1,-1
58,5,623.70,441.90,91.70,282.20,1.0000,-1,-1,-1
58,7,798.00,475.80,56.30,61.40,1.0000,-1,-1,-1
58,8,1091.10,480.40,34.00,117.40,1.0000,-1,-1,-1
58,9,1053.70,485.40,39.30,108.30,1.0000,-1,-1,-1
58,10,1261.10,446.40,34.80,102.80,1.0000,-1,-1,-1
58,11,1006.20,442.60,41.40,115.20,1.0000,-1,-1,-1
58,12,1098.00,435.20,41.00,114.60,1.0000,-1,-1,-1
58,14,418.20,458.30,42.70,86.50,1.0000,-1,-1,-1
58,15,1512.10,433.00,53.90,126.00,1.0000,-1,-1,-1
59,1,913.80,484.20,97.80,110.90,1.0000,-1,-1,-1
59,2,836.20,472.80,53.30,77.20,1.0000,-1,-1,-1
59,3,375.30,445.70,43.10,106.70,1.0000,-1,-1,-1
59,4,481.00,443.00,128.70,318.50,1.0000,-1,-1,-1
59,5,624.20,442.40,90.30,281.50,1.0000,-1,-1,-1
59,7,797.60,475.10,56.00,62.70,1.0000,-1,-1,-1
59,8,1091.60,477.70,33.70,119.70,1.0000,-1,-1,-1
59,9,1054.40,484.80,39.20,108.80,1.0000,-1,-1,-1
59,10,1261.10,446.10,35.30,103.00,1.0000,-1,-1,-1
59,11,1005.50,442.50,41.60,113.00,1.0000,-1,-1,-1
59,12,1097.90,435.80,41.00,113.50,1.0000,-1,-1,-1
59,14,418.40,458.00,43.40,87.80,1.0000,-1,-1,-1
59,15,1515.90,432.60,55.40,125.80,1.0000,-1,-1,-1
60,1,913.30,484.50,97.80,110.20,1.0000,-1,-1,-1
60,2,836.40,473.30,53.80,76.90,1.0000,-1,-1,-1
60,3,374.50,445.00,43.70,107.10,1.0000,-1,-1,-1
60,4,482.70,443.70,128.70,319.80,1.0000,-1,-1,-1
60,5,622.30,447.20,91.20,279.50,1.0000,-1,-1,-1
60,7,797.60,475.20,56.30,63.10,1.0000,-1,-1,-1
60,8,1090.10,481.70,34.90,116.30,1.0000,-1,-1,-1
60,9,1055.20,484.00,39.20,109.40,1.0000,-1,-1,-1
60,10,1261.00,446.20,35.30,103.10,1.0000,-1,-1,-1
60,11,1005.60,441.90,40.70,114.80,1.0000,-1,-1,-1
60,12,1097.20,436.10,42.40,112.60,1.0000,-1,-1,-1
60,14,418.60,457.30,42.60,85.80,1.0000,-1,-1,-1
60,15,1518.80,433.40,53.40,123.20,1.0000,-1,-1,-1
60,18,688.30,456.20,75.60,219.80,1.0000,-1,-1,-1
61,1,914.00,483.90,96.90,111.80,1.0000,-1,-1,-1
61,2,836.40,471.40,53.10,80.00,1.0000,-1,-1,-1
61,3,374.40,444.60,43.50,107.90,1.0000,-1,-1,-1
61,4,483.10,443.00,129.40,324.50,1.0000,-1,-1,-1
61,5,624.30,443.10,89.30,283.00,1.0000,-1,-1,-1
61,7,797.30,475.70,56.30,62.20,1.0000,-1,-1,-1
61,8,1087.60,479.20,34.60,113.40,1.0000,-1,-1,-1
61,9,1055.10,483.90,39.10,109.90,1.0000,-1,-1,-1
61,10,1260.50,445.90,36.30,102.30,1.0000,-1,-1,-1
61,11,1005.70,440.50,40.50,114.50,1.0000,-1,-1,-1
61,12,1096.60,436.00,42.40,115.40,1.0000,-1,-1,-1
61,14,418.70,458.50,42.40,85.30,1.0000,-1,-1,-1
61,15,1521.10,429.50,53.50,127.60,1.0000,-1,-1,-1
61,18,689.20,456.70,75.50,221.60,1.0000,-1,-1,-1
62,1,913.30,483.70,97.20,111.10,1.0000,-1,-1,-1
62,2,836.70,471.60,52.70,79.90,1.0000,-1,-1,-1
62,3,374.30,446.00,44.30,106.20,1.0000,-1,-1,-1
62,4,485.90,444.20,130.10,324.10,1.0000,-1,-1,-1
62,5,620.30,449.70,91.30,277.00,1.0000,-1,-1,-1
62,7,796.50,475.10,56.60,63.30,1.0000,-1,-1,-1
62,8,1089.70,479.10,34.50,117.60,1.0000,-1,-1,-1
62,9,1055.00,484.00,39.20,109.60,1.0000,-1,-1,-1
62,10,1260.00,446.50,36.10,101.90,1.0000,-1,-1,-1
62,11,1004.40,440.80,41.60,114.90,1.0000,-1,-1,-1
62,12,1096.00,436.50,41.30,113.30,1.0000,-1,-1,-1
62,14,418.10,458.10,42.60,84.50,1.0000,-1,-1,-1
62,15,1523.80,431.30,52.20,125.90,1.0000,-1,-1,-1
62,18,687.70,456.40,78.10,223.20,1.0000,-1,-1,-1
63,1,913.10,484.10,97.50,111.60,1.0000,-1,-1,-1
63,2,836.60,472.00,53.50,78.80,1.0000,-1,-1,-1
63,3,374.70,446.10,43.50,106.00,1.0000,-1,-1,-1
63,4,487.10,442.60,133.70,327.50,1.0000,-1,-1,-1
63,5,620.50,446.20,92.30,281.00,1.0000,-1,-1,-1
63,7,796.30,475.90,56.80,63.30,1.0000,-1,-1,-1
63,8,1089.60,482.00,34.30,115.90,1.0000,-1,-1,-1
63,9,1055.20,483.80,38.80,110.50,1.0000,-1,-1,-1
63,10,1260.30,446.90,35.80,101.70,1.0000,-1,-1,-1
63,11,1004.60,442.00,41.50,114.60,1.0000,-1,-1,-1
63,12,1096.10,438.80,41.30,110.00,1.0000,-1,-1,-1
63,14,418.80,457.80,41.70,85.60,1.0000,-1,-1,-1
63,15,1526.20,430.70,52.10,125.20,1.0000,-1,-1,-1
63,18,690.30,456.40,77.00,221.50,1.0000,-1,-1,-1
64,1,912.40,484.20,98.40,112.00,1.0000,-1,-1,-1
64,2,836.20,472.00,53.80,78.80,1.0000,-1,-1,-1
64,3,374.10,446.10,43.60,106.00,1.0000,-1,-1,-1
64,4,487.40,444.20,134.70,324.60,1.0000,-1,-1,-1
64,5,622.90,445.90,89.80,282.70,1.0000,-1,-1,-1
64,7,795.80,475.20,56.40,64.30,1.0000,-1,-1,-1
64,8,1089.60,482.40,34.50,115.60,1.0000,-1,-1,-1
64,9,1054.50,483.50,39.40,111.20,1.0000,-1,-1,-1
64,10,1260.40,446.20,35.80,101.90,1.0000,-1,-1,-1
64,11,1004.40,440.70,41.80,114.70,1.0000,-1,-1,-1
64,12,1096.70,438.30,40.80,111.20,1.0000,-1,-1,-1
64,14,418.70,458.10,42.20,85.40,1.0000,-1,-1,-1
64,15,1528.00,427.90,52.90,128.20,1.0000,-1,-1,-1
64,18,691.60,457.20,75.20,221.80,1.0000,-1,-1,-1
65,1,912.30,484.40,97.80,111.20,1.0000,-1,-1,-1
65,2,835.70,472.40,54.20,78.60,1.0000,-1,-1,-1
65,3,374.80,447.20,42.80,103.80,1.0000,-1,-1,-1
65,4,490.60,442.90,134.50,327.90,1.0000,-1,-1,-1
65,5,622.20,446.70,89.90,282.60,1.0000,-1,-1,-1
65,7,796.40,474.90,56.40,63.90,1.0000,-1,-1,-1
65,8,1089.20,481.00,34.80,117.30,1.0000,-1,-1,-1
65,9,1053.70,481.60,39.40,112.60,1.0000,-1,-1,-1
65,10,1260.00,446.80,36.20,101.30,1.0000,-1,-1,-1
65,11,1003.30,441.20,43.00,115.80,1.0000,-1,-1,-1
65,12,1096.40,439.70,40.20,111.40,1.0000,-1,-1,-1
65,14,419.30,458.70,42.00,85.10,1.0000,-1,-1,-1
65,15,1531.40,431.00,51.60,125.20,1.0000,-1,-1,-1
65,18,692.20,456.70,75.70,219.60,1.0000,-1,-1,-1
66,1,912.30,483.80,97.80,111.80,1.0000,-1,-1,-1
66,2,835.90,472.60,53.70,78.40,1.0000,-1,-1,-1
66,3,374.60,447.10,43.10,104.40,1.0000,-1,-1,-1
66,4,491.20,448.10,136.40,317.00,1.0000,-1,-1,-1
66,5,621.10,444.60,91.70,286.60,1.0000,-1,-1,-1
66,7,796.70,474.90,56.40,63.90,1.0000,-1,-1,-1
66,8,1088.80,482.30,35.10,116.20,1.0000,-1,-1,-1
66,9,1054.90,481.30,38.90,113.80,1.0000,-1,-1,-1
66,10,1260.40,446.70,35.50,101.30,1.0000,-1,-1,-1
66,11,1004.30,441.70,42.10,114.60,1.0000,-1,-1,-1
66,12,1095.90,440.80,41.00,108.10,1.0000,-1,-1,-1
66,14,418.90,458.20,40.90,84.70,1.0000,-1,-1,-1
66,15,1533.60,430.10,52.30,127.10,1.0000,-1,-1,-1
66,18,692.90,456.90,74.00,221.40,1.0000,-1,-1,-1
67,1,912.10,484.00,98.30,111.70,1.0000,-1,-1,-1
67,2,836.00,472.70,53.80,77.90,1.0000,-1,-1,-1
67,3,374.20,447.00,43.10,105.00,1.0000,-1,-1,-1
67,4,497.00,441.90,131.90,324.10,1.0000,-1,-1,-1
67,5,620.50,447.60,90.90,283.40,1.0000,-1,-1,-1
67,7,797.00,475.10,55.80,63.60,1.0000,-1,-1,-1
67,8,1089.30,481.50,35.00,117.30,1.0000,-1,-1,-1
67,9,1053.70,480.90,39.40,113.60,1.0000,-1,-1,-1
67,10,1260.30,446.60,35.60,101.60,1.0000,-1,-1,-1
67,11,1004.70,441.30,41.70,113.60,1.0000,-1,-1,-1
67,12,1096.50,439.00,40.50,108.80,1.0000,-1,-1,-1
67,14,419.10,457.70,41.50,85.90,1.0000,-1,-1,-1
67,15,1535.80,431.80,51.30,125.20,1.0000,-1,-1,-1
67,18,692.80,456.00,75.30,222.90,1.0000,-1,-1,-1
68,1,912.80,483.80,97.40,111.80,1.0000,-1,-1,-1
68,2,835.70,472.80,54.10,76.50,1.0000,-1,-1,-1
68,3,374.40,447.30,43.30,104.80,1.0000,-1,-1,-1
68,4,500.00,440.80,133.00,329.00,1.0000,-1,-1,-1
68,5,616.10,442.50,96.60,290.20,1.0000,-1,-1,-1
68,7,796.20,475.50,57.20,63.00,1.0000,-1,-1,-1
68,8,1089.00,483.00,35.30,116.50,1.0000,-1,-1,-1
68,9,1053.60,481.00,39.40,113.70,1.0000,-1,-1,-1
68,10,1260.80,447.50,35.10,101.00,1.0000,-1,-1,-1
68,11,1005.40,441.40,40.90,111.30,1.0000,-1,-1,-1
68,12,1096.20,441.80,40.10,107.30,1.0000,-1,-1,-1
68,14,419.50,458.20,42.00,85.70,1.0000,-1,-1,-1
68,15,1539.30,432.50,49.80,126.40,1.0000,-1,-1,-1
68,18,694.80,455.20,76.00,221.50,1.0000,-1,-1,-1
69,1,912.80,482.90,97.60,112.60,1.0000,-1,-1,-1
69,2,835.80,472.20,53.70,77.00,1.0000,-1,-1,-1
69,3,374.40,447.10,43.40,105.10,1.0000,-1,-1,-1
69,4,501.40,440.40,129.30,324.00,1.0000,-1,-1,-1
69,5,619.20,441.20,96.20,290.00,1.0000,-1,-1,-1
69,7,796.30,475.50,56.90,62.80,1.0000,-1,-1,-1
69,8,1088.70,482.70,35.60,117.10,1.0000,-1,-1,-1
69,9,1052.20,482.20,39.60,112.40,1.0000,-1,-1,-1
69,10,1261.00,447.70,34.90,100.60,1.0000,-1,-1,-1
69,11,1004.60,441.50,42.10,112.00,1.0000,-1,-1,-1
69,12,1095.80,442.20,39.70,108.80,1.0000,-1,-1,-1
69,14,419.00,458.40,42.70,85.30,1.0000,-1,-1,-1
69,15,1543.70,429.80,52.00,127.20,1.0000,-1,-1,-1
69,18,696.60,454.20,76.10,219.90,1.0000,-1,-1,-1
69,19,475.50,465.60,33.40,97.90,1.0000,-1,-1,-1
70,1,912.80,483.40,97.70,111.70,1.0000,-1,-1,-1
70,2,836.10,471.90,53.90,77.50,1.0000,-1,-1,-1
70,3,374.30,447.40,43.50,105.40,1.0000,-1,-1,-1
70,4,505.70,446.00,128.30,317.90,1.0000,-1,-1,-1
70,5,615.40,437.30,98.00,296.60,1.0000,-1,-1,-1
70,7,795.10,475.70,57.80,62.50,1.0000,-1,-1,-1
70,8,1088.60,482.70,35.40,117.50,1.0000,-1,-1,-1
70,9,1053.20,481.20,39.50,114.10,1.0000,-1,-1,-1
70,10,1261.00,447.40,34.90,100.80,1.0000,-1,-1,-1
70,11,1004.40,442.80,42.10,110.60,1.0000,-1,-1,-1
70,12,1095.90,442.60,39.30,108.50,1.0000,-1,-1,-1
70,14,419.30,458.20,42.60,85.80,1.0000,-1,-1,-1
70,15,1543.60,431.10,52.00,126.20,1.0000,-1,-1,-1
70,18,696.60,455.70,74.90,221.20,1.0000,-1,-1,-1
70,19,474.60,465.00,34.80,103.90,1.0000,-1,-1,-1
71,1,912.70,483.50,97.70,111.50,1.0000,-1,-1,-1
71,2,836.30,472.30,53.70,77.50,1.0000,-1,-1,-1
71,3,375.00,447.70,42.80,105.40,1.0000,-1,-1,-1
71,4,505.30,438.90,132.40,328.10,1.0000,-1,-1,-1
71,5,615.00,438.60,99.30,295.50,1.0000,-1,-1,-1
71,7,795.50,476.10,57.70,61.40,1.0000,-1,-1,-1
71,8,1087.60,485.30,35.70,115.70,1.0000,-1,-1,-1
71,9,1052.30,480.60,40.00,114.90,1.0000,-1,-1,-1
71,10,1260.90,447.30,35.20,101.00,1.0000,-1,-1,-1
71,11,1004.50,442.20,41.80,111.10,1.0000,-1,-1,-1
71,12,1098.20,438.60,37.80,114.50,1.0000,-1,-1,-1
71,14,418.90,457.90,41.10,85.80,1.0000,-1,-1,-1
71,15,1546.50,428.70,52.30,129.20,1.0000,-1,-1,-1
71,18,700.60,456.10,73.50,220.00,1.0000,-1,-1,-1
71,19,473.70,465.40,34.90,103.10,1.0000,-1,-1,-1
72,1,912.70,482.60,97.90,111.80,1.0000,-1,-1,-1
72,2,836.30,471.90,53.60,77.80,1.0000,-1,-1,-1
72,3,374.00,447.10,43.80,105.50,1.0000,-1,-1,-1
72,4,510.00,439.50,129.50,326.50,1.0000,-1,-1,-1
72,5,613.20,438.50,100.60,294.80,1.0000,-1,-1,-1
72,7,794.70,476.00,57.40,61.90,1.0000,-1,-1,-1
72,8,1087.90,484.10,35.70,116.70,1.0000,-1,-1,-1
72,9,1052.10,480.90,40.70,115.20,1.0000,-1,-1,-1
72,10,1260.90,447.00,35.20,101.10,1.0000,-1,-1,-1
72,11,1004.30,443.30,41.40,111.50,1.0000,-1,-1,-1
72,12,1098.00,439.30,37.70,115.30,1.0000,-1,-1,-1
72,14,419.60,457.00,41.30,85.60,1.0000,-1,-1,-1
72,15,1548.00,427.80,53.70,131.40,1.0000,-1,-1,-1
72,18,700.60,456.40,76.80,220.40,1.0000,-1,-1,-1
72,19,475.40,467.40,33.90,106.80,1.0000,-1,-1,-1
73,1,912.60,483.00,98.10,111.30,1.0000,-1,-1,-1
73,2,836.20,472.00,53.00,76.40,1.0000,-1,-1,-1
73,3,374.70,447.70,43.10,104.80,1.0000,-1,-1,-1
73,4,511.90,442.30,130.00,330.90,1.0000,-1,-1,-1
73,5,616.10,437.20,97.90,293.30,1.0000,-1,-1,-1
73,7,794.80,475.40,57.30,62.40,1.0000,-1,-1,-1
73,8,1088.10,482.80,35.80,118.00,1.0000,-1,-1,-1
73,9,1053.10,480.90,40.80,115.20,1.0000,-1,-1,-1
73,10,1261.00,447.10,34.90,101.00,1.0000,-1,-1,-1
73,11,1003.80,443.20,42.00,110.90,1.0000,-1,-1,-1
73,12,1098.00,439.10,37.50,116.60,1.0000,-1,-1,-1
73,14,419.70,457.60,41.00,84.40,1.0000,-1,-1,-1
73,15,1549.20,428.40,53.30,130.10,1.0000,-1,-1,-1
73,18,699.60,456.20,78.00,223.90,1.0000,-1,-1,-1
73,19,473.70,469.00,32.30,100.40,1.0000,-1,-1,-1
74,1,913.10,483.20,97.50,111.10,1.0000,-1,-1,-1
74,2,836.40,471.40,53.10,77.70,1.0000,-1,-1,-1
74,3,374.80,447.40,42.90,104.80,1.0000,-1,-1,-1
74,4,514.60,446.90,128.60,322.10,1.0000,-1,-1,-1
74,5,613.70,440.20,95.00,295.40,1.0000,-1,-1,-1
74,7,796.00,475.70,55.20,61.70,1.0000,-1,-1,-1
74,8,1088.20,485.30,36.00,116.70,1.0000,-1,-1,-1
74,9,1052.70,480.30,40.70,114.60,1.0000,-1,-1,-1
74,10,1260.50,446.90,35.80,101.10,1.0000,-1,-1,-1
74,11,1004.30,443.50,42.10,111.30,1.0000,-1,-1,-1
74,12,1097.50,438.50,40.30,108.20,1.0000,-1,-1,-1
74,14,419.20,457.40,41.80,84.60,1.0000,-1,-1,-1
74,15,1552.30,429.50,52.50,126.90,1.0000,-1,-1,-1
74,18,701.20,457.20,79.40,219.40,1.0000,-1,-1,-1
74,19,472.40,467.00,32.90,102.40,1.0000,-1,-1,-1
75,1,913.20,483.60,97.60,111.40,1.0000,-1,-1,-1
75,2,835.80,472.40,53.80,76.70,1.0000,-1,-1,-1
75,3,374.90,447.40,42.80,104.50,1.0000,-1,-1,-1
75,4,517.60,442.30,125.30,330.80,1.0000,-1,-1,-1
75,5,610.30,440.10,98.90,293.70,1.0000,-1,-1,-1
75,7,795.50,475.80,56.40,61.40,1.0000,-1,-1,-1
75,8,1087.60,486.80,36.60,115.10,1.0000,-1,-1,-1
75,9,1053.70,480.40,40.00,114.10,1.0000,-1,-1,-1
75,10,1260.30,447.40,35.60,100.50,1.0000,-1,-1,-1
75,11,1005.50,442.40,41.10,110.70,1.0000,-1,-1,-1
75,12,1097.70,441.50,40.30,103.80,1.0000,-1,-1,-1
75,14,419.30,457.20,41.80,84.60,1.0000,-1,-1,-1
75,15,1554.20,431.40,53.10,125.00,1.0000,-1,-1,-1
75,18,703.10,454.30,78.50,226.30,1.0000,-1,-1,-1
75,19,473.30,466.60,32.70,104.10,1.0000,-1,-1,-1
76,1,913.50,483.70,96.80,111.10,1.0000,-1,-1,-1
76,2,835.50,472.10,53.50,76.70,1.0000,-1,-1,-1
76,3,375.00,447.20,43.20,104.90,1.0000,-1,-1,-1
76,4,525.60,444.70,121.10,323.40,1.0000,-1,-1,-1
76,5,610.80,439.90,98.70,295.50,1.0000,-1,-1,-1
76,7,795.90,476.10,55.20,60.20,1.0000,-1,-1,-1
76,8,1087.70,486.30,36.80,115.40,1.0000,-1,-1,-1
76,9,1053.40,481.20,40.30,113.60,1.0000,-1,-1,-1
76,10,1260.40,447.40,35.50,100.40,1.0000,-1,-1,-1
76,11,1004.50,442.40,41.80,111.20,1.0000,-1,-1,-1
76,12,1097.50,443.00,40.30,104.00,1.0000,-1,-1,-1
76,14,419.10,457.10,41.80,85.30,1.0000,-1,-1,-1
76,18,704.20,455.50,80.20,224.60,1.0000,-1,-1,-1
76,19,472.50,466.30,33.10,101.80,1.0000,-1,-1,-1
77,1,913.20,483.50,97.50,111.00,1.0000,-1,-1,-1
77,2,835.40,472.00,53.50,77.30,1.0000,-1,-1,-1
77,3,374.90,447.30,43.30,105.00,1.0000,-1,-1,-1
77,4,529.50,449.50,118.00,325.10,1.0000,-1,-1,-1
77,5,612.10,442.30,97.70,291.00,1.0000,-1,-1,-1
77,7,798.30,476.20,52.00,60.00,1.0000,-1,-1,-1
77,8,1088.30,485.20,36.30,116.30,1.0000,-1,-1,-1
77,9,1053.50,481.50,40.40,113.80,1.0000,-1,-1,-1
77,10,1260.40,447.50,35.40,100.50,1.0000,-1,-1,-1
77,11,1004.50,442.80,41.90,111.40,1.0000,-1,-1,-1
77,12,1097.20,443.60,39.90,105.80,1.0000,-1,-1,-1
77,14,418.90,457.10,41.80,85.40,1.0000,-1,-1,-1
77,18,703.50,455.60,83.90,224.60,1.0000,-1,-1,-1
77,19,472.70,465.60,34.10,102.90,1.0000,-1,-1,-1
78,1,913.00,484.00,97.40,111.30,1.0000,-1,-1,-1
78,2,836.00,472.00,52.60,76.60,1.0000,-1,-1,-1
78,3,374.80,446.40,43.10,105.70,1.0000,-1,-1,-1
78,4,529.90,448.00,118.00,325.60,1.0000,-1,-1,-1
78,5,617.60,441.10,93.20,288.60,1.0000,-1,-1,-1
78,7,799.10,477.00,51.10,58.60,1.0000,-1,-1,-1
78,8,1088.50,485.50,37.20,116.00,1.0000,-1,-1,-1
78,9,1052.70,481.30,40.20,112.90,1.0000,-1,-1,-1
78,10,1259.50,448.10,36.50,99.90,1.0000,-1,-1,-1
78,11,1003.80,443.50,42.60,109.50,1.0000,-1,-1,-1
78,12,1097.60,447.20,39.80,104.00,1.0000,-1,-1,-1
78,14,418.80,457.40,41.70,86.30,1.0000,-1,-1,-1
78,18,704.40,456.40,86.90,224.50,1.0000,-1,-1,-1
78,19,469.90,465.80,35.30,100.30,1.0000,-1,-1,-1
79,1,912.90,483.90,97.80,111.20,1.0000,-1,-1,-1
79,2,835.40,472.00,53.10,76.50,1.0000,-1,-1,-1
79,3,374.20,446.40,43.90,106.00,1.0000,-1,-1,-1
79,4,533.60,443.90,113.60,333.50,1.0000,-1,-1,-1
79,5,614.20,440.20,96.60,292.40,1.0000,-1,-1,-1
79,7,798.90,478.90,53.30,56.60,1.0000,-1,-1,-1
79,8,1088.20,485.60,37.20,115.70,1.0000,-1,-1,-1
79,9,1053.70,482.30,40.10,111.10,1.0000,-1,-1,-1
79,10,1259.80,448.20,35.90,100.00,1.0000,-1,-1,-1
79,11,1004.00,443.80,42.30,109.00,1.0000,-1,-1,-1
79,12,1097.00,448.50,39.60,104.80,1.0000,-1,-1,-1
79,14,419.30,457.40,41.80,86.10,1.0000,-1,-1,-1
79,18,704.40,454.70,89.70,227.40,1.0000,-1,-1,-1
79,19,469.40,466.30,35.40,100.50,1.0000,-1,-1,-1
80,1,912.50,484.10,98.00,111.10,1.0000,-1,-1,-1
80,2,835.20,472.30,53.70,77.40,1.0000,-1,-1,-1
80,3,374.50,446.90,43.40,105.10,1.0000,-1,-1,-1
80,4,533.20,444.50,113.90,333.00,1.0000,-1,-1,-1
80,5,615.20,441.60,94.40,291.10,1.0000,-1,-1,-1
80,8,1088.00,485.70,36.90,115.80,1.0000,-1,-1,-1
80,9,1054.10,483.40,40.10,109.90,1.0000,-1,-1,-1
80,10,1260.00,447.20,36.20,101.10,1.0000,-1,-1,-1
80,11,1004.40,443.00,42.40,111.20,1.0000,-1,-1,-1
80,12,1096.70,447.90,39.60,105.30,1.0000,-1,-1,-1
80,14,419.70,456.90,41.50,85.80,1.0000,-1,-1,-1
80,18,708.90,452.20,94.80,229.30,1.0000,-1,-1,-1
80,19,469.90,466.10,35.00,100.50,1.0000,-1,-1,-1
81,1,912.50,483.60,97.50,111.60,1.0000,-1,-1,-1
81,2,835.40,472.10,53.40,77.30,1.0000,-1,-1,-1
81,3,374.40,446.80,43.30,105.50,1.0000,-1,-1,-1
81,4,538.40,445.10,108.80,334.60,1.0000,-1,-1,-1
81,5,621.20,439.10,94.00,292.50,1.0000,-1,-1,-1
81,8,1088.10,486.80,36.40,114.70,1.0000,-1,-1,-1
81,9,1055.20,485.60,38.90,108.30,1.0000,-1,-1,-1
81,10,1260.20,447.50,36.10,100.90,1.0000,-1,-1,-1
81,11,1004.30,443.10,42.40,110.90,1.0000,-1,-1,-1
81,12,1097.20,447.70,38.70,105.60,1.0000,-1,-1,-1
81,14,419.50,457.60,42.20,86.40,1.0000,-1,-1,-1
81,18,709.20,454.20,95.60,227.20,1.0000,-1,-1,-1
81,19,467.90,465.40,36.30,101.10,1.0000,-1,-1,-1
82,1,912.80,483.30,97.20,112.10,1.0000,-1,-1,-1
82,2,835.20,471.40,53.60,78.80,1.0000,-1,-1,-1
82,3,374.70,447.40,43.50,105.20,1.0000,-1,-1,-1
82,4,539.70,441.30,109.50,338.80,1.0000,-1,-1,-1
82,5,620.20,441.60,94.40,284.10,1.0000,-1,-1,-1
82,8,1088.30,487.40,36.20,113.90,1.0000,-1,-1,-1
82,9,1054.40,485.30,39.60,108.70,1.0000,-1,-1,-1
82,10,1260.50,447.50,35.40,100.00,1.0000,-1,-1,-1
82,11,1004.20,442.10,42.10,110.20,1.0000,-1,-1,-1
82,12,1097.80,449.80,38.00,106.40,1.0000,-1,-1,-1
82,14,418.70,457.60,41.60,86.60,1.0000,-1,-1,-1
82,18,712.30,454.30,100.00,226.90,1.0000,-1,-1,-1
82,19,468.50,465.40,36.10,104.00,1.0000,-1,-1,-1
83,1,913.60,482.00,97.00,113.20,1.0000,-1,-1,-1
83,2,835.00,471.80,53.80,78.60,1.0000,-1,-1,-1
83,3,373.90,447.10,43.90,105.10,1.0000,-1,-1,-1
83,4,540.70,446.00,108.80,328.80,1.0000,-1,-1,-1
83,5,623.90,444.00,95.90,288.60,1.0000,-1,-1,-1
83,8,1088.00,486.60,36.50,115.10,1.0000,-1,-1,-1
83,9,1054.90,482.90,39.00,110.60,1.0000,-1,-1,-1
83,10,1260.80,446.80,35.40,101.20,1.0000,-1,-1,-1
83,11,1004.20,442.80,42.10,110.00,1.0000,-1,-1,-1
83,12,1097.10,447.90,39.10,106.00,1.0000,-1,-1,-1
83,14,420.40,458.10,41.10,86.10,1.0000,-1,-1,-1
83,18,715.60,461.40,94.40,221.40,1.0000,-1,-1,-1
83,19,466.20,465.70,38.20,104.90,1.0000,-1,-1,-1
84,1,913.70,482.40,96.60,112.80,1.0000,-1,-1,-1
84,2,835.70,472.00,53.80,78.40,1.0000,-1,-1,-1
84,3,374.10,446.70,44.30,105.10,1.0000,-1,-1,-1
84,4,541.00,441.90,108.20,335.90,1.0000,-1,-1,-1
84,5,624.60,445.20,96.50,289.80,1.0000,-1,-1,-1
84,8,1088.30,485.50,36.20,116.50,1.0000,-1,-1,-1
84,9,1052.40,481.50,40.00,112.00,1.0000,-1,-1,-1
84,10,1260.80,446.90,35.90,101.50,1.0000,-1,-1,-1
84,11,1004.70,443.00,42.20,110.40,1.0000,-1,-1,-1
84,12,1096.90,445.80,38.90,108.80,1.0000,-1,-1,-1
84,14,421.70,458.20,39.40,85.60,1.0000,-1,-1,-1
84,18,716.80,459.90,92.30,217.50,1.0000,-1,-1,-1
84,19,465.60,466.70,38.80,106.80,1.0000,-1,-1,-1
84,20,504.30,462.70,29.10,95.30,1.0000,-1,-1,-1
85,1,913.70,483.60,96.50,111.60,1.0000,-1,-1,-1
85,2,836.40,471.10,52.80,80.10,1.0000,-1,-1,-1
85,3,373.80,446.80,44.60,105.00,1.0000,-1,-1,-1
85,4,542.80,443.60,108.00,335.30,1.0000,-1,-1,-1
85,5,624.30,441.90,98.70,297.10,1.0000,-1,-1,-1
85,8,1089.20,482.70,36.00,119.30,1.0000,-1,-1,-1
85,9,1053.60,481.70,40.30,112.00,1.0000,-1,-1,-1
85,10,1261.50,447.00,35.20,101.10,1.0000,-1,-1,-1
85,11,1004.60,443.40,41.80,109.60,1.0000,-1,-1,-1
85,14,422.30,459.30,41.10,85.00,1.0000,-1,-1,-1
85,18,719.00,457.80,91.80,221.40,1.0000,-1,-1,-1
85,19,467.00,466.60,37.50,105.10,1.0000,-1,-1,-1
85,20,504.30,460.80,30.40,98.40,1.0000,-1,-1,-1
86,1,913.70,482.60,96.80,112.40,1.0000,-1,-1,-1
86,2,837.20,470.90,52.20,80.20,1.0000,-1,-1,-1
86,3,373.50,446.60,44.70,105.20,1.0000,-1,-1,-1
86,4,542.70,446.00,109.80,330.70,1.0000,-1,-1,-1
86,5,625.50,442.00,100.20,296.50,1.0000,-1,-1,-1
86,8,1088.60,483.00,36.70,119.30,1.0000,-1,-1,-1
86,9,1054.10,480.60,39.50,112.70,1.0000,-1,-1,-1
86,10,1261.50,447.10,35.20,100.70,1.0000,-1,-1,-1
86,11,1004.80,444.00,41.50,107.90,1.0000,-1,-1,-1
86,14,425.40,458.60,38.80,87.40,1.0000,-1,-1,-1
86,18,720.20,456.80,92.70,225.60,1.0000,-1,-1,-1
86,19,466.40,467.80,38.10,99.80,1.0000,-1,-1,-1
86,20,510.20,462.30,29.70,99.60,1.0000,-1,-1,-1
87,1,914.20,482.70,96.30,112.50,1.0000,-1,-1,-1
87,2,836.70,470.70,52.10,80.60,1.0000,-1,-1,-1
87,3,373.50,446.70,44.30,105.10,1.0000,-1,-1,-1
87,4,544.20,445.10,111.40,334.90,1.0000,-1,-1,-1
87,5,625.30,442.90,100.80,297.70,1.0000,-1,-1,-1
87,8,1088.80,483.60,36.40,119.10,1.0000,-1,-1,-1
87,9,1054.60,482.30,39.60,111.80,1.0000,-1,-1,-1
87,10,1261.10,446.90,35.20,101.60,1.0000,-1,-1,-1
87,11,1005.40,443.20,41.00,107.10,1.0000,-1,-1,-1
87,14,424.60,458.60,37.80,88.20,1.0000,-1,-1,-1
87,18,721.70,459.10,92.60,219.70,1.0000,-1,-1,-1
87,19,466.30,468.00,38.50,103.10,1.0000,-1,-1,-1
87,20,506.90,461.90,30.00,101.30,1.0000,-1,-1,-1
88,1,913.90,482.90,97.00,112.50,1.0000,-1,-1,-1
88,2,835.70,472.00,52.90,77.90,1.0000,-1,-1,-1
88,3,373.20,446.40,44.30,105.30,1.0000,-1,-1,-1
88,4,547.90,441.90,109.90,336.40,1.0000,-1,-1,-1
88,5,627.30,444.10,101.70,291.90,1.0000,-1,-1,-1
88,8,1088.60,483.40,36.20,118.60,1.0000,-1,-1,-1
88,9,1052.80,482.00,39.90,113.00,1.0000,-1,-1,-1
88,10,1261.30,448.00,34.80,100.80,1.0000,-1,-1,-1
88,11,1005.10,444.00,41.30,106.00,1.0000,-1,-1,-1
88,14,427.40,458.40,36.80,87.70,1.0000,-1,-1,-1
88,18,724.20,456.60,91.20,228.40,1.0000,-1,-1,-1
88,19,461.90,468.20,41.00,99.40,1.0000,-1,-1,-1
88,20,507.10,461.40,29.90,100.50,1.0000,-1,-1,-1
89,1,913.50,483.40,97.50,112.00,1.0000,-1,-1,-1
89,2,836.70,471.90,52.40,78.40,1.0000,-1,-1,-1
89,3,373.40,446.30,44.70,105.80,1.0000,-1,-1,-1
89,4,546.40,447.80,115.60,332.40,1.0000,-1,-1,-1
89,5,628.70,444.50,102.90,294.10,1.0000,-1,-1,-1
89,8,1087.80,483.20,37.70,119.40,1.0000,-1,-1,-1
89,9,1053.80,483.90,40.10,109.90,1.0000,-1,-1,-1
89,10,1261.20,448.20,34.70,100.80,1.0000,-1,-1,-1
89,11,1005.10,443.50,41.40,106.70,1.0000,-1,-1,-1
89,14,425.80,458.40,38.20,88.30,1.0000,-1,-1,-1
89,18,724.90,452.50,94.10,233.70,1.0000,-1,-1,-1
89,19,462.80,467.70,40.60,100.30,1.0000,-1,-1,-1
89,20,505.90,461.40,29.40,97.50,1.0000,-1,-1,-1
90,1,913.90,482.60,97.00,112.40,1.0000,-1,-1,-1
90,2,836.20,472.20,51.70,78.00,1.0000,-1,-1,-1
90,3,373.00,446.70,45.20,105.30,1.0000,-1,-1,-1
90,4,546.10,445.20,114.70,336.40,1.0000,-1,-1,-1
90,5,635.20,445.40,99.80,290.70,1.0000,-1,-1,-1
90,8,1088.00,483.90,37.30,118.40,1.0000,-1,-1,-1
90,9,1054.50,483.50,40.00,110.30,1.0000,-1,-1,-1
90,10,1261.00,448.20,35.00,100.60,1.0000,-1,-1,-1
90,11,1005.20,443.90,41.10,106.10,1.0000,-1,-1,-1
90,14,426.10,457.30,36.90,88.60,1.0000,-1,-1,-1
90,18,727.20,453.10,91.20,233.70,1.0000,-1,-1,-1
90,19,462.80,467.70,42.00,103.90,1.0000,-1,-1,-1
90,20,505.40,461.80,30.00,97.60,1.0000,-1,-1,-1
91,1,914.30,482.80,96.90,112.20,1.0000,-1,-1,-1
91,2,835.50,473.10,54.40,77.00,1.0000,-1,-1,-1
91,3,373.20,446.70,45.30,105.30,1.0000,-1,-1,-1
91,4,550.40,443.80,113.50,341.90,1.0000,-1,-1,-1
91,5,629.90,446.30,100.50,294.40,1.0000,-1,-1,-1
91,8,1088.20,483.30,37.10,118.60,1.0000,-1,-1,-1
91,9,1052.50,482.40,39.60,111.30,1.0000,-1,-1,-1
91,10,1260.70,448.50,35.20,100.30,1.0000,-1,-1,-1
91,11,1005.80,443.30,40.10,107.20,1.0000,-1,-1,-1
91,14,424.20,457.90,38.00,87.30,1.0000,-1,-1,-1
91,18,728.90,453.10,90.50,233.90,1.0000,-1,-1,-1
91,19,461.40,467.40,42.80,103.70,1.0000,-1,-1,-1
91,20,508.10,462.70,29.60,102.00,1.0000,-1,-1,-1
92,1,914.20,483.30,97.10,111.70,1.0000,-1,-1,-1
92,2,835.50,473.10,54.90,77.80,1.0000,-1,-1,-1
92,3,373.60,446.80,44.60,104.50,1.0000,-1,-1,-1
92,4,550.70,444.40,115.60,346.70,1.0000,-1,-1,-1
92,5,633.00,436.10,103.00,306.10,1.0000,-1,-1,-1
92,8,1088.60,483.90,37.10,117.70,1.0000,-1,-1,-1
92,9,1052.30,482.40,39.30,110.90,1.0000,-1,-1,-1
92,10,1260.20,447.20,36.20,101.40,1.0000,-1,-1,-1
92,11,1004.80,442.40,40.40,108.10,1.0000,-1,-1,-1
92,14,424.80,456.20,39.20,90.00,1.0000,-1,-1,-1
92,18,731.80,455.10,88.90,225.20,1.0000,-1,-1,-1
92,19,462.00,468.40,42.40,103.30,1.0000,-1,-1,-1
92,20,508.60,462.70,28.80,101.70,1.0000,-1,-1,-1
93,1,914.30,483.20,96.90,112.00,1.0000,-1,-1,-1
93,2,836.30,472.80,53.60,78.00,1.0000,-1,-1,-1
93,3,373.00,446.50,45.20,104.80,1.0000,-1,-1,-1
93,4,551.40,443.00,112.20,354.10,1.0000,-1,-1,-1
93,5,639.10,443.80,102.50,297.80,1.0000,-1,-1,-1
93,8,1088.70,483.90,37.00,117.60,1.0000,-1,-1,-1
93,9,1052.10,482.80,40.40,110.70,1.0000,-1,-1,-1
93,10,1260.00,446.80,36.20,101.90,1.0000,-1,-1,-1
93,11,1005.00,442.50,40.70,108.40,1.0000,-1,-1,-1
93,14,426.70,457.50,35.30,86.20,1.0000,-1,-1,-1
93,18,733.90,452.50,86.80,235.30,1.0000,-1,-1,-1
93,19,461.30,468.60,42.10,104.90,1.0000,-1,-1,-1
93,20,506.30,465.70,29.70,91.40,1.0000,-1,-1,-1
94,1,914.70,483.10,96.40,112.30,1.0000,-1,-1,-1
94,2,836.70,472.40,53.10,78.20,1.0000,-1,-1,-1
94,3,373.00,446.30,45.20,105.10,1.0000,-1,-1,-1
94,4,548.70,442.80,115.20,353.40,1.0000,-1,-1,-1
94,5,636.20,441.10,101.20,304.20,1.0000,-1,-1,-1
94,8,1089.10,483.50,36.40,117.50,1.0000,-1,-1,-1
94,9,1051.90,482.30,40.50,111.30,1.0000,-1,-1,-1
94,10,1259.50,446.50,36.70,102.10,1.0000,-1,-1,-1
94,11,1004.60,442.70,40.90,107.70,1.0000,-1,-1,-1
94,14,427.40,457.40,36.00,84.60,1.0000,-1,-1,-1
94,18,738.50,454.40,84.20,228.40,1.0000,-1,-1,-1
94,19,459.70,468.50,43.10,105.70,1.0000,-1,-1,-1
95,1,914.00,483.20,97.00,111.80,1.0000,-1,-1,-1
95,2,836.20,472.60,53.30,77.00,1.0000,-1,-1,-1
95,3,372.60,446.60,45.00,105.00,1.0000,-1,-1,-1
95,4,549.80,443.70,115.40,356.00,1.0000,-1,-1,-1
95,5,639.30,443.60,104.40,295.00,1.0000,-1,-1,-1
95,8,1088.60,484.40,36.60,116.80,1.0000,-1,-1,-1
95,9,1052.00,482.70,40.20,110.20,1.0000,-1,-1,-1
95,10,1259.20,445.30,37.30,103.70,1.0000,-1,-1,-1
95,11,1004.50,442.40,41.40,108.60,1.0000,-1,-1,-1
95,14,435.50,461.80,37.00,83.90,1.0000,-1,-1,-1
95,18,742.10,454.00,81.10,233.40,1.0000,-1,-1,-1
95,19,457.40,469.60,43.80,103.90,1.0000,-1,-1,-1
96,1,913.20,483.60,98.30,111.80,1.0000,-1,-1,-1
96,2,836.20,472.40,53.10,77.80,1.0000,-1,-1,-1
96,3,373.00,445.80,44.50,105.30,1.0000,-1,-1,-1
96,4,547.60,445.70,120.60,351.90,1.0000,-1,-1,-1
96,5,643.40,443.00,98.50,302.40,1.0000,-1,-1,-1
96,8,1089.20,483.30,35.70,116.80,1.0000,-1,-1,-1
96,9,1052.10,481.00,41.00,112.70,1.0000,-1,-1,-1
96,10,1258.60,445.70,38.00,102.90,1.0000,-1,-1,-1
96,11,1004.80,442.70,41.00,108.40,1.0000,-1,-1,-1
96,18,745.20,454.20,80.30,234.50,1.0000,-1,-1,-1
96,19,455.80,467.80,44.20,104.80,1.0000,-1,-1,-1
97,1,913.30,484.00,97.40,111.50,1.0000,-1,-1,-1
97,2,836.10,472.30,53.00,78.10,1.0000,-1,-1,-1
97,3,373.10,445.90,44.70,105.90,1.0000,-1,-1,-1
97,4,548.70,443.90,121.40,354.70,1.0000,-1,-1,-1
97,5,644.30,441.80,100.50,303.00,1.0000,-1,-1,-1
97,8,1088.90,484.30,35.90,116.00,1.0000,-1,-1,-1
97,9,1051.80,481.60,41.00,112.70,1.0000,-1,-1,-1
97,10,1258.50,445.70,38.00,102.60,1.0000,-1,-1,-1
97,11,1004.70,442.90,41.30,107.70,1.0000,-1,-1,-1
97,18,747.90,455.50,79.90,227.60,1.0000,-1,-1,-1
97,19,455.20,468.00,44.00,105.50,1.0000,-1,-1,-1
98,1,913.70,482.70,97.40,112.40,1.0000,-1,-1,-1
98,2,836.00,472.20,52.70,77.50,1.0000,-1,-1,-1
98,3,373.10,446.10,44.30,105.80,1.0000,-1,-1,-1
98,4,548.80,443.40,120.50,356.30,1.0000,-1,-1,-1
98,5,642.00,440.00,100.30,303.60,1.0000,-1,-1,-1
98,8,1088.60,485.70,36.20,115.70,1.0000,-1,-1,-1
98,9,1052.20,481.60,40.40,111.80,1.0000,-1,-1,-1
98,10,1257.80,445.80,38.30,103.10,1.0000,-1,-1,-1
98,11,1004.50,444.00,41.30,106.00,1.0000,-1,-1,-1
98,18,749.10,453.60,82.00,230.00,1.0000,-1,-1,-1
98,19,454.60,467.50,43.80,105.90,1.0000,-1,-1,-1
99,1,913.60,483.70,96.60,111.20,1.0000,-1,-1,-1
99,2,834.00,473.00,55.30,76.60,1.0000,-1,-1,-1
99,3,373.40,445.40,44.10,106.20,1.0000,-1,-1,-1
99,4,547.60,440.60,119.90,359.60,1.0000,-1,-1,-1
99,5,643.90,442.00,100.10,301.20,1.0000,-1,-1,-1
99,8,1088.50,484.80,35.90,116.50,1.0000,-1,-1,-1
99,9,1051.90,481.30,41.40,113.00,1.0000,-1,-1,-1
99,10,1257.20,445.20,38.80,103.60,1.0000,-1,-1,-1
99,11,1004.30,443.70,41.80,107.60,1.0000,-1,-1,-1
99,18,751.50,454.30,83.60,231.40,1.0000,-1,-1,-1
99,19,453.30,467.40,44.80,107.10,1.0000,-1,-1,-1
100,1,913.00,483.50,97.90,111.50,1.0000,-1,-1,-1
100,2,834.90,472.70,54.00,77.10,1.0000,-1,-1,-1
100,3,373.80,445.80,43.60,105.80,1.0000,-1,-1,-1
100,4,549.20,446.70,121.50,360.20,1.0000,-1,-1,-1
100,5,651.20,441.30,99.40,294.50,1.0000,-1,-1,-1
100,8,1089.30,485.80,35.80,115.70,1.0000,-1,-1,-1
100,9,1051.50,481.90,40.70,111.60,1.0000,-1,-1,-1
100,10,1257.30,445.50,38.50,103.10,1.0000,-1,-1,-1
100,11,1004.60,443.90,40.90,107.00,1.0000,-1,-1,-1
100,18,751.80,455.10,83.00,230.70,1.0000,-1,-1,-1
100,19,452.10,467.10,44.40,106.50,1.0000,-1,-1,-1
101,1,913.10,484.30,97.80,110.70,1.0000,-1,-1,-1
101,2,834.70,472.70,53.40,75.90,1.0000,-1,-1,-1
101,3,374.20,446.20,43.20,104.40,1.0000,-1,-1,-1
101,4,549.60,445.00,125.20,360.60,1.0000,-1,-1,-1
101,5,652.40,441.50,99.10,297.70,1.0000,-1,-1,-1
101,8,1089.60,484.20,35.70,116.10,1.0000,-1,-1,-1
101,9,1051.70,482.10,40.50,110.20,1.0000,-1,-1,-1
101,10,1256.80,444.80,38.70,104.30,1.0000,-1,-1,-1
101,11,1003.80,443.80,41.80,108.20,1.0000,-1,-1,-1
101,18,752.30,455.50,83.30,233.20,1.0000,-1,-1,-1
101,19,452.10,466.50,44.60,105.70,1.0000,-1,-1,-1
101,20,510.90,462.30,27.90,105.70,1.0000,-1,-1,-1
102,1,914.10,482.90,96.90,112.20,1.0000,-1,-1,-1
102,2,836.00,472.70,53.30,75.60,1.0000,-1,-1,-1
102,3,374.00,446.60,43.60,104.50,1.0000,-1,-1,-1
102,4,553.00,446.00,119.90,362.10,1.0000,-1,-1,-1
102,5,654.80,441.80,98.40,294.50,1.0000,-1,-1,-1
102,8,1088.30,484.10,36.90,116.70,1.0000,-1,-1,-1
102,9,1051.00,482.80,40.50,109.60,1.0000,-1,-1,-1
102,10,1256.10,445.60,38.80,102.70,1.0000,-1,-1,-1
102,11,1004.70,443.10,40.60,108.40,1.0000,-1,-1,-1
102,18,754.90,451.00,82.50,243.10,1.0000,-1,-1,-1
102,19,450.90,467.50,45.30,105.00,1.0000,-1,-1,-1
102,20,505.60,464.50,27.40,95.90,1.0000,-1,-1,-1
103,1,913.50,483.00,97.40,112.30,1.0000,-1,-1,-1
103,2,835.50,473.30,54.60,74.70,1.0000,-1,-1,-1
103,3,373.90,446.90,43.20,105.00,1.0000,-1,-1,-1
103,4,553.80,446.00,120.10,360.80,1.0000,-1,-1,-1
103,5,655.20,438.80,99.50,307.60,1.0000,-1,-1,-1
103,8,1088.70,483.50,36.80,118.00,1.0000,-1,-1,-1
103,9,1052.80,482.10,39.90,110.00,1.0000,-1,-1,-1
103,10,1255.30,446.50,38.80,101.30,1.0000,-1,-1,-1
103,11,1005.20,442.90,40.70,107.80,1.0000,-1,-1,-1
103,18,757.20,454.10,82.20,236.60,1.0000,-1,-1,-1
103,19,450.30,467.10,45.90,106.30,1.0000,-1,-1,-1
103,20,505.80,464.30,30.70,104.50,1.0000,-1,-1,-1
104,1,913.40,482.50,96.80,112.70,1.0000,-1,-1,-1
104,2,835.90,472.50,54.60,76.00,1.0000,-1,-1,-1
104,3,374.50,446.60,42.90,105.10,1.0000,-1,-1,-1
104,4,552.80,441.70,123.80,364.60,1.0000,-1,-1,-1
104,5,657.30,437.30,101.30,303.00,1.0000,-1,-1,-1
104,8,1089.20,483.20,36.20,118.20,1.0000,-1,-1,-1
104,9,1051.30,482.40,40.70,110.40,1.0000,-1,-1,-1
104,10,1253.80,446.20,39.40,101.00,1.0000,-1,-1,-1
104,11,1004.80,443.40,40.30,106.30,1.0000,-1,-1,-1
104,18,757.60,455.10,84.40,239.20,1.0000,-1,-1,-1
104,19,448.40,466.50,45.30,105.60,1.0000,-1,-1,-1
104,20,507.90,464.80,31.70,101.20,1.0000,-1,-1,-1
105,1,913.80,482.20,96.20,113.00,1.0000,-1,-1,-1
105,2,834.70,473.00,54.70,75.40,1.0000,-1,-1,-1
105,3,374.20,446.20,42.80,106.20,1.0000,-1,-1,-1
105,4,552.70,441.80,124.00,362.20,1.0000,-1,-1,-1
105,5,658.40,439.10,100.30,301.40,1.0000,-1,-1,-1
105,8,1088.80,482.30,36.50,119.40,1.0000,-1,-1,-1
105,9,1052.00,482.10,40.10,111.20,1.0000,-1,-1,-1
105,10,1252.30,447.10,38.70,99.60,1.0000,-1,-1,-1
105,11,1004.40,443.30,40.80,106.30,1.0000,-1,-1,-1
105,18,758.50,456.30,84.90,239.10,1.0000,-1,-1,-1
105,19,447.70,467.10,45.80,106.20,1.0000,-1,-1,-1
105,20,505.30,464.60,34.30,102.80,1.0000,-1,-1,-1
106,1,913.60,482.30,96.80,113.20,1.0000,-1,-1,-1
106,2,834.60,472.60,54.50,77.00,1.0000,-1,-1,-1
106,3,373.50,446.10,43.50,107.00,1.0000,-1,-1,-1
106,4,554.00,443.40,124.90,362.70,1.0000,-1,-1,-1
106,5,659.10,438.90,103.10,308.00,1.0000,-1,-1,-1
106,8,1088.60,483.60,36.70,118.60,1.0000,-1,-1,-1
106,9,1050.80,482.70,40.30,110.20,1.0000,-1,-1,-1
106,10,1251.40,446.80,38.80,100.70,1.0000,-1,-1,-1
106,11,1004.80,442.20,40.20,107.60,1.0000,-1,-1,-1
106,18,760.10,457.80,83.50,236.80,1.0000,-1,-1,-1
106,19,447.40,466.80,45.10,105.40,1.0000,-1,-1,-1
106,20,506.00,464.90,34.30,105.10,1.0000,-1,-1,-1
107,1,914.00,482.90,96.50,113.20,1.0000,-1,-1,-1
107,2,835.20,472.50,54.60,77.40,1.0000,-1,-1,-1
107,3,374.30,446.50,43.10,106.00,1.0000,-1,-1,-1
107,4,554.10,442.10,126.10,366.00,1.0000,-1,-1,-1
107,5,663.50,438.70,99.00,303.90,1.0000,-1,-1,-1
107,8,1088.20,482.40,37.00,118.90,1.0000,-1,-1,-1
107,9,1053.00,482.00,40.40,109.80,1.0000,-1,-1,-1
107,10,1249.70,446.50,39.70,101.60,1.0000,-1,-1,-1
107,11,1005.70,442.80,40.20,107.30,1.0000,-1,-1,-1
107,18,759.50,458.30,84.40,238.20,1.0000,-1,-1,-1
107,19,446.30,468.40,45.50,102.10,1.0000,-1,-1,-1
107,20,505.90,465.50,34.90,105.20,1.0000,-1,-1,-1
108,1,913.60,482.40,96.80,113.30,1.0000,-1,-1,-1
108,2,835.00,471.80,54.30,78.20,1.0000,-1,-1,-1
108,3,374.20,446.50,43.00,106.10,1.0000,-1,-1,-1
108,4,553.70,443.00,128.30,363.50,1.0000,-1,-1,-1
108,5,662.50,438.20,101.30,307.90,1.0000,-1,-1,-1
108,8,1088.30,482.60,37.10,119.80,1.0000,-1,-1,-1
108,9,1052.50,482.40,40.80,110.00,1.0000,-1,-1,-1
108,10,1249.50,447.30,39.50,100.40,1.0000,-1,-1,-1
108,11,1005.60,443.20,40.10,107.00,1.0000,-1,-1,-1
108,18,761.00,455.20,83.70,241.30,1.0000,-1,-1,-1
108,19,446.60,468.50,44.80,102.60,1.0000,-1,-1,-1
108,20,504.10,464.90,37.30,108.30,1.0000,-1,-1,-1
109,1,914.10,482.40,96.20,113.20,1.0000,-1,-1,-1
109,2,835.10,471.80,53.80,78.10,1.0000,-1,-1,-1
109,3,373.90,446.50,43.30,106.40,1.0000,-1,-1,-1
109,4,554.70,444.70,129.10,362.60,1.0000,-1,-1,-1
109,5,665.10,438.30,98.40,309.80,1.0000,-1,-1,-1
109,8,1088.10,483.30,36.90,120.10,1.0000,-1,-1,-1
109,9,1052.80,482.30,40.90,110.60,1.0000,-1,-1,-1
109,10,1249.80,447.70,38.90,99.90,1.0000,-1,-1,-1
109,11,1005.20,443.10,41.20,107.50,1.0000,-1,-1,-1
109,18,762.80,455.00,83.80,241.80,1.0000,-1,-1,-1
109,19,445.90,468.30,44.30,101.20,1.0000,-1,-1,-1
109,20,504.00,465.20,36.90,104.60,1.0000,-1,-1,-1
110,1,913.70,483.00,97.10,112.40,1.0000,-1,-1,-1
110,2,834.80,471.90,54.30,77.70,1.0000,-1,-1,-1
110,3,373.80,446.30,43.10,106.40,1.0000,-1,-1,-1
110,4,556.50,443.90,130.10,365.40,1.0000,-1,-1,-1
110,5,666.40,443.00,97.70,292.60,1.0000,-1,-1,-1
110,8,1088.90,483.30,36.10,119.20,1.0000,-1,-1,-1
110,9,1051.30,482.80,40.90,110.10,1.0000,-1,-1,-1
110,10,1249.30,448.50,39.40,99.20,1.0000,-1,-1,-1
110,11,1004.90,443.60,40.50,105.20,1.0000,-1,-1,-1
110,18,763.60,453.20,83.10,244.30,1.0000,-1,-1,-1
110,19,443.90,468.60,45.00,100.10,1.0000,-1,-1,-1
110,20,504.40,465.50,34.60,102.90,1.0000,-1,-1,-1
111,1,913.50,483.00,97.50,112.20,1.0000,-1,-1,-1
111,2,835.70,472.40,53.20,76.00,1.0000,-1,-1,-1
111,3,373.90,446.10,42.70,106.90,1.0000,-1,-1,-1
111,4,555.50,440.00,130.60,370.40,1.0000,-1,-1,-1
111,5,668.30,440.90,97.30,296.30,1.0000,-1,-1,-1
111,8,1088.40,483.50,36.50,119.20,1.0000,-1,-1,-1
111,9,1051.10,483.10,40.80,110.90,1.0000,-1,-1,-1
111,10,1246.90,447.20,40.80,101.40,1.0000,-1,-1,-1
111,11,1004.40,444.40,40.40,103.00,1.0000,-1,-1,-1
111,18,763.70,455.60,81.40,239.70,1.0000,-1,-1,-1
111,19,443.00,469.00,45.20,101.30,1.0000,-1,-1,-1
111,20,505.20,464.60,33.30,104.40,1.0000,-1,-1,-1
112,1,913.70,482.30,97.00,112.80,1.0000,-1,-1,-1
112,2,834.80,471.10,53.60,77.40,1.0000,-1,-1,-1
112,3,373.70,445.90,42.90,107.30,1.0000,-1,-1,-1
112,4,554.80,439.50,132.80,364.30,1.0000,-1,-1,-1
112,5,666.50,442.20,99.50,304.60,1.0000,-1,-1,-1
112,8,1088.50,483.70,36.60,118.60,1.0000,-1,-1,-1
112,9,1052.80,483.10,39.90,110.20,1.0000,-1,-1,-1
112,10,1244.80,446.40,40.50,102.50,1.0000,-1,-1,-1
112,11,1004.30,444.70,40.10,103.70,1.0000,-1,-1,-1
112,18,764.70,453.10,81.80,246.80,1.0000,-1,-1,-1
112,19,443.50,469.00,44.00,101.80,1.0000,-1,-1,-1
112,20,503.90,463.40,32.90,105.60,1.0000,-1,-1,-1
113,1,913.70,483.40,96.60,111.90,1.0000,-1,-1,-1
113,2,834.40,471.50,54.60,77.30,1.0000,-1,-1,-1
113,3,373.60,445.90,43.10,107.60,1.0000,-1,-1,-1
113,4,558.80,431.90,129.80,376.90,1.0000,-1,-1,-1
113,5,669.00,441.50,99.40,300.70,1.0000,-1,-1,-1
113,8,1088.30,484.00,37.20,118.00,1.0000,-1,-1,-1
113,9,1051.20,483.10,40.90,110.00,1.0000,-1,-1,-1
113,10,1244.90,446.00,40.30,102.80,1.0000,-1,-1,-1
113,11,1005.20,445.80,39.60,102.70,1.0000,-1,-1,-1
113,18,764.70,453.90,83.40,242.90,1.0000,-1,-1,-1
113,19,442.20,469.10,43.50,101.70,1.0000,-1,-1,-1
113,20,502.20,466.30,33.90,104.30,1.0000,-1,-1,-1
114,1,914.50,483.70,95.30,111.40,1.0000,-1,-1,-1
114,2,835.10,470.40,53.20,78.40,1.0000,-1,-1,-1
114,3,374.00,446.10,42.90,106.80,1.0000,-1,-1,-1
114,4,560.30,430.90,130.50,380.10,1.0000,-1,-1,-1
114,5,668.70,436.10,97.20,318.50,1.0000,-1,-1,-1
114,8,1088.60,484.40,36.30,117.50,1.0000,-1,-1,-1
114,9,1051.10,483.50,41.10,109.90,1.0000,-1,-1,-1
114,10,1243.50,444.80,40.90,103.70,1.0000,-1,-1,-1
114,11,1005.40,446.10,39.10,100.30,1.0000,-1,-1,-1
114,18,768.20,458.00,80.40,236.90,1.0000,-1,-1,-1
114,19,441.40,469.50,44.80,102.50,1.0000,-1,-1,-1
114,20,501.00,465.90,35.50,105.40,1.0000,-1,-1,-1
115,1,913.60,483.80,97.20,110.90,1.0000,-1,-1,-1
115,2,833.40,469.90,55.10,81.40,1.0000,-1,-1,-1
115,3,374.30,446.30,43.10,106.80,1.0000,-1,-1,-1
115,4,557.90,432.60,133.30,377.80,1.0000,-1,-1,-1
115,5,669.80,437.50,98.70,320.00,1.0000,-1,-1,-1
115,8,1088.00,485.00,37.30,116.90,1.0000,-1,-1,-1
115,9,1052.20,483.60,40.70,108.90,1.0000,-1,-1,-1
115,10,1242.60,444.70,41.40,103.00,1.0000,-1,-1,-1
115,11,1006.60,445.50,37.90,99.50,1.0000,-1,-1,-1
115,18,770.10,455.20,83.00,240.00,1.0000,-1,-1,-1
115,19,441.50,468.50,43.30,103.00,1.0000,-1,-1,-1
115,20,501.20,465.00,35.30,107.80,1.0000,-1,-1,-1
116,1,913.70,484.30,97.50,110.10,1.0000,-1,-1,-1
116,2,830.40,468.70,56.80,84.70,1.0000,-1,-1,-1
116,3,374.00,446.20,43.20,107.10,1.0000,-1,-1,-1
116,4,561.10,440.50,130.30,372.60,1.0000,-1,-1,-1
116,5,672.70,438.60,101.40,315.80,1.0000,-1,-1,-1
116,8,1088.50,483.70,36.80,118.40,1.0000,-1,-1,-1
116,9,1051.50,482.90,40.50,110.10,1.0000,-1,-1,-1
116,10,1242.10,444.90,40.10,102.10,1.0000,-1,-1,-1
116,11,1006.60,445.90,38.10,99.90,1.0000,-1,-1,-1
116,18,770.60,457.70,84.60,240.00,1.0000,-1,-1,-1
116,19,441.30,467.30,43.10,103.60,1.0000,-1,-1,-1
116,20,499.80,466.40,35.10,106.70,1.0000,-1,-1,-1
117,1,914.20,484.20,97.20,109.80,1.0000,-1,-1,-1
117,3,373.50,445.40,43.40,107.40,1.0000,-1,-1,-1
117,4,554.00,443.00,135.40,378.90,1.0000,-1,-1,-1
117,5,671.60,440.30,100.80,315.40,1.0000,-1,-1,-1
117,8,1088.40,482.70,37.60,119.30,1.0000,-1,-1,-1
117,9,1051.30,483.50,39.80,109.50,1.0000,-1,-1,-1
117,10,1240.60,443.80,40.50,103.00,1.0000,-1,-1,-1
117,11,1006.90,446.60,38.60,99.90,1.0000,-1,-1,-1
117,18,772.60,450.50,86.30,250.70,1.0000,-1,-1,-1
117,19,439.20,466.90,42.30,104.40,1.0000,-1,-1,-1
117,20,498.70,466.00,36.60,108.40,1.0000,-1,-1,-1
118,1,915.00,483.80,95.40,109.90,1.0000,-1,-1,-1
118,3,374.00,445.90,42.70,106.70,1.0000,-1,-1,-1
118,4,559.10,444.00,130.20,379.90,1.0000,-1,-1,-1
118,5,678.40,440.70,98.10,309.60,1.0000,-1,-1,-1
118,8,1088.10,481.70,38.10,120.50,1.0000,-1,-1,-1
118,9,1051.50,483.00,40.00,110.50,1.0000,-1,-1,-1
118,10,1239.60,443.50,40.80,103.80,1.0000,-1,-1,-1
118,11,1006.20,445.30,39.30,102.60,1.0000,-1,-1,-1
118,18,773.80,450.60,87.90,253.00,1.0000,-1,-1,-1
118,19,438.10,467.80,43.50,104.40,1.0000,-1,-1,-1
118,20,499.10,465.90,36.00,107.80,1.0000,-1,-1,-1
119,1,915.20,484.00,94.80,110.70,1.0000,-1,-1,-1
119,3,373.40,446.00,42.50,106.50,1.0000,-1,-1,-1
119,4,561.90,437.00,130.40,381.40,1.0000,-1,-1,-1
119,5,678.40,439.00,99.00,309.10,1.0000,-1,-1,-1
119,8,1088.40,483.10,37.50,118.70,1.0000,-1,-1,-1
119,9,1051.90,483.30,39.90,110.80,1.0000,-1,-1,-1
119,10,1239.50,442.50,40.20,104.20,1.0000,-1,-1,-1
119,11,1006.70,444.60,39.70,104.30,1.0000,-1,-1,-1
119,18,774.60,452.80,90.30,250.60,1.0000,-1,-1,-1
119,19,438.00,467.80,43.50,103.70,1.0000,-1,-1,-1
119,20,497.50,467.40,35.80,105.70,1.0000,-1,-1,-1
119,24,538.00,462.70,28.70,65.50,1.0000,-1,-1,-1
120,1,914.60,484.80,95.40,109.50,1.0000,-1,-1,-1
120,3,373.20,446.00,42.40,106.50,1.0000,-1,-1,-1
120,4,560.20,436.10,133.60,383.90,1.0000,-1,-1,-1
120,5,679.10,440.90,99.30,309.80,1.0000,-1,-1,-1
120,8,1088.50,483.40,37.60,118.00,1.0000,-1,-1,-1
120,9,1051.90,483.10,40.40,110.40,1.0000,-1,-1,-1
120,10,1238.90,442.10,40.10,105.20,1.0000,-1,-1,-1
120,11,1006.70,444.50,39.40,104.90,1.0000,-1,-1,-1
120,18,775.40,446.80,93.50,252.90,1.0000,-1,-1,-1
120,19,436.80,468.20,44.80,104.50,1.0000,-1,-1,-1
120,20,498.30,467.40,35.00,105.40,1.0000,-1,-1,-1
121,1,913.90,485.40,96.60,109.00,1.0000,-1,-1,-1
121,3,373.80,446.50,42.20,105.70,1.0000,-1,-1,-1
121,4,560.40,451.70,133.20,369.50,1.0000,-1,-1,-1
121,5,677.20,441.70,100.50,311.10,1.0000,-1,-1,-1
121,8,1088.80,482.10,37.70,119.90,1.0000,-1,-1,-1
121,9,1051.60,483.10,40.50,111.20,1.0000,-1,-1,-1
121,10,1237.90,442.40,40.50,105.20,1.0000,-1,-1,-1
121,11,1007.00,444.60,39.10,104.00,1.0000,-1,-1,-1
121,18,777.70,451.40,95.60,251.30,1.0000,-1,-1,-1
121,19,435.80,469.00,45.70,104.30,1.0000,-1,-1,-1
121,20,498.00,469.10,35.40,102.90,1.0000,-1,-1,-1
121,24,534.20,459.20,28.90,66.90,1.0000,-1,-1,-1
122,1,915.00,484.90,95.30,109.20,1.0000,-1,-1,-1
122,3,374.00,446.20,41.50,105.80,1.0000,-1,-1,-1
122,4,567.00,438.60,129.80,383.10,1.0000,-1,-1,-1
122,5,678.50,440.80,100.90,312.70,1.0000,-1,-1,-1
122,8,1089.00,483.50,37.30,118.60,1.0000,-1,-1,-1
122,9,1051.60,483.80,40.30,109.70,1.0000,-1,-1,-1
122,10,1237.70,443.00,40.40,104.90,1.0000,-1,-1,-1
122,11,1006.40,444.60,39.70,103.60,1.0000,-1,-1,-1
122,18,780.10,451.20,95.90,251.00,1.0000,-1,-1,-1
122,19,434.50,469.10,46.10,104.90,1.0000,-1,-1,-1
122,20,497.80,469.60,34.60,103.30,1.0000,-1,-1,-1
122,24,533.50,458.70,30.10,70.50,1.0000,-1,-1,-1
123,1,916.20,483.70,92.90,110.60,1.0000,-1,-1,-1
123,3,374.10,446.00,41.70,106.10,1.0000,-1,-1,-1
123,4,566.00,437.80,132.60,382.80,1.0000,-1,-1,-1
123,5,681.40,440.20,98.00,317.20,1.0000,-1,-1,-1
123,8,1088.60,485.00,37.40,116.30,1.0000,-1,-1,-1
123,9,1052.10,484.10,39.90,109.20,1.0000,-1,-1,-1
123,10,1237.00,445.10,39.00,103.10,1.0000,-1,-1,-1
123,11,1006.50,443.50,39.40,104.40,1.0000,-1,-1,-1
123,18,783.80,458.40,98.20,245.00,1.0000,-1,-1,-1
123,19,434.80,470.00,45.00,104.00,1.0000,-1,-1,-1
123,20,498.70,469.50,34.00,103.20,1.0000,-1,-1,-1
123,24,531.30,457.30,32.10,77.00,1.0000,-1,-1,-1
124,1,915.50,483.60,94.80,110.80,1.0000,-1,-1,-1
124,3,374.80,447.00,41.00,104.20,1.0000,-1,-1,-1
124,4,564.40,440.20,137.00,391.80,1.0000,-1,-1,-1
124,5,682.10,437.70,99.20,316.00,1.0000,-1,-1,-1
124,8,1088.40,484.60,37.50,116.80,1.0000,-1,-1,-1
124,9,1052.20,484.00,39.40,109.20,1.0000,-1,-1,-1
124,10,1236.90,446.20,38.70,101.80,1.0000,-1,-1,-1
124,11,1005.80,443.50,39.20,105.20,1.0000,-1,-1,-1
124,18,785.10,455.00,95.00,247.70,1.0000,-1,-1,-1
124,19,432.70,469.50,45.70,104.30,1.0000,-1,-1,-1
124,20,497.20,470.80,35.10,103.50,1.0000,-1,-1,-1
124,24,530.90,458.50,30.90,73.30,1.0000,-1,-1,-1
125,1,914.60,482.10,95.90,112.00,1.0000,-1,-1,-1
125,3,374.00,447.30,41.80,103.80,1.0000,-1,-1,-1
125,4,567.10,438.60,137.00,395.60,1.0000,-1,-1,-1
125,5,681.20,438.20,99.00,318.60,1.0000,-1,-1,-1
125,8,1087.80,483.80,37.90,117.20,1.0000,-1,-1,-1
125,9,1051.90,483.20,39.30,110.20,1.0000,-1,-1,-1
125,10,1235.20,446.20,38.80,101.50,1.0000,-1,-1,-1
125,11,1005.20,444.30,38.50,102.80,1.0000,-1,-1,-1
125,18,787.60,453.20,94.40,253.10,1.0000,-1,-1,-1
125,19,429.30,467.40,50.40,105.70,1.0000,-1,-1,-1
125,20,498.20,469.10,34.50,105.90,1.0000,-1,-1,-1
125,24,531.70,454.10,32.30,77.50,1.0000,-1,-1,-1
126,1,914.80,482.50,95.90,111.40,1.0000,-1,-1,-1
126,3,373.50,446.80,42.40,104.40,1.0000,-1,-1,-1
126,4,570.30,450.80,136.40,376.00,1.0000,-1,-1,-1
126,5,682.70,437.00,98.40,319.10,1.0000,-1,-1,-1
126,8,1087.80,483.30,37.90,117.10,1.0000,-1,-1,-1
126,9,1052.30,483.30,39.30,109.70,1.0000,-1,-1,-1
126,10,1232.70,447.20,39.20,101.60,1.0000,-1,-1,-1
126,11,1004.70,445.70,39.40,101.10,1.0000,-1,-1,-1
126,18,786.80,459.00,95.20,250.60,1.0000,-1,-1,-1
126,19,427.10,467.90,52.10,105.20,1.0000,-1,-1,-1
126,20,496.80,469.80,34.60,105.60,1.0000,-1,-1,-1
126,24,528.30,457.80,30.50,69.50,1.0000,-1,-1,-1
127,1,914.50,483.80,96.30,110.40,1.0000,-1,-1,-1
127,3,373.50,446.90,42.60,104.60,1.0000,-1,-1,-1
127,4,571.00,442.90,133.90,389.60,1.0000,-1,-1,-1
127,5,682.70,436.60,98.80,323.60,1.0000,-1,-1,-1
127,8,1087.20,482.00,38.90,118.50,1.0000,-1,-1,-1
127,9,1052.60,482.60,39.70,110.80,1.0000,-1,-1,-1
127,10,1231.00,446.20,41.00,102.20,1.0000,-1,-1,-1
127,11,1006.10,444.90,38.70,102.40,1.0000,-1,-1,-1
127,18,787.80,458.70,96.10,251.70,1.0000,-1,-1,-1
127,19,425.80,466.10,52.60,107.30,1.0000,-1,-1,-1
127,20,496.10,468.90,34.90,106.60,1.0000,-1,-1,-1
127,24,530.40,456.50,30.70,69.10,1.0000,-1,-1,-1
128,1,912.50,484.20,95.70,111.40,1.0000,-1,-1,-1
128,3,373.20,446.70,43.00,105.50,1.0000,-1,-1,-1
128,4,569.80,438.50,138.50,392.40,1.0000,-1,-1,-1
128,5,682.20,440.40,100.50,323.20,1.0000,-1,-1,-1
128,8,1086.70,482.30,39.40,117.50,1.0000,-1,-1,-1
128,9,1053.00,483.30,40.00,109.20,1.0000,-1,-1,-1
128,10,1228.60,445.40,41.00,102.30,1.0000,-1,-1,-1
128,11,1004.60,445.70,39.30,101.00,1.0000,-1,-1,-1
128,18,786.80,451.60,97.90,259.40,1.0000,-1,-1,-1
128,19,424.30,464.90,53.60,109.40,1.0000,-1,-1,-1
128,20,494.80,468.60,35.20,106.50,1.0000,-1,-1,-1
128,24,531.50,455.30,30.80,70.60,1.0000,-1,-1,-1
129,1,914.00,484.30,96.20,110.50,1.0000,-1,-1,-1
129,3,373.30,446.90,43.60,105.00,1.0000,-1,-1,-1
129,4,569.40,439.60,141.30,391.10,1.0000,-1,-1,-1
129,5,686.20,436.60,97.90,327.20,1.0000,-1,-1,-1
129,8,1087.30,481.00,39.30,118.80,1.0000,-1,-1,-1
129,9,1052.30,482.50,39.50,110.10,1.0000,-1,-1,-1
129,10,1227.50,447.90,40.40,99.30,1.0000,-1,-1,-1
129,11,1005.50,444.50,38.60,102.60,1.0000,-1,-1,-1
129,18,789.00,454.70,96.80,251.10,1.0000,-1,-1,-1
129,19,421.80,463.90,54.60,110.00,1.0000,-1,-1,-1
129,20,493.40,469.10,36.10,104.80,1.0000,-1,-1,-1
129,24,530.80,455.60,30.60,71.60,1.0000,-1,-1,-1
130,1,914.10,484.50,96.80,110.20,1.0000,-1,-1,-1
130,3,373.70,446.90,43.10,104.90,1.0000,-1,-1,-1
130,4,573.20,439.90,136.20,393.40,1.0000,-1,-1,-1
130,5,685.10,439.30,101.50,325.10,1.0000,-1,-1,-1
130,8,1087.20,481.90,39.50,118.20,1.0000,-1,-1,-1
130,9,1051.60,482.30,39.60,109.20,1.0000,-1,-1,-1
130,10,1226.80,448.90,40.60,97.80,1.0000,-1,-1,-1
130,11,1006.30,444.50,38.80,102.30,1.0000,-1,-1,-1
130,18,792.50,453.70,93.00,258.30,1.0000,-1,-1,-1
130,19,420.80,464.30,55.00,108.90,1.0000,-1,-1,-1
130,20,492.60,469.40,36.70,105.80,1.0000,-1,-1,-1
130,24,530.60,455.10,30.90,74.30,1.0000,-1,-1,-1
131,1,915.20,483.90,95.60,110.40,1.0000,-1,-1,-1
131,3,374.10,447.10,42.70,105.10,1.0000,-1,-1,-1
131,4,571.10,442.20,144.80,397.20,1.0000,-1,-1,-1
131,5,686.10,434.60,101.50,328.10,1.0000,-1,-1,-1
131,8,1087.30,482.20,39.10,117.40,1.0000,-1,-1,-1
131,9,1052.50,483.10,38.70,109.50,1.0000,-1,-1,-1
131,10,1224.80,447.20,41.20,99.50,1.0000,-1,-1,-1
131,11,1005.00,444.50,39.40,103.70,1.0000,-1,-1,-1
131,18,794.50,451.10,94.30,261.30,1.0000,-1,-1,-1
131,19,417.80,465.60,58.50,106.80,1.0000,-1,-1,-1
131,20,493.00,467.90,36.30,106.50,1.0000,-1,-1,-1
131,24,529.20,456.50,31.70,73.30,1.0000,-1,-1,-1
132,1,914.70,483.10,96.30,112.20,1.0000,-1,-1,-1
132,3,374.30,446.50,42.30,105.60,1.0000,-1,-1,-1
132,4,571.90,441.90,142.70,400.90,1.0000,-1,-1,-1
132,5,687.20,434.20,100.20,324.20,1.0000,-1,-1,-1
132,8,1086.80,483.60,38.90,116.20,1.0000,-1,-1,-1
132,9,1052.90,483.60,38.90,109.60,1.0000,-1,-1,-1
132,10,1223.90,445.30,42.60,101.10,1.0000,-1,-1,-1
132,11,1005.00,443.50,39.10,104.70,1.0000,-1,-1,-1
132,18,797.40,451.00,91.80,261.20,1.0000,-1,-1,-1
132,19,414.40,466.60,62.70,104.50,1.0000,-1,-1,-1
132,20,491.20,468.70,37.20,106.50,1.0000,-1,-1,-1
132,24,527.90,456.90,31.10,73.30,1.0000,-1,-1,-1
133,1,914.40,483.90,96.40,111.10,1.0000,-1,-1,-1
133,3,374.20,447.00,42.40,104.70,1.0000,-1,-1,-1
133,4,577.40,433.20,141.70,404.60,1.0000,-1,-1,-1
133,5,688.50,437.20,99.20,318.20,1.0000,-1,-1,-1
133,8,1087.00,484.60,38.40,115.70,1.0000,-1,-1,-1
133,9,1053.60,483.80,38.60,108.40,1.0000,-1,-1,-1
133,10,1222.40,446.10,41.60,100.40,1.0000,-1,-1,-1
133,11,1004.30,443.70,39.90,105.00,1.0000,-1,-1,-1
133,18,797.90,448.60,92.50,264.00,1.0000,-1,-1,-1
133,19,412.50,466.70,62.10,104.20,1.0000,-1,-1,-1
133,20,490.60,468.50,39.10,108.90,1.0000,-1,-1,-1
133,24,528.30,457.10,32.00,73.50,1.0000,-1,-1,-1
134,1,914.00,484.30,97.40,110.10,1.0000,-1,-1,-1
134,3,373.70,446.20,42.60,105.10,1.0000,-1,-1,-1
134,4,571.90,441.50,146.50,400.20,1.0000,-1,-1,-1
134,5,688.60,437.10,99.70,318.90,1.0000,-1,-1,-1
134,8,1087.20,485.40,37.80,114.70,1.0000,-1,-1,-1
134,9,1054.00,484.70,38.40,107.70,1.0000,-1,-1,-1
134,10,1221.60,447.30,40.70,99.80,1.0000,-1,-1,-1
134,11,1003.40,443.40,39.20,104.60,1.0000,-1,-1,-1
134,18,800.70,449.70,93.80,261.70,1.0000,-1,-1,-1
134,19,412.30,468.00,61.30,103.10,1.0000,-1,-1,-1
134,20,490.30,467.30,38.50,105.60,1.0000,-1,-1,-1
134,24,530.50,455.50,32.10,78.50,1.0000,-1,-1,-1
135,1,913.40,484.60,97.40,110.40,1.0000,-1,-1,-1
135,3,373.20,446.20,42.80,105.70,1.0000,-1,-1,-1
135,4,575.40,449.90,140.60,387.50,1.0000,-1,-1,-1
135,5,689.00,427.50,100.20,330.60,1.0000,-1,-1,-1
135,8,1087.40,485.20,38.00,115.60,1.0000,-1,-1,-1
135,9,1054.10,484.50,38.20,108.40,1.0000,-1,-1,-1
135,10,1219.80,446.00,40.00,102.40,1.0000,-1,-1,-1
135,11,1003.40,444.20,38.60,103.30,1.0000,-1,-1,-1
135,18,803.30,448.30,90.60,264.00,1.0000,-1,-1,-1
135,19,410.40,468.70,62.30,102.10,1.0000,-1,-1,-1
135,20,488.40,468.00,38.90,104.00,1.0000,-1,-1,-1
135,24,529.60,456.30,31.10,75.40,1.0000,-1,-1,-1
136,1,914.70,484.90,95.00,109.50,1.0000,-1,-1,-1
136,3,373.30,447.20,43.00,104.90,1.0000,-1,-1,-1
136,4,574.50,447.20,140.60,396.50,1.0000,-1,-1,-1
136,5,689.50,438.50,101.50,317.60,1.0000,-1,-1,-1
136,8,1087.50,484.90,38.40,116.40,1.0000,-1,-1,-1
136,9,1053.00,483.90,37.60,109.30,1.0000,-1,-1,-1
136,10,1219.80,446.50,39.20,101.80,1.0000,-1,-1,-1
136,11,1002.90,444.10,38.40,102.80,1.0000,-1,-1,-1
136,18,806.20,448.60,89.70,264.60,1.0000,-1,-1,-1
136,19,410.30,468.20,62.00,103.40,1.0000,-1,-1,-1
136,20,487.20,467.90,40.10,104.00,1.0000,-1,-1,-1
136,24,530.30,455.80,31.00,76.50,1.0000,-1,-1,-1
137,1,913.40,484.70,97.30,110.30,1.0000,-1,-1,-1
137,3,373.30,445.90,42.90,105.40,1.0000,-1,-1,-1
137,4,573.70,446.50,145.30,401.40,1.0000,-1,-1,-1
137,5,690.60,433.90,102.00,328.20,1.0000,-1,-1,-1
137,8,1088.40,485.00,37.90,115.90,1.0000,-1,-1,-1
137,9,1051.30,483.10,39.20,110.50,1.0000,-1,-1,-1
137,10,1217.80,445.30,40.10,102.80,1.0000,-1,-1,-1
137,11,1003.40,444.20,38.40,103.20,1.0000,-1,-1,-1
137,18,807.70,453.60,88.00,261.50,1.0000,-1,-1,-1
137,19,408.90,466.30,62.10,104.30,1.0000,-1,-1,-1
137,20,486.00,467.70,41.10,107.10,1.0000,-1,-1,-1
137,24,530.80,454.50,29.10,75.30,1.0000,-1,-1,-1
138,1,912.50,483.90,98.50,110.90,1.0000,-1,-1,-1
138,3,373.50,445.20,42.70,107.00,1.0000,-1,-1,-1
138,4,571.00,446.50,148.80,406.70,1.0000,-1,-1,-1
138,5,692.40,434.20,104.20,330.20,1.0000,-1,-1,-1
138,8,1088.10,484.70,38.10,115.70,1.0000,-1,-1,-1
138,9,1053.50,482.30,37.70,110.50,1.0000,-1,-1,-1
138,10,1216.80,444.80,41.20,103.80,1.0000,-1,-1,-1
138,11,1002.30,443.50,38.80,102.90,1.0000,-1,-1,-1
138,18,810.60,449.90,87.00,266.20,1.0000,-1,-1,-1
138,19,406.70,467.60,64.20,103.80,1.0000,-1,-1,-1
138,20,485.40,466.90,39.80,106.90,1.0000,-1,-1,-1
138,24,531.50,453.10,28.10,75.70,1.0000,-1,-1,-1
139,1,913.80,483.70,96.90,110.80,1.0000,-1,-1,-1
139,3,373.40,446.00,42.60,104.80,1.0000,-1,-1,-1
139,4,567.30,436.90,154.70,418.70,1.0000,-1,-1,-1
139,5,696.10,431.60,104.60,333.00,1.0000,-1,-1,-1
139,8,1088.10,486.50,38.20,114.40,1.0000,-1,-1,-1
139,9,1053.20,483.50,37.60,109.30,1.0000,-1,-1,-1
139,10,1216.20,445.20,40.80,103.70,1.0000,-1,-1,-1
139,11,1002.80,442.90,38.50,103.80,1.0000,-1,-1,-1
139,18,813.80,450.70,88.10,263.70,1.0000,-1,-1,-1
139,19,407.90,468.70,63.60,102.90,1.0000,-1,-1,-1
139,20,485.60,467.90,39.90,106.70,1.0000,-1,-1,-1
139,24,531.80,455.30,29.60,71.40,1.0000,-1,-1,-1
140,1,914.00,484.00,96.10,110.40,1.0000,-1,-1,-1
140,3,374.30,446.00,41.80,105.00,1.0000,-1,-1,-1
140,4,569.00,444.60,149.30,411.40,1.0000,-1,-1,-1
140,5,696.20,435.30,109.80,331.90,1.0000,-1,-1,-1
140,8,1088.00,487.30,37.70,113.20,1.0000,-1,-1,-1
140,9,1051.80,484.60,39.60,108.70,1.0000,-1,-1,-1
140,10,1214.30,445.40,40.90,104.10,1.0000,-1,-1,-1
140,11,1002.70,443.50,38.70,103.70,1.0000,-1,-1,-1
140,18,815.40,449.40,88.20,262.40,1.0000,-1,-1,-1
140,19,406.60,466.60,63.00,103.70,1.0000,-1,-1,-1
140,20,484.00,467.10,41.10,107.70,1.0000,-1,-1,-1
140,24,532.60,453.70,28.80,75.20,1.0000,-1,-1,-1
141,1,912.20,482.90,98.20,111.90,1.0000,-1,-1,-1
141,3,373.90,446.10,42.80,105.60,1.0000,-1,-1,-1
141,4,567.60,437.80,155.30,427.70,1.0000,-1,-1,-1
141,5,697.70,433.90,113.80,331.80,1.0000,-1,-1,-1
141,8,1087.50,487.50,38.00,112.90,1.0000,-1,-1,-1
141,9,1053.20,484.50,39.80,108.60,1.0000,-1,-1,-1
141,10,1212.90,446.30,40.60,103.40,1.0000,-1,-1,-1
141,11,1003.10,443.00,38.30,103.40,1.0000,-1,-1,-1
141,18,816.40,449.60,89.80,266.90,1.0000,-1,-1,-1
141,19,405.90,466.80,62.70,103.80,1.0000,-1,-1,-1
141,20,482.40,468.30,41.50,105.80,1.0000,-1,-1,-1
141,24,532.90,455.40,29.10,71.30,1.0000,-1,-1,-1
142,1,913.00,482.50,97.70,112.90,1.0000,-1,-1,-1
142,3,373.60,446.30,43.00,105.30,1.0000,-1,-1,-1
142,4,569.60,444.80,148.00,414.90,1.0000,-1,-1,-1
142,5,697.50,437.70,121.50,335.30,1.0000,-1,-1,-1
142,8,1088.10,486.90,38.10,113.90,1.0000,-1,-1,-1
142,9,1052.90,484.30,39.80,109.00,1.0000,-1,-1,-1
142,10,1212.00,445.60,40.10,103.10,1.0000,-1,-1,-1
142,11,1003.60,443.40,37.80,103.10,1.0000,-1,-1,-1
142,18,815.60,448.70,91.80,274.20,1.0000,-1,-1,-1
142,19,405.60,466.40,60.60,104.30,1.0000,-1,-1,-1
142,20,481.60,466.00,42.20,107.60,1.0000,-1,-1,-1
142,24,526.90,459.30,29.70,69.70,1.0000,-1,-1,-1
142,27,1105.60,460.80,36.80,88.50,1.0000,-1,-1,-1
143,1,918.20,482.50,89.60,113.20,1.0000,-1,-1,-1
143,3,372.70,444.70,43.10,107.00,1.0000,-1,-1,-1
143,4,568.20,437.50,152.70,428.60,1.0000,-1,-1,-1
143,5,697.30,434.20,122.50,328.90,1.0000,-1,-1,-1
143,8,1087.50,485.90,38.40,113.10,1.0000,-1,-1,-1
143,9,1052.00,484.00,39.80,108.60,1.0000,-1,-1,-1
143,10,1210.00,445.20,40.50,104.00,1.0000,-1,-1,-1
143,11,1002.70,444.20,38.30,101.10,1.0000,-1,-1,-1
143,18,818.60,448.10,89.20,268.20,1.0000,-1,-1,-1
143,19,403.30,466.00,62.40,105.60,1.0000,-1,-1,-1
143,20,481.20,466.10,42.20,107.70,1.0000,-1,-1,-1
143,24,531.70,456.10,26.60,72.40,1.0000,-1,-1,-1
143,27,1108.90,451.40,37.60,95.10,1.0000,-1,-1,-1
144,1,915.60,484.50,92.90,113.00,1.0000,-1,-1,-1
144,3,372.80,445.40,44.20,106.60,1.0000,-1,-1,-1
144,4,564.60,440.90,154.10,429.00,1.0000,-1,-1,-1
144,5,699.30,439.10,127.30,324.70,1.0000,-1,-1,-1
144,8,1087.60,487.40,38.20,112.50,1.0000,-1,-1,-1
144,9,1052.20,483.80,39.00,108.60,1.0000,-1,-1,-1
144,10,1209.60,447.90,39.10,100.90,1.0000,-1,-1,-1
144,11,1002.50,444.80,38.20,101.10,1.0000,-1,-1,-1
144,18,819.30,449.60,88.70,266.20,1.0000,-1,-1,-1
144,19,401.60,466.10,63.10,105.50,1.0000,-1,-1,-1
144,20,479.00,467.30,42.50,107.90,1.0000,-1,-1,-1
144,24,534.40,454.90,27.30,70.60,1.0000,-1,-1,-1
144,27,1114.70,449.00,39.00,96.60,1.0000,-1,-1,-1
145,1,915.30,483.90,93.30,114.30,1.0000,-1,-1,-1
145,3,372.80,445.10,43.90,107.30,1.0000,-1,-1,-1
145,4,565.70,437.00,148.50,431.30,1.0000,-1,-1,-1
145,5,701.30,438.10,128.90,324.00,1.0000,-1,-1,-1
145,8,1087.60,486.60,38.10,112.50,1.0000,-1,-1,-1
145,9,1052.90,483.70,39.80,109.40,1.0000,-1,-1,-1
145,10,1208.30,447.30,38.40,102.40,1.0000,-1,-1,-1
145,11,1002.70,444.70,38.00,100.80,1.0000,-1,-1,-1
145,18,820.70,447.40,90.20,276.30,1.0000,-1,-1,-1
145,19,402.60,465.70,60.90,106.40,1.0000,-1,-1,-1
145,20,478.00,466.80,42.70,109.60,1.0000,-1,-1,-1
145,27,1115.60,450.60,40.90,93.10,1.0000,-1,-1,-1
145,28,520.00,458.90,29.00,72.20,1.0000,-1,-1,-1
146,1,917.30,487.40,87.30,111.50,1.0000,-1,-1,-1
146,3,373.00,445.80,43.50,105.40,1.0000,-1,-1,-1
146,4,565.30,438.30,147.80,434.50,1.0000,-1,-1,-1
146,5,705.60,437.40,129.90,337.00,1.0000,-1,-1,-1
146,8,1088.10,486.20,37.60,113.50,1.0000,-1,-1,-1
146,9,1053.40,484.00,38.40,110.30,1.0000,-1,-1,-1
146,10,1208.00,446.30,37.50,102.40,1.0000,-1,-1,-1
146,11,1002.40,444.20,38.10,103.70,1.0000,-1,-1,-1
146,18,824.50,449.00,86.90,274.00,1.0000,-1,-1,-1
146,19,401.00,464.90,62.30,106.30,1.0000,-1,-1,-1
146,20,476.90,466.60,42.60,109.90,1.0000,-1,-1,-1
146,27,1116.60,448.80,40.20,94.30,1.0000,-1,-1,-1
146,28,516.70,457.50,30.50,76.80,1.0000,-1,-1,-1
147,3,372.50,445.90,43.20,105.70,1.0000,-1,-1,-1
147,4,564.10,438.80,148.70,435.30,1.0000,-1,-1,-1
147,5,708.00,436.30,130.60,330.10,1.0000,-1,-1,-1
147,8,1088.60,485.00,37.40,114.40,1.0000,-1,-1,-1
147,9,1050.60,483.60,40.90,110.20,1.0000,-1,-1,-1
147,10,1207.20,445.60,37.70,102.90,1.0000,-1,-1,-1
147,11,1002.40,443.90,37.90,102.10,1.0000,-1,-1,-1
147,18,826.10,449.10,88.00,277.60,1.0000,-1,-1,-1
147,19,401.70,464.90,62.50,107.30,1.0000,-1,-1,-1
147,20,477.10,463.30,41.30,112.00,1.0000,-1,-1,-1
147,24,530.50,453.50,25.80,77.50,1.0000,-1,-1,-1
147,27,1122.00,450.90,36.20,92.80,1.0000,-1,-1,-1
147,28,512.60,456.40,32.60,85.00,1.0000,-1,-1,-1
148,3,373.00,445.80,42.40,106.00,1.0000,-1,-1,-1
148,4,558.70,432.60,151.10,449.30,1.0000,-1,-1,-1
148,5,709.20,435.30,130.20,334.80,1.0000,-1,-1,-1
148,8,1088.60,483.50,38.10,115.80,1.0000,-1,-1,-1
148,9,1052.50,484.00,38.80,109.30,1.0000,-1,-1,-1
148,10,1205.00,445.30,38.10,103.30,1.0000,-1,-1,-1
148,11,1002.10,443.60,38.10,101.20,1.0000,-1,-1,-1
148,18,827.10,450.90,89.50,277.00,1.0000,-1,-1,-1
148,19,402.50,464.60,62.00,108.30,1.0000,-1,-1,-1
148,20,475.40,462.10,42.20,114.10,1.0000,-1,-1,-1
148,24,523.90,455.20,30.00,84.00,1.0000,-1,-1,-1
148,27,1124.80,452.80,34.50,92.00,1.0000,-1,-1,-1
148,28,505.20,454.20,33.80,100.90,1.0000,-1,-1,-1
149,3,372.50,445.30,43.50,107.40,1.0000,-1,-1,-1
149,4,558.50,436.40,148.30,447.00,1.0000,-1,-1,-1
149,5,712.00,434.20,128.00,339.60,1.0000,-1,-1,-1
149,8,1087.90,482.90,39.00,116.10,1.0000,-1,-1,-1
149,9,1051.50,484.20,40.10,109.30,1.0000,-1,-1,-1
149,10,1202.90,445.50,38.30,102.60,1.0000,-1,-1,-1
149,11,1002.30,443.90,38.50,100.30,1.0000,-1,-1,-1
149,18,828.40,454.20,91.20,267.30,1.0000,-1,-1,-1
149,19,402.10,465.20,61.90,108.10,1.0000,-1,-1,-1
149,20,474.40,463.00,42.10,112.20,1.0000,-1,-1,-1
149,27,1126.00,454.80,35.20,89.20,1.0000,-1,-1,-1
149,28,503.60,454.80,35.60,104.70,1.0000,-1,-1,-1
150,3,372.40,446.00,44.10,106.70,1.0000,-1,-1,-1
150,4,552.80,434.80,151.50,451.40,1.0000,-1,-1,-1
150,5,712.10,436.80,124.50,332.10,1.0000,-1,-1,-1
150,8,1089.00,481.70,38.20,118.10,1.0000,-1,-1,-1
150,9,1051.90,483.60,39.90,110.40,1.0000,-1,-1,-1
150,10,1202.20,445.70,38.20,102.50,1.0000,-1,-1,-1
150,11,1001.60,444.00,37.90,99.40,1.0000,-1,-1,-1
150,18,832.20,451.40,87.20,279.90,1.0000,-1,-1,-1
150,19,401.30,466.00,62.30,105.50,1.0000,-1,-1,-1
150,20,474.60,464.30,39.90,110.70,1.0000,-1,-1,-1
150,27,1125.90,454.50,34.30,91.60,1.0000,-1,-1,-1
150,28,503.60,456.00,36.40,107.20,1.0000,-1,-1,-1
151,3,372.00,446.00,44.30,106.40,1.0000,-1,-1,-1
151,4,550.80,433.40,154.30,452.70,1.0000,-1,-1,-1
151,5,716.10,438.20,122.10,335.70,1.0000,-1,-1,-1
151,8,1088.30,481.70,38.50,118.90,1.0000,-1,-1,-1
151,9,1051.80,483.60,39.60,111.10,1.0000,-1,-1,-1
151,10,1201.70,447.20,37.20,100.80,1.0000,-1,-1,-1
151,11,1002.00,442.10,38.60,103.30,1.0000,-1,-1,-1
151,18,832.50,450.90,89.20,282.50,1.0000,-1,-1,-1
151,19,401.00,466.60,63.20,105.50,1.0000,-1,-1,-1
151,20,473.80,465.80,40.30,109.90,1.0000,-1,-1,-1
151,27,1127.40,455.60,34.00,90.00,1.0000,-1,-1,-1
151,28,503.40,455.20,36.20,108.60,1.0000,-1,-1,-1
152,3,372.60,446.20,45.10,105.80,1.0000,-1,-1,-1
152,4,549.00,434.30,155.60,455.50,1.0000,-1,-1,-1
152,5,719.80,440.40,116.90,326.40,1.0000,-1,-1,-1
152,8,1088.60,479.60,38.80,120.20,1.0000,-1,-1,-1
152,9,1052.40,483.10,39.80,112.00,1.0000,-1,-1,-1
152,10,1198.60,446.30,38.90,101.20,1.0000,-1,-1,-1
152,11,1002.00,442.40,38.80,104.70,1.0000,-1,-1,-1
152,18,830.60,455.20,92.60,277.00,1.0000,-1,-1,-1
152,19,398.30,467.20,66.10,104.90,1.0000,-1,-1,-1
152,20,474.30,466.00,38.90,110.60,1.0000,-1,-1,-1
152,27,1127.20,456.30,33.70,89.30,1.0000,-1,-1,-1
152,28,501.40,454.20,36.60,111.30,1.0000,-1,-1,-1
153,3,372.60,446.20,44.40,105.20,1.0000,-1,-1,-1
153,4,544.90,432.20,157.20,458.50,1.0000,-1,-1,-1
153,5,721.00,439.30,119.20,330.70,1.0000,-1,-1,-1
153,8,1088.30,481.50,39.60,118.40,1.0000,-1,-1,-1
153,9,1051.70,482.90,40.40,111.20,1.0000,-1,-1,-1
153,10,1197.40,446.80,39.50,101.30,1.0000,-1,-1,-1
153,11,1002.50,441.80,38.10,105.80,1.0000,-1,-1,-1
153,18,835.30,449.30,87.70,283.10,1.0000,-1,-1,-1
153,19,398.60,468.70,64.80,104.30,1.0000,-1,-1,-1
153,20,473.30,467.60,39.80,109.40,1.0000,-1,-1,-1
153,27,1127.70,456.80,33.90,89.90,1.0000,-1,-1,-1
153,28,499.70,454.50,32.60,107.10,1.0000,-1,-1,-1
154,3,372.50,446.50,44.30,105.10,1.0000,-1,-1,-1
154,4,543.50,429.90,159.10,458.40,1.0000,-1,-1,-1
154,5,722.20,436.20,120.80,337.10,1.0000,-1,-1,-1
154,8,1087.70,482.30,39.90,117.40,1.0000,-1,-1,-1
154,9,1051.50,482.90,40.40,111.20,1.0000,-1,-1,-1
154,10,1196.20,447.70,39.40,100.30,1.0000,-1,-1,-1
154,11,1002.20,443.10,38.20,103.90,1.0000,-1,-1,-1
154,18,832.20,446.90,90.20,289.70,1.0000,-1,-1,-1
154,19,399.20,468.30,64.40,104.30,1.0000,-1,-1,-1
154,20,472.00,467.00,40.30,111.10,1.0000,-1,-1,-1
154,27,1128.70,458.00,34.20,87.50,1.0000,-1,-1,-1
154,28,500.60,455.00,29.30,98.60,1.0000,-1,-1,-1
155,3,372.00,446.10,45.00,105.80,1.0000,-1,-1,-1
155,4,541.60,427.90,160.60,461.10,1.0000,-1,-1,-1
155,5,723.50,434.70,120.50,341.00,1.0000,-1,-1,-1
155,8,1088.10,482.60,39.40,117.20,1.0000,-1,-1,-1
155,9,1051.70,483.10,40.10,111.30,1.0000,-1,-1,-1
155,10,1194.90,448.20,39.30,99.60,1.0000,-1,-1,-1
155,11,1002.20,442.70,39.00,105.00,1.0000,-1,-1,-1
155,18,838.20,447.10,82.90,288.30,1.0000,-1,-1,-1
155,19,398.90,468.00,63.50,105.30,1.0000,-1,-1,-1
155,20,471.40,466.30,40.00,112.80,1.0000,-1,-1,-1
155,27,1129.20,455.20,34.20,91.50,1.0000,-1,-1,-1
155,28,502.00,455.90,29.30,94.20,1.0000,-1,-1,-1
155,30,898.20,437.40,72.10,238.60,1.0000,-1,-1,-1
156,3,371.20,446.70,45.40,104.90,1.0000,-1,-1,-1
156,4,540.70,430.00,158.80,460.00,1.0000,-1,-1,-1
156,5,726.30,436.10,118.00,338.80,1.0000,-1,-1,-1
156,8,1088.30,481.60,38.70,118.00,1.0000,-1,-1,-1
156,9,1052.20,482.90,41.50,112.90,1.0000,-1,-1,-1
156,10,1192.80,447.90,40.30,100.00,1.0000,-1,-1,-1
156,11,1001.40,443.10,38.30,103.00,1.0000,-1,-1,-1
156,18,837.40,443.90,84.40,292.10,1.0000,-1,-1,-1
156,19,399.40,467.90,62.50,106.10,1.0000,-1,-1,-1
156,20,470.90,465.20,38.60,115.10,1.0000,-1,-1,-1
156,27,1128.70,454.50,32.90,92.80,1.0000,-1,-1,-1
156,30,898.10,440.50,74.90,240.40,1.0000,-1,-1,-1
157,3,371.20,445.90,45.10,106.00,1.0000,-1,-1,-1
157,4,540.80,430.20,160.40,458.80,1.0000,-1,-1,-1
157,5,728.00,434.50,118.60,343.30,1.0000,-1,-1,-1
157,8,1088.10,482.60,38.80,117.10,1.0000,-1,-1,-1
157,9,1051.70,484.10,40.30,111.00,1.0000,-1,-1,-1
157,10,1191.30,447.40,40.10,100.30,1.0000,-1,-1,-1
157,11,1000.70,443.50,38.50,102.70,1.0000,-1,-1,-1
157,18,841.20,446.10,82.60,287.60,1.0000,-1,-1,-1
157,19,399.60,468.70,62.00,104.70,1.0000,-1,-1,-1
157,20,470.80,464.70,37.90,114.20,1.0000,-1,-1,-1
157,27,1128.30,450.70,35.60,93.80,1.0000,-1,-1,-1
157,30,903.40,439.50,71.50,245.20,1.0000,-1,-1,-1
158,3,371.30,445.40,44.70,107.20,1.0000,-1,-1,-1
158,4,541.10,431.30,159.20,457.20,1.0000,-1,-1,-1
158,5,731.40,434.50,118.10,342.90,1.0000,-1,-1,-1
158,8,1087.30,482.60,39.50,116.80,1.0000,-1,-1,-1
158,9,1051.80,483.70,39.70,110.70,1.0000,-1,-1,-1
158,10,1190.30,445.80,40.60,102.50,1.0000,-1,-1,-1
158,11,1000.80,443.80,38.50,103.70,1.0000,-1,-1,-1
158,18,843.10,446.40,83.60,286.70,1.0000,-1,-1,-1
158,19,400.00,468.20,61.50,105.30,1.0000,-1,-1,-1
158,20,471.00,464.90,37.00,112.60,1.0000,-1,-1,-1
158,27,1129.50,452.00,35.70,94.20,1.0000,-1,-1,-1
158,30,905.70,438.40,78.20,247.10,1.0000,-1,-1,-1
159,3,371.60,446.70,44.40,104.30,1.0000,-1,-1,-1
159,4,540.00,430.30,161.30,459.10,1.0000,-1,-1,-1
159,5,733.00,434.20,119.90,343.70,1.0000,-1,-1,-1
159,8,1088.00,484.40,39.10,115.50,1.0000,-1,-1,-1
159,9,1052.50,483.30,39.20,110.60,1.0000,-1,-1,-1
159,10,1188.70,445.10,39.90,101.40,1.0000,-1,-1,-1
159,11,1000.10,444.00,38.00,103.20,1.0000,-1,-1,-1
159,18,843.70,447.60,83.60,287.30,1.0000,-1,-1,-1
159,19,399.40,469.20,61.60,104.90,1.0000,-1,-1,-1
159,20,472.10,466.40,35.00,111.00,1.0000,-1,-1,-1
159,27,1130.40,454.00,34.90,91.00,1.0000,-1,-1,-1
159,30,909.60,438.80,80.40,244.30,1.0000,-1,-1,-1
160,3,371.50,446.10,44.10,104.90,1.0000,-1,-1,-1
160,4,536.50,428.30,165.20,460.80,1.0000,-1,-1,-1
160,5,737.40,434.70,114.90,342.80,1.0000,-1,-1,-1
160,8,1087.70,484.20,38.90,115.60,1.0000,-1,-1,-1
160,9,1053.30,482.60,38.40,111.10,1.0000,-1,-1,-1
160,10,1186.60,445.30,39.90,100.60,1.0000,-1,-1,-1
160,11,1000.00,443.50,37.70,102.10,1.0000,-1,-1,-1
160,18,843.60,446.40,89.10,289.20,1.0000,-1,-1,-1
160,19,399.60,468.80,63.00,105.50,1.0000,-1,-1,-1
160,20,469.90,466.60,35.60,111.10,1.0000,-1,-1,-1
160,27,1133.90,452.40,33.00,92.90,1.0000,-1,-1,-1
160,30,911.80,439.80,80.50,244.60,1.0000,-1,-1,-1
161,3,371.80,446.60,44.00,104.00,1.0000,-1,-1,-1
161,4,536.20,428.10,165.10,462.60,1.0000,-1,-1,-1
161,5,740.30,435.00,113.30,339.80,1.0000,-1,-1,-1
161,8,1088.10,484.60,38.80,115.60,1.0000,-1,-1,-1
161,9,1053.00,481.90,38.80,112.30,1.0000,-1,-1,-1
161,10,1186.30,446.10,39.10,100.10,1.0000,-1,-1,-1
161,11,1000.00,444.40,37.40,99.80,1.0000,-1,-1,-1
161,18,845.00,446.50,90.70,292.40,1.0000,-1,-1,-1
161,19,399.30,467.70,63.20,105.90,1.0000,-1,-1,-1
161,20,469.80,465.30,35.50,111.50,1.0000,-1,-1,-1
161,27,1134.40,450.70,33.80,94.90,1.0000,-1,-1,-1
161,30,914.70,443.50,82.90,245.80,1.0000,-1,-1,-1
162,3,371.70,446.60,44.20,104.90,1.0000,-1,-1,-1
162,4,534.20,424.40,170.40,469.80,1.0000,-1,-1,-1
162,5,743.30,435.20,111.40,343.90,1.0000,-1,-1,-1
162,8,1088.00,484.40,38.90,115.70,1.0000,-1,-1,-1
162,9,1052.90,482.60,38.90,112.50,1.0000,-1,-1,-1
162,10,1184.00,446.40,39.40,101.10,1.0000,-1,-1,-1
162,11,1000.20,442.70,38.10,104.70,1.0000,-1,-1,-1
162,18,849.10,451.50,91.20,283.90,1.0000,-1,-1,-1
162,19,400.20,467.00,61.60,105.50,1.0000,-1,-1,-1
162,20,470.20,463.20,35.20,112.40,1.0000,-1,-1,-1
162,27,1136.70,450.80,32.80,95.30,1.0000,-1,-1,-1
162,30,916.20,445.70,82.40,247.80,1.0000,-1,-1,-1
163,3,372.40,446.80,43.30,104.20,1.0000,-1,-1,-1
163,4,538.70,424.70,176.20,469.10,1.0000,-1,-1,-1
163,5,747.30,433.90,111.20,343.90,1.0000,-1,-1,-1
163,8,1087.50,484.10,39.40,116.30,1.0000,-1,-1,-1
163,9,1052.10,482.30,39.10,112.90,1.0000,-1,-1,-1
163,10,1182.70,445.50,41.00,103.30,1.0000,-1,-1,-1
163,11,999.30,442.50,38.60,106.40,1.0000,-1,-1,-1
163,18,850.00,453.40,95.90,281.60,1.0000,-1,-1,-1
163,19,400.50,466.20,62.10,106.30,1.0000,-1,-1,-1
163,20,469.40,465.40,34.90,108.60,1.0000,-1,-1,-1
163,27,1140.00,452.00,31.10,93.20,1.0000,-1,-1,-1
163,30,915.00,447.90,84.60,250.90,1.0000,-1,-1,-1
164,3,372.30,446.90,43.40,104.00,1.0000,-1,-1,-1
164,4,536.50,419.90,182.00,474.20,1.0000,-1,-1,-1
164,5,751.20,435.20,112.90,343.40,1.0000,-1,-1,-1
164,8,1088.20,483.30,39.90,117.60,1.0000,-1,-1,-1
164,9,1051.70,482.10,40.00,112.60,1.0000,-1,-1,-1
164,10,1182.30,447.90,40.00,100.30,1.0000,-1,-1,-1
164,11,1000.10,441.20,37.50,106.70,1.0000,-1,-1,-1
164,18,851.70,447.50,103.20,289.60,1.0000,-1,-1,-1
164,19,400.60,466.60,61.90,105.70,1.0000,-1,-1,-1
164,20,470.20,465.40,34.10,108.40,1.0000,-1,-1,-1
164,24,506.00,452.50,24.60,92.00,1.0000,-1,-1,-1
164,27,1141.00,453.40,30.40,90.20,1.0000,-1,-1,-1
164,30,908.70,444.20,85.30,263.60,1.0000,-1,-1,-1
165,3,372.90,446.40,42.70,105.40,1.0000,-1,-1,-1
165,4,538.60,420.20,188.50,477.20,1.0000,-1,-1,-1
165,5,752.10,442.50,112.30,335.20,1.0000,-1,-1,-1
165,8,1088.00,483.90,39.40,117.00,1.0000,-1,-1,-1
165,9,1050.20,482.50,41.30,112.20,1.0000,-1,-1,-1
165,10,1181.80,448.10,40.30,99.50,1.0000,-1,-1,-1
165,11,1000.30,442.00,36.90,106.60,1.0000,-1,-1,-1
165,18,856.60,447.70,107.90,285.40,1.0000,-1,-1,-1
165,19,402.90,467.60,59.20,104.30,1.0000,-1,-1,-1
165,20,469.40,466.10,36.00,107.50,1.0000,-1,-1,-1
165,24,507.20,453.40,25.20,89.70,1.0000,-1,-1,-1
165,27,1139.90,452.70,31.90,93.80,1.0000,-1,-1,-1
166,3,372.40,446.00,42.80,104.90,1.0000,-1,-1,-1
166,4,537.00,423.60,194.30,476.40,1.0000,-1,-1,-1
166,5,753.50,441.80,113.60,338.30,1.0000,-1,-1,-1
166,8,1087.90,484.70,39.20,115.90,1.0000,-1,-1,-1
166,9,1051.10,482.80,40.20,111.40,1.0000,-1,-1,-1
166,10,1179.80,447.00,40.70,101.00,1.0000,-1,-1,-1
166,11,1000.30,443.40,38.10,103.70,1.0000,-1,-1,-1
166,18,857.10,449.70,115.30,287.20,1.0000,-1,-1,-1
166,19,403.50,466.80,58.80,105.10,1.0000,-1,-1,-1
166,20,470.30,466.80,34.80,107.00,1.0000,-1,-1,-1
166,24,507.70,456.50,27.80,87.50,1.0000,-1,-1,-1
166,27,1142.50,453.60,32.20,91.10,1.0000,-1,-1,-1
167,3,372.30,446.00,42.70,104.90,1.0000,-1,-1,-1
167,4,536.50,420.30,200.50,480.20,1.0000,-1,-1,-1
167,5,756.70,437.20,112.40,342.20,1.0000,-1,-1,-1
167,8,1088.30,484.70,38.80,115.80,1.0000,-1,-1,-1
167,9,1051.30,482.50,40.20,112.10,1.0000,-1,-1,-1
167,10,1178.60,446.70,41.40,103.10,1.0000,-1,-1,-1
167,11,998.60,443.80,39.00,106.00,1.0000,-1,-1,-1
167,18,860.90,445.20,117.30,293.90,1.0000,-1,-1,-1
167,19,403.90,466.90,58.80,104.80,1.0000,-1,-1,-1
167,20,470.00,466.60,34.80,107.90,1.0000,-1,-1,-1
167,24,506.10,455.90,28.10,89.80,1.0000,-1,-1,-1
167,27,1140.80,452.80,32.30,92.30,1.0000,-1,-1,-1
168,3,372.70,445.70,42.60,104.90,1.0000,-1,-1,-1
168,4,539.40,421.40,203.60,479.10,1.0000,-1,-1,-1
168,5,755.50,438.50,115.90,347.70,1.0000,-1,-1,-1
168,8,1088.60,484.00,38.80,115.90,1.0000,-1,-1,-1
168,9,1051.80,483.20,40.50,110.70,1.0000,-1,-1,-1
168,10,1178.20,448.60,41.00,101.00,1.0000,-1,-1,-1
168,11,998.60,442.10,38.30,106.40,1.0000,-1,-1,-1
168,18,862.40,444.50,126.80,294.50,1.0000,-1,-1,-1
168,19,404.90,467.20,56.90,104.50,1.0000,-1,-1,-1
168,20,470.30,466.70,34.90,108.60,1.0000,-1,-1,-1
168,24,502.60,456.40,28.70,96.00,1.0000,-1,-1,-1
168,27,1142.30,449.30,34.20,98.60,1.0000,-1,-1,-1
169,3,372.40,445.60,43.10,105.10,1.0000,-1,-1,-1
169,4,536.70,419.90,212.10,479.80,1.0000,-1,-1,-1
169,5,757.80,441.50,113.80,347.90,1.0000,-1,-1,-1
169,8,1089.10,483.70,38.30,116.40,1.0000,-1,-1,-1
169,9,1051.90,481.60,40.00,111.30,1.0000,-1,-1,-1
169,10,1176.50,448.40,40.10,101.00,1.0000,-1,-1,-1
169,11,997.20,441.60,38.40,105.80,1.0000,-1,-1,-1
169,18,865.80,445.00,127.10,293.10,1.0000,-1,-1,-1
169,19,405.90,467.10,55.60,104.20,1.0000,-1,-1,-1
169,20,471.50,465.70,34.10,108.20,1.0000,-1,-1,-1
169,24,506.70,457.20,30.30,95.40,1.0000,-1,-1,-1
169,27,1145.30,452.10,33.00,93.10,1.0000,-1,-1,-1
169,28,491.30,460.70,28.40,100.40,1.0000,-1,-1,-1
170,3,372.10,445.40,43.20,105.00,1.0000,-1,-1,-1
170,4,534.40,428.30,221.50,470.20,1.0000,-1,-1,-1
170,5,758.20,438.00,118.50,352.30,1.0000,-1,-1,-1
170,8,1088.80,484.80,38.20,115.20,1.0000,-1,-1,-1
170,9,1052.00,481.10,39.40,111.60,1.0000,-1,-1,-1
170,10,1174.40,449.30,41.10,98.80,1.0000,-1,-1,-1
170,11,995.30,441.80,40.70,106.10,1.0000,-1,-1,-1
170,18,868.70,446.10,125.50,296.10,1.0000,-1,-1,-1
170,19,405.30,468.20,56.50,102.90,1.0000,-1,-1,-1
170,20,469.20,467.40,34.80,106.70,1.0000,-1,-1,-1
170,24,503.20,457.70,30.20,99.40,1.0000,-1,-1,-1
170,27,1146.40,453.00,33.80,92.10,1.0000,-1,-1,-1
171,3,371.80,445.80,43.50,104.40,1.0000,-1,-1,-1
171,4,535.00,423.30,222.80,476.70,1.0000,-1,-1,-1
171,5,761.90,435.90,118.10,357.40,1.0000,-1,-1,-1
171,8,1088.60,484.70,38.10,114.90,1.0000,-1,-1,-1
171,9,1052.00,482.50,38.50,110.20,1.0000,-1,-1,-1
171,10,1172.20,449.10,41.50,97.90,1.0000,-1,-1,-1
171,18,868.80,445.60,125.70,296.40,1.0000,-1,-1,-1
171,19,405.90,468.60,55.70,102.10,1.0000,-1,-1,-1
171,20,469.20,466.70,34.40,106.70,1.0000,-1,-1,-1
171,24,506.80,456.30,34.00,108.60,1.0000,-1,-1,-1
171,27,1149.60,453.20,33.00,91.10,1.0000,-1,-1,-1
172,3,372.00,445.60,43.40,105.50,1.0000,-1,-1,-1
172,4,535.20,428.00,221.90,475.20,1.0000,-1,-1,-1
172,5,761.40,434.40,121.30,358.40,1.0000,-1,-1,-1
172,8,1088.30,485.20,37.70,114.10,1.0000,-1,-1,-1
172,9,1051.80,481.20,38.60,111.60,1.0000,-1,-1,-1
172,10,1169.70,449.80,42.60,97.20,1.0000,-1,-1,-1
172,18,872.30,450.80,124.60,291.00,1.0000,-1,-1,-1
172,19,407.70,467.80,53.90,103.00,1.0000,-1,-1,-1
172,20,467.30,464.50,35.00,109.30,1.0000,-1,-1,-1
172,24,508.30,455.80,35.60,109.80,1.0000,-1,-1,-1
172,27,1149.90,452.30,33.20,93.50,1.0000,-1,-1,-1
172,28,491.20,460.10,25.60,109.50,1.0000,-1,-1,-1
173,3,371.10,445.80,44.20,105.90,1.0000,-1,-1,-1
173,4,541.90,419.90,219.40,485.80,1.0000,-1,-1,-1
173,5,764.90,432.70,119.20,359.20,1.0000,-1,-1,-1
173,8,1088.50,484.50,37.10,114.80,1.0000,-1,-1,-1
173,9,1053.10,481.30,37.70,110.80,1.0000,-1,-1,-1
173,10,1169.00,449.80,41.30,98.00,1.0000,-1,-1,-1
173,18,875.80,449.70,122.10,292.80,1.0000,-1,-1,-1
173,19,409.30,468.90,51.90,103.20,1.0000,-1,-1,-1
173,20,467.40,463.90,34.60,111.50,1.0000,-1,-1,-1
173,24,507.90,454.90,36.50,110.80,1.0000,-1,-1,-1
173,27,1147.90,453.40,33.40,92.80,1.0000,-1,-1,-1
174,3,371.20,445.90,44.20,106.20,1.0000,-1,-1,-1
174,4,547.60,424.20,214.80,483.80,1.0000,-1,-1,-1
174,5,768.00,436.60,119.70,360.10,1.0000,-1,-1,-1
174,8,1087.50,484.70,38.60,114.70,1.0000,-1,-1,-1
174,9,1053.30,481.40,37.30,112.20,1.0000,-1,-1,-1
174,10,1165.40,449.50,43.20,96.90,1.0000,-1,-1,-1
174,18,881.70,444.60,119.40,295.90,1.0000,-1,-1,-1
174,19,409.80,469.00,51.80,103.30,1.0000,-1,-1,-1
174,20,467.50,463.00,34.80,110.80,1.0000,-1,-1,-1
174,24,506.30,454.00,37.00,111.90,1.0000,-1,-1,-1
174,27,1136.40,452.60,43.80,91.20,1.0000,-1,-1,-1
175,3,371.80,445.90,44.00,106.80,1.0000,-1,-1,-1
175,4,552.20,428.90,211.30,477.50,1.0000,-1,-1,-1
175,5,771.50,435.20,116.70,361.50,1.0000,-1,-1,-1
175,8,1087.50,484.20,39.30,115.10,1.0000,-1,-1,-1
175,9,1052.90,482.00,37.50,111.30,1.0000,-1,-1,-1
175,10,1164.40,447.60,43.70,100.30,1.0000,-1,-1,-1
175,18,877.20,448.10,120.40,294.30,1.0000,-1,-1,-1
175,19,409.30,468.20,51.00,104.20,1.0000,-1,-1,-1
175,20,467.30,464.10,35.00,110.00,1.0000,-1,-1,-1
175,24,506.50,454.10,38.40,110.20,1.0000,-1,-1,-1
175,27,1149.40,450.20,33.10,96.40,1.0000,-1,-1,-1
175,28,491.40,458.90,25.00,111.60,1.0000,-1,-1,-1
175,30,955.30,434.80,74.00,259.50,1.0000,-1,-1,-1
176,3,370.90,445.30,44.30,106.50,1.0000,-1,-1,-1
176,4,561.70,425.30,203.10,480.10,1.0000,-1,-1,-1
176,5,772.20,438.20,115.90,359.90,1.0000,-1,-1,-1
176,8,1088.00,483.90,39.30,115.60,1.0000,-1,-1,-1
176,9,1051.20,482.40,38.60,111.10,1.0000,-1,-1,-1
176,10,1164.90,447.70,42.50,100.70,1.0000,-1,-1,-1
176,18,878.50,445.30,121.20,303.90,1.0000,-1,-1,-1
176,19,409.90,468.20,51.50,105.00,1.0000,-1,-1,-1
176,20,465.80,464.50,37.20,110.70,1.0000,-1,-1,-1
176,24,506.60,454.60,38.40,109.70,1.0000,-1,-1,-1
176,27,1138.40,450.10,29.60,92.10,1.0000,-1,-1,-1
176,30,948.90,434.60,84.50,273.10,1.0000,-1,-1,-1
177,3,370.70,445.10,45.00,106.90,1.0000,-1,-1,-1
177,4,563.90,426.70,203.50,478.90,1.0000,-1,-1,-1
177,5,775.40,435.90,112.70,359.70,1.0000,-1,-1,-1
177,8,1087.00,483.70,39.50,115.90,1.0000,-1,-1,-1
177,9,1050.70,482.70,38.80,110.50,1.0000,-1,-1,-1
177,10,1164.10,447.00,42.10,101.70,1.0000,-1,-1,-1
177,18,886.20,449.20,113.60,297.60,1.0000,-1,-1,-1
177,19,410.40,468.20,50.80,105.50,1.0000,-1,-1,-1
177,20,465.70,464.40,36.60,111.10,1.0000,-1,-1,-1
177,24,507.10,453.60,38.20,110.40,1.0000,-1,-1,-1
177,27,1142.20,449.80,29.80,93.70,1.0000,-1,-1,-1
177,28,490.60,459.80,23.80,111.40,1.0000,-1,-1,-1
177,30,948.30,441.70,91.40,267.50,1.0000,-1,-1,-1
178,3,370.60,444.90,45.60,107.20,1.0000,-1,-1,-1
178,4,564.00,427.00,199.80,485.30,1.0000,-1,-1,-1
178,5,775.10,441.00,111.00,352.80,1.0000,-1,-1,-1
178,8,1087.10,483.90,39.80,116.00,1.0000,-1,-1,-1
178,9,1053.90,480.80,34.80,114.20,1.0000,-1,-1,-1
178,10,1160.90,447.20,40.80,101.30,1.0000,-1,-1,-1
178,18,892.10,445.70,110.00,297.10,1.0000,-1,-1,-1
178,19,407.90,468.80,50.90,104.40,1.0000,-1,-1,-1
178,20,465.10,466.10,35.50,110.40,1.0000,-1,-1,-1
178,24,507.20,454.70,38.70,108.00,1.0000,-1,-1,-1
178,30,961.40,437.00,103.90,266.60,1.0000,-1,-1,-1
178,31,555.60,458.80,24.80,64.90,1.0000,-1,-1,-1
179,3,370.40,443.80,45.50,108.60,1.0000,-1,-1,-1
179,4,570.30,425.70,195.20,484.80,1.0000,-1,-1,-1
179,5,780.00,439.80,105.80,355.30,1.0000,-1,-1,-1
179,8,1086.40,484.20,39.80,115.50,1.0000,-1,-1,-1
179,9,1054.80,481.70,34.10,113.10,1.0000,-1,-1,-1
179,10,1159.00,446.90,39.50,101.80,1.0000,-1,-1,-1
179,18,894.30,443.80,111.20,299.40,1.0000,-1,-1,-1
179,19,408.60,469.10,49.70,104.50,1.0000,-1,-1,-1
179,20,464.90,467.40,35.20,110.00,1.0000,-1,-1,-1
179,24,507.00,454.90,38.90,107.60,1.0000,-1,-1,-1
179,30,958.30,441.40,115.70,261.30,1.0000,-1,-1,-1
179,31,555.60,458.60,26.30,67.80,1.0000,-1,-1,-1
180,3,370.10,445.10,45.80,106.90,1.0000,-1,-1,-1
180,4,571.80,428.10,198.00,479.80,1.0000,-1,-1,-1
180,5,779.00,437.50,109.90,362.70,1.0000,-1,-1,-1
180,8,1087.20,485.00,39.70,115.20,1.0000,-1,-1,-1
180,9,1051.20,480.50,36.00,122.00,1.0000,-1,-1,-1
180,10,1157.20,446.10,38.60,102.90,1.0000,-1,-1,-1
180,18,900.00,444.70,107.80,300.30,1.0000,-1,-1,-1
180,19,407.30,469.50,50.80,104.90,1.0000,-1,-1,-1
180,20,464.70,468.50,37.40,108.60,1.0000,-1,-1,-1
180,24,506.90,454.90,38.20,106.90,1.0000,-1,-1,-1
180,30,960.50,440.20,116.30,262.60,1.0000,-1,-1,-1
180,31,555.10,457.50,25.00,66.70,1.0000,-1,-1,-1
180,32,536.40,451.50,27.70,89.60,1.0000,-1,-1,-1
181,3,370.20,444.80,45.60,107.70,1.0000,-1,-1,-1
181,4,575.90,426.00,201.10,483.60,1.0000,-1,-1,-1
181,5,781.80,437.90,107.00,359.60,1.0000,-1,-1,-1
181,8,1087.20,484.10,39.50,115.60,1.0000,-1,-1,-1
181,10,1155.80,446.00,38.90,103.70,1.0000,-1,-1,-1
181,18,905.50,446.70,105.80,299.20,1.0000,-1,-1,-1
181,19,406.90,469.10,51.50,105.40,1.0000,-1,-1,-1
181,20,465.00,467.60,36.20,109.80,1.0000,-1,-1,-1
181,24,507.40,454.70,37.50,107.90,1.0000,-1,-1,-1
181,30,968.90,437.00,106.20,270.60,1.0000,-1,-1,-1
181,31,556.60,456.20,25.40,69.60,1.0000,-1,-1,-1
181,32,541.50,452.10,28.20,86.60,1.0000,-1,-1,-1
182,3,370.60,446.10,45.20,105.20,1.0000,-1,-1,-1
182,4,577.10,421.10,203.10,492.10,1.0000,-1,-1,-1
182,5,782.90,435.10,109.90,361.80,1.0000,-1,-1,-1
182,8,1087.00,485.90,39.50,114.30,1.0000,-1,-1,-1
182,10,1156.10,446.80,38.20,102.50,1.0000,-1,-1,-1
182,18,907.50,447.10,105.80,298.40,1.0000,-1,-1,-1
182,19,406.90,469.60,50.80,105.40,1.0000,-1,-1,-1
182,20,464.20,467.50,36.70,109.70,1.0000,-1,-1,-1
182,24,506.90,455.10,37.80,107.20,1.0000,-1,-1,-1
182,30,972.20,435.60,104.70,272.40,1.0000,-1,-1,-1
182,32,552.80,453.50,31.70,88.30,1.0000,-1,-1,-1
183,3,370.40,445.10,45.60,106.60,1.0000,-1,-1,-1
183,4,588.40,424.60,192.80,493.10,1.0000,-1,-1,-1
183,5,783.30,435.30,110.70,361.90,1.0000,-1,-1,-1
183,8,1086.60,485.90,39.90,114.00,1.0000,-1,-1,-1
183,10,1155.40,449.90,37.70,99.50,1.0000,-1,-1,-1
183,18,911.30,443.60,100.90,309.10,1.0000,-1,-1,-1
183,19,407.20,469.50,51.20,104.20,1.0000,-1,-1,-1
183,20,462.40,468.20,37.40,109.20,1.0000,-1,-1,-1
183,24,507.20,455.00,37.60,107.40,1.0000,-1,-1,-1
183,30,973.40,434.30,104.00,270.50,1.0000,-1,-1,-1
183,32,553.40,455.20,34.30,89.30,1.0000,-1,-1,-1
184,3,370.40,445.20,45.70,106.70,1.0000,-1,-1,-1
184,4,591.70,424.50,194.10,490.80,1.0000,-1,-1,-1
184,5,785.40,434.70,110.90,362.80,1.0000,-1,-1,-1
184,8,1086.70,485.60,39.90,113.30,1.0000,-1,-1,-1
184,10,1153.90,449.30,38.50,100.90,1.0000,-1,-1,-1
184,18,917.60,441.80,97.40,310.80,1.0000,-1,-1,-1
184,19,406.50,469.60,52.20,103.80,1.0000,-1,-1,-1
184,20,461.20,467.10,37.70,110.10,1.0000,-1,-1,-1
184,24,506.60,453.90,37.90,109.50,1.0000,-1,-1,-1
184,30,974.50,432.40,103.30,275.20,1.0000,-1,-1,-1
185,3,370.70,445.50,45.40,106.90,1.0000,-1,-1,-1
185,4,600.20,426.20,185.10,495.00,1.0000,-1,-1,-1
185,5,786.50,433.70,111.20,363.20,1.0000,-1,-1,-1
185,8,1087.40,484.50,39.50,115.80,1.0000,-1,-1,-1
185,10,1153.30,450.90,39.00,98.80,1.0000,-1,-1,-1
185,18,924.20,438.20,92.90,317.70,1.0000,-1,-1,-1
185,19,406.80,469.50,52.00,104.30,1.0000,-1,-1,-1
185,20,460.80,469.30,38.00,108.00,1.0000,-1,-1,-1
185,24,508.20,455.70,36.10,108.10,1.0000,-1,-1,-1
185,30,984.20,434.10,98.00,278.10,1.0000,-1,-1,-1
186,3,370.10,445.50,45.30,106.70,1.0000,-1,-1,-1
186,4,607.10,425.80,178.40,495.90,1.0000,-1,-1,-1
186,5,789.40,434.50,109.70,363.30,1.0000,-1,-1,-1
186,8,1088.00,485.20,39.40,114.40,1.0000,-1,-1,-1
186,10,1153.50,449.90,38.10,99.20,1.0000,-1,-1,-1
186,18,927.50,441.70,90.90,313.30,1.0000,-1,-1,-1
186,19,407.30,469.90,52.10,104.70,1.0000,-1,-1,-1
186,20,459.90,468.60,38.50,108.70,1.0000,-1,-1,-1
186,24,508.00,455.10,36.20,110.10,1.0000,-1,-1,-1
186,30,985.90,436.20,95.20,276.10,1.0000,-1,-1,-1
186,36,585.90,426.40,22.50,41.20,1.0000,-1,-1,-1
187,3,370.40,445.70,44.90,106.50,1.0000,-1,-1,-1
187,4,602.90,424.80,181.60,502.80,1.0000,-1,-1,-1
187,5,790.90,434.10,111.30,363.40,1.0000,-1,-1,-1
187,8,1088.60,484.00,39.70,117.30,1.0000,-1,-1,-1
187,10,1152.50,450.00,39.20,99.10,1.0000,-1,-1,-1
187,18,931.00,442.90,91.10,313.90,1.0000,-1,-1,-1
187,19,407.20,469.50,52.00,105.20,1.0000,-1,-1,-1
187,20,459.80,468.50,39.00,108.70,1.0000,-1,-1,-1
187,24,508.20,455.30,36.20,109.80,1.0000,-1,-1,-1
187,30,988.20,442.40,99.50,263.10,1.0000,-1,-1,-1
187,36,581.80,434.40,22.90,39.40,1.0000,-1,-1,-1
187,37,568.80,453.90,58.00,153.40,1.0000,-1,-1,-1
188,3,370.30,445.50,44.90,106.20,1.0000,-1,-1,-1
188,4,613.30,425.10,174.70,499.60,1.0000,-1,-1,-1
188,5,792.60,437.10,112.10,360.60,1.0000,-1,-1,-1
188,8,1088.00,483.30,40.00,116.80,1.0000,-1,-1,-1
188,10,1152.60,448.60,40.10,100.90,1.0000,-1,-1,-1
188,18,934.80,447.70,92.40,309.50,1.0000,-1,-1,-1
188,19,405.50,469.10,53.20,106.70,1.0000,-1,-1,-1
188,20,459.40,469.10,39.90,108.00,1.0000,-1,-1,-1
188,24,509.40,455.70,34.80,109.20,1.0000,-1,-1,-1
188,30,991.40,437.20,93.40,274.00,1.0000,-1,-1,-1
188,36,581.70,433.20,23.60,40.50,1.0000,-1,-1,-1
188,37,568.10,452.80,58.60,162.90,1.0000,-1,-1,-1
189,3,370.20,445.10,45.30,106.20,1.0000,-1,-1,-1
189,4,613.10,420.20,181.80,516.10,1.0000,-1,-1,-1
189,5,795.70,437.70,112.20,361.30,1.0000,-1,-1,-1
189,8,1086.80,484.00,40.70,116.40,1.0000,-1,-1,-1
189,10,1152.60,450.00,39.40,98.70,1.0000,-1,-1,-1
189,18,936.60,443.50,94.20,312.50,1.0000,-1,-1,-1
189,19,405.90,469.00,53.00,106.30,1.0000,-1,-1,-1
189,20,459.50,470.40,40.00,107.80,1.0000,-1,-1,-1
189,24,509.90,456.00,35.10,108.50,1.0000,-1,-1,-1
189,30,996.50,439.70,92.80,271.70,1.0000,-1,-1,-1
189,36,580.70,433.20,23.30,40.20,1.0000,-1,-1,-1
189,37,567.10,455.10,59.10,158.20,1.0000,-1,-1,-1
190,3,370.60,445.50,45.30,105.90,1.0000,-1,-1,-1
190,4,622.50,425.20,174.10,509.10,1.0000,-1,-1,-1
190,5,799.00,439.90,109.10,352.80,1.0000,-1,-1,-1
190,8,1086.10,485.80,40.10,115.60,1.0000,-1,-1,-1
190,10,1149.80,449.00,40.10,100.20,1.0000,-1,-1,-1
190,18,938.00,444.00,96.50,310.00,1.0000,-1,-1,-1
190,19,406.90,469.30,51.90,105.30,1.0000,-1,-1,-1
190,20,459.60,469.90,40.30,107.50,1.0000,-1,-1,-1
190,24,510.00,455.80,35.10,108.70,1.0000,-1,-1,-1
190,30,1004.10,435.50,83.90,276.80,1.0000,-1,-1,-1
190,31,588.50,424.90,23.40,44.60,1.0000,-1,-1,-1
190,37,568.00,456.50,58.80,158.70,1.0000,-1,-1,-1
190,38,1098.60,443.90,37.70,107.50,1.0000,-1,-1,-1
191,3,371.00,445.30,44.60,106.20,1.0000,-1,-1,-1
191,4,625.80,421.20,170.70,521.20,1.0000,-1,-1,-1
191,5,799.10,437.20,113.30,357.90,1.0000,-1,-1,-1
191,8,1086.60,481.80,40.70,115.30,1.0000,-1,-1,-1
191,10,1171.80,450.50,32.90,95.50,1.0000,-1,-1,-1
191,18,941.20,444.30,97.30,309.10,1.0000,-1,-1,-1
191,19,406.50,468.40,51.90,107.20,1.0000,-1,-1,-1
191,20,459.90,467.90,40.00,109.00,1.0000,-1,-1,-1
191,24,509.60,454.20,35.10,111.10,1.0000,-1,-1,-1
191,27,1147.90,449.60,40.30,99.20,1.0000,-1,-1,-1
191,30,1006.00,437.00,82.90,271.30,1.0000,-1,-1,-1
191,31,588.10,422.80,23.40,45.50,1.0000,-1,-1,-1
191,37,566.70,455.40,60.20,160.00,1.0000,-1,-1,-1
191,38,1097.80,441.30,39.40,103.60,1.0000,-1,-1,-1
192,3,370.50,445.00,45.00,106.30,1.0000,-1,-1,-1
192,4,632.20,421.50,167.10,525.40,1.0000,-1,-1,-1
192,5,804.20,440.30,110.00,358.00,1.0000,-1,-1,-1
192,8,1087.80,482.20,40.80,117.50,1.0000,-1,-1,-1
192,10,1173.40,450.70,33.60,94.80,1.0000,-1,-1,-1
192,18,939.80,448.00,105.60,309.70,1.0000,-1,-1,-1
192,19,405.40,468.60,52.60,107.80,1.0000,-1,-1,-1
192,20,459.10,468.30,41.20,108.90,1.0000,-1,-1,-1
192,24,508.90,455.00,34.80,109.90,1.0000,-1,-1,-1
192,27,1145.80,448.70,41.80,100.80,1.0000,-1,-1,-1
192,30,1005.10,443.70,76.50,275.20,1.0000,-1,-1,-1
192,36,582.30,430.50,23.70,41.90,1.0000,-1,-1,-1
192,37,567.30,454.50,59.10,161.80,1.0000,-1,-1,-1
192,38,1099.40,440.90,39.20,102.20,1.0000,-1,-1,-1
193,3,370.80,444.90,44.70,106.30,1.0000,-1,-1,-1
193,4,634.70,417.50,170.90,533.40,1.0000,-1,-1,-1
193,5,804.90,436.50,114.90,359.20,1.0000,-1,-1,-1
193,8,1088.00,483.40,39.70,111.20,1.0000,-1,-1,-1
193,10,1175.10,450.80,36.20,94.80,1.0000,-1,-1,-1
193,18,942.10,448.30,114.10,311.30,1.0000,-1,-1,-1
193,19,406.40,468.50,51.20,107.00,1.0000,-1,-1,-1
193,20,458.10,468.20,42.10,109.30,1.0000,-1,-1,-1
193,24,509.00,455.20,35.00,110.40,1.0000,-1,-1,-1
193,27,1142.80,449.70,42.20,100.10,1.0000,-1,-1,-1
193,31,589.70,422.50,23.40,45.20,1.0000,-1,-1,-1
193,37,568.40,452.30,58.90,164.60,1.0000,-1,-1,-1
193,38,1099.50,438.80,42.40,102.50,1.0000,-1,-1,-1
194,3,370.70,445.00,44.90,106.60,1.0000,-1,-1,-1
194,4,638.60,418.00,167.10,537.30,1.0000,-1,-1,-1
194,5,806.70,433.50,119.20,369.10,1.0000,-1,-1,-1
194,8,1087.50,482.10,39.40,114.30,1.0000,-1,-1,-1
194,10,1173.00,452.40,38.10,93.90,1.0000,-1,-1,-1
194,18,946.00,450.90,113.50,306.00,1.0000,-1,-1,-1
194,19,405.90,467.60,52.10,108.40,1.0000,-1,-1,-1
194,20,459.30,467.20,41.60,109.70,1.0000,-1,-1,-1
194,24,508.60,455.40,34.50,110.10,1.0000,-1,-1,-1
194,27,1143.10,450.00,40.80,100.20,1.0000,-1,-1,-1
194,31,589.30,421.80,23.20,44.60,1.0000,-1,-1,-1
194,37,568.10,452.10,61.00,167.60,1.0000,-1,-1,-1
194,38,1107.40,442.70,36.40,100.50,1.0000,-1,-1,-1
195,3,371.10,444.90,44.30,106.70,1.0000,-1,-1,-1
195,4,639.00,418.90,168.40,536.50,1.0000,-1,-1,-1
195,5,808.50,433.70,125.70,375.90,1.0000,-1,-1,-1
195,10,1173.50,451.40,38.60,96.60,1.0000,-1,-1,-1
195,18,945.80,452.60,117.60,304.60,1.0000,-1,-1,-1
195,19,406.80,467.40,51.30,106.50,1.0000,-1,-1,-1
195,20,459.20,466.10,40.50,110.10,1.0000,-1,-1,-1
195,24,509.80,454.90,33.70,111.00,1.0000,-1,-1,-1
195,27,1139.40,450.50,39.70,98.80,1.0000,-1,-1,-1
195,30,1015.50,443.50,85.50,264.40,1.0000,-1,-1,-1
195,31,589.50,421.00,22.80,44.30,1.0000,-1,-1,-1
195,37,567.30,452.80,62.00,167.30,1.0000,-1,-1,-1
195,38,1113.20,447.00,33.60,96.10,1.0000,-1,-1,-1
196,3,370.90,445.30,44.60,106.10,1.0000,-1,-1,-1
196,4,642.90,426.30,168.90,526.10,1.0000,-1,-1,-1
196,5,811.10,429.90,132.90,381.20,1.0000,-1,-1,-1
196,10,1176.70,451.00,36.90,95.20,1.0000,-1,-1,-1
196,18,949.30,449.20,117.80,318.30,1.0000,-1,-1,-1
196,19,406.20,468.20,51.50,106.60,1.0000,-1,-1,-1
196,20,459.00,467.20,40.60,108.60,1.0000,-1,-1,-1
196,24,510.00,455.40,33.70,110.30,1.0000,-1,-1,-1
196,27,1138.20,450.10,42.40,98.80,1.0000,-1,-1,-1
196,30,1020.20,439.60,88.10,273.90,1.0000,-1,-1,-1
196,31,589.80,420.70,23.40,45.30,1.0000,-1,-1,-1
196,37,567.60,451.40,62.60,170.00,1.0000,-1,-1,-1
196,38,1121.70,451.80,35.50,88.50,1.0000,-1,-1,-1
196,39,549.20,437.80,19.80,45.30,1.0000,-1,-1,-1
197,3,371.00,445.40,44.20,106.10,1.0000,-1,-1,-1
197,4,647.70,421.70,166.10,531.40,1.0000,-1,-1,-1
197,5,810.80,431.80,144.30,377.60,1.0000,-1,-1,-1
197,10,1177.50,449.60,36.90,97.40,1.0000,-1,-1,-1
197,18,953.90,445.10,111.10,323.80,1.0000,-1,-1,-1
197,19,406.30,468.10,51.90,106.60,1.0000,-1,-1,-1
197,20,458.60,467.40,38.00,108.10,1.0000,-1,-1,-1
197,24,510.50,455.40,34.00,110.10,1.0000,-1,-1,-1
197,27,1138.80,449.90,40.20,99.40,1.0000,-1,-1,-1
197,30,1035.60,440.70,83.50,269.70,1.0000,-1,-1,-1
197,31,590.20,420.00,23.40,44.80,1.0000,-1,-1,-1
197,36,579.70,430.40,23.30,40.30,1.0000,-1,-1,-1
197,37,568.70,450.60,62.90,171.40,1.0000,-1,-1,-1
198,3,371.70,445.20,44.20,106.60,1.0000,-1,-1,-1
198,4,652.70,418.60,169.00,542.40,1.0000,-1,-1,-1
198,5,811.90,432.00,152.00,379.50,1.0000,-1,-1,-1
198,10,1177.70,449.20,37.20,98.50,1.0000,-1,-1,-1
198,18,959.10,443.90,110.80,318.30,1.0000,-1,-1,-1
198,19,406.30,468.00,51.20,106.40,1.0000,-1,-1,-1
198,20,458.30,466.60,37.60,109.20,1.0000,-1,-1,-1
198,24,511.20,456.80,34.10,107.60,1.0000,-1,-1,-1
198,27,1139.40,449.40,39.40,101.20,1.0000,-1,-1,-1
198,30,1031.90,432.90,101.30,283.40,1.0000,-1,-1,-1
198,31,589.50,420.00,23.30,45.00,1.0000,-1,-1,-1
198,37,568.80,451.10,64.20,171.20,1.0000,-1,-1,-1
198,39,549.50,437.60,19.60,45.50,1.0000,-1,-1,-1
199,3,371.50,445.20,44.80,106.40,1.0000,-1,-1,-1
199,4,648.80,422.00,176.20,535.00,1.0000,-1,-1,-1
199,5,816.70,435.10,155.00,376.80,1.0000,-1,-1,-1
199,10,1180.30,448.00,37.00,98.70,1.0000,-1,-1,-1
199,18,963.90,456.10,109.00,311.20,1.0000,-1,-1,-1
199,19,406.50,467.60,51.40,106.20,1.0000,-1,-1,-1
199,20,457.00,465.80,37.30,110.10,1.0000,-1,-1,-1
199,24,511.60,456.40,34.70,108.70,1.0000,-1,-1,-1
199,27,1138.80,447.30,40.50,104.90,1.0000,-1,-1,-1
199,30,1032.80,438.50,103.50,284.40,1.0000,-1,-1,-1
199,31,591.20,422.30,23.60,46.10,1.0000,-1,-1,-1
199,37,569.30,450.80,64.60,171.20,1.0000,-1,-1,-1
199,39,550.20,437.30,19.70,46.20,1.0000,-1,-1,-1
200,3,371.20,445.90,45.20,105.80,1.0000,-1,-1,-1
200,4,661.40,428.70,167.40,525.40,1.0000,-1,-1,-1
200,5,814.60,434.00,155.30,384.20,1.0000,-1,-1,-1
200,10,1180.70,447.70,36.80,98.20,1.0000,-1,-1,-1
200,18,970.30,448.40,104.50,318.00,1.0000,-1,-1,-1
200,19,404.70,467.20,51.20,105.90,1.0000,-1,-1,-1
200,20,458.20,466.50,36.10,109.00,1.0000,-1,-1,-1
200,24,510.40,456.50,34.80,109.00,1.0000,-1,-1,-1
200,27,1139.10,446.90,37.80,106.20,1.0000,-1,-1,-1
200,30,1035.80,438.30,105.20,280.50,1.0000,-1,-1,-1
200,31,592.60,423.70,24.20,46.00,1.0000,-1,-1,-1
200,36,582.10,433.30,23.50,41.20,1.0000,-1,-1,-1
200,37,570.80,449.60,64.90,173.60,1.0000,-1,-1,-1
201,3,370.20,446.00,46.30,106.00,1.0000,-1,-1,-1
201,4,660.40,428.00,173.50,528.90,1.0000,-1,-1,-1
201,5,818.40,432.00,159.60,381.80,1.0000,-1,-1,-1
201,10,1184.30,447.30,36.00,99.00,1.0000,-1,-1,-1
201,18,978.40,450.60,101.10,314.50,1.0000,-1,-1,-1
201,19,404.90,467.30,50.90,106.00,1.0000,-1,-1,-1
201,20,457.10,466.10,36.40,108.80,1.0000,-1,-1,-1
201,24,510.50,456.30,34.70,109.80,1.0000,-1,-1,-1
201,27,1138.10,448.10,38.20,104.40,1.0000,-1,-1,-1
201,30,1041.80,438.30,99.40,281.70,1.0000,-1,-1,-1
201,31,591.30,422.00,23.50,45.20,1.0000,-1,-1,-1
201,37,573.10,449.20,64.80,172.70,1.0000,-1,-1,-1
201,39,551.70,438.00,19.70,45.60,1.0000,-1,-1,-1
202,3,370.50,446.30,46.00,106.40,1.0000,-1,-1,-1
202,4,666.20,428.40,168.80,527.50,1.0000,-1,-1,-1
202,5,820.30,439.30,159.90,369.60,1.0000,-1,-1,-1
202,10,1186.40,446.70,36.10,99.30,1.0000,-1,-1,-1
202,18,982.90,447.50,98.10,319.10,1.0000,-1,-1,-1
202,19,405.70,466.40,50.90,107.40,1.0000,-1,-1,-1
202,20,456.90,465.60,36.00,109.30,1.0000,-1,-1,-1
202,24,510.60,456.20,35.20,109.70,1.0000,-1,-1,-1
202,27,1137.30,449.90,38.00,103.00,1.0000,-1,-1,-1
202,30,1042.10,433.40,106.80,286.80,1.0000,-1,-1,-1
202,31,590.80,422.40,22.90,43.70,1.0000,-1,-1,-1
202,37,576.10,452.30,64.20,169.60,1.0000,-1,-1,-1
203,3,370.10,446.80,45.70,105.30,1.0000,-1,-1,-1
203,4,667.20,424.00,170.90,536.10,1.0000,-1,-1,-1
203,5,824.70,437.50,155.80,372.20,1.0000,-1,-1,-1
203,10,1188.20,448.10,36.10,97.00,1.0000,-1,-1,-1
203,18,986.40,441.60,97.70,321.20,1.0000,-1,-1,-1
203,19,405.70,465.80,51.80,108.10,1.0000,-1,-1,-1
203,20,459.20,464.40,34.80,110.50,1.0000,-1,-1,-1
203,24,510.30,455.40,33.70,110.50,1.0000,-1,-1,-1
203,27,1136.20,450.50,38.50,99.80,1.0000,-1,-1,-1
203,30,1051.40,434.50,90.80,284.00,1.0000,-1,-1,-1
203,31,591.60,422.50,22.50,43.60,1.0000,-1,-1,-1
203,36,581.20,430.20,22.00,38.60,1.0000,-1,-1,-1
203,37,576.60,451.60,66.90,172.00,1.0000,-1,-1,-1
204,3,370.70,446.90,45.00,105.80,1.0000,-1,-1,-1
204,4,669.10,423.00,174.20,539.00,1.0000,-1,-1,-1
204,5,822.90,436.60,160.50,377.80,1.0000,-1,-1,-1
204,10,1188.00,449.70,36.40,95.70,1.0000,-1,-1,-1
204,18,990.70,446.90,94.70,311.30,1.0000,-1,-1,-1
204,19,406.10,465.50,52.10,108.60,1.0000,-1,-1,-1
204,20,457.50,464.50,33.10,110.80,1.0000,-1,-1,-1
204,24,512.20,456.00,32.80,109.40,1.0000,-1,-1,-1
204,27,1133.90,450.60,37.80,99.60,1.0000,-1,-1,-1
204,30,1052.90,434.60,92.90,287.40,1.0000,-1,-1,-1
204,31,592.20,419.80,21.80,43.40,1.0000,-1,-1,-1
204,32,658.00,469.40,23.80,72.40,1.0000,-1,-1,-1
204,36,579.50,426.80,21.40,39.30,1.0000,-1,-1,-1
204,37,578.60,453.70,64.60,170.10,1.0000,-1,-1,-1
205,3,370.90,447.20,44.90,105.10,1.0000,-1,-1,-1
205,4,671.90,424.20,177.20,545.40,1.0000,-1,-1,-1
205,5,828.90,436.20,156.80,378.80,1.0000,-1,-1,-1
205,10,1189.10,449.30,36.00,96.10,1.0000,-1,-1,-1
205,18,995.70,446.60,101.40,314.90,1.0000,-1,-1,-1
205,19,406.50,465.60,51.50,107.90,1.0000,-1,-1,-1
205,20,456.30,464.80,33.40,110.60,1.0000,-1,-1,-1
205,24,511.10,456.40,32.90,108.60,1.0000,-1,-1,-1
205,27,1132.00,451.00,37.00,97.20,1.0000,-1,-1,-1
205,30,1058.10,436.20,89.00,281.80,1.0000,-1,-1,-1
205,31,592.20,418.30,20.40,41.30,1.0000,-1,-1,-1
205,32,657.30,466.70,28.40,74.10,1.0000,-1,-1,-1
205,36,578.70,425.20,20.40,38.20,1.0000,-1,-1,-1
205,37,578.70,454.10,63.10,168.40,1.0000,-1,-1,-1
206,3,370.30,446.20,44.50,105.60,1.0000,-1,-1,-1
206,4,680.00,421.40,164.60,557.00,1.0000,-1,-1,-1
206,5,833.40,433.90,151.70,379.60,1.0000,-1,-1,-1
206,10,1190.70,449.50,34.80,96.30,1.0000,-1,-1,-1
206,18,998.90,445.00,108.20,321.70,1.0000,-1,-1,-1
206,19,405.70,465.70,51.70,108.20,1.0000,-1,-1,-1
206,20,456.20,465.20,32.90,109.50,1.0000,-1,-1,-1
206,24,511.80,456.80,32.90,108.70,1.0000,-1,-1,-1
206,27,1126.70,453.40,41.80,96.60,1.0000,-1,-1,-1
206,31,590.70,420.10,19.90,39.20,1.0000,-1,-1,-1
206,32,659.20,464.30,26.50,73.70,1.0000,-1,-1,-1
206,36,578.60,428.50,20.00,37.40,1.0000,-1,-1,-1
206,37,580.30,455.60,64.30,170.50,1.0000,-1,-1,-1
207,3,371.20,446.10,43.90,106.30,1.0000,-1,-1,-1
207,4,686.00,421.00,165.40,562.10,1.0000,-1,-1,-1
207,5,836.00,433.50,151.40,383.70,1.0000,-1,-1,-1
207,10,1192.20,448.80,34.80,98.20,1.0000,-1,-1,-1
207,18,1004.40,446.00,114.80,321.90,1.0000,-1,-1,-1
207,19,405.80,466.10,52.00,108.30,1.0000,-1,-1,-1
207,20,454.60,465.30,34.00,108.00,1.0000,-1,-1,-1
207,24,513.10,457.00,32.80,108.50,1.0000,-1,-1,-1
207,31,590.40,421.20,19.30,37.60,1.0000,-1,-1,-1
207,32,659.00,463.40,26.80,75.20,1.0000,-1,-1,-1
207,36,577.80,429.00,19.30,36.40,1.0000,-1,-1,-1
207,37,582.60,456.80,61.30,167.40,1.0000,-1,-1,-1
207,41,538.00,458.40,25.20,79.40,1.0000,-1,-1,-1
207,42,559.20,460.90,26.30,66.70,1.0000,-1,-1,-1
208,3,371.80,446.60,43.90,104.90,1.0000,-1,-1,-1
208,4,691.60,419.10,159.90,562.50,1.0000,-1,-1,-1
208,5,836.80,433.80,153.40,383.90,1.0000,-1,-1,-1
208,10,1193.00,450.50,34.60,97.10,1.0000,-1,-1,-1
208,18,1010.50,440.50,127.60,327.20,1.0000,-1,-1,-1
208,19,406.90,466.10,52.40,107.40,1.0000,-1,-1,-1
208,20,449.50,465.50,37.80,108.30,1.0000,-1,-1,-1
208,24,513.80,456.50,33.10,107.20,1.0000,-1,-1,-1
208,31,591.60,423.60,20.20,40.70,1.0000,-1,-1,-1
208,32,658.50,462.30,25.60,77.10,1.0000,-1,-1,-1
208,36,578.50,432.20,19.60,38.30,1.0000,-1,-1,-1
208,37,582.80,455.10,61.90,169.70,1.0000,-1,-1,-1
208,41,534.10,457.90,25.60,87.10,1.0000,-1,-1,-1
208,42,558.80,459.20,25.40,64.40,1.0000,-1,-1,-1
209,3,371.80,446.10,43.60,104.90,1.0000,-1,-1,-1
209,4,692.90,413.30,159.90,566.20,1.0000,-1,-1,-1
209,5,835.00,433.50,155.90,384.70,1.0000,-1,-1,-1
209,10,1193.40,451.40,35.00,96.20,1.0000,-1,-1,-1
209,18,1014.00,438.20,138.90,329.30,1.0000,-1,-1,-1
209,19,406.60,466.20,52.00,108.30,1.0000,-1,-1,-1
209,20,450.20,465.90,36.90,108.40,1.0000,-1,-1,-1
209,24,513.70,456.50,32.60,108.40,1.0000,-1,-1,-1
209,31,591.50,423.40,20.30,40.20,1.0000,-1,-1,-1
209,32,657.60,461.80,27.10,77.70,1.0000,-1,-1,-1
209,36,578.40,432.10,19.80,37.80,1.0000,-1,-1,-1
209,37,583.30,456.20,61.80,166.40,1.0000,-1,-1,-1
209,41,535.10,457.50,25.20,85.60,1.0000,-1,-1,-1
209,42,560.50,459.40,25.50,64.00,1.0000,-1,-1,-1
210,3,370.50,447.40,44.70,104.60,1.0000,-1,-1,-1
210,4,697.20,417.10,159.80,564.90,1.0000,-1,-1,-1
210,5,841.30,434.60,151.40,385.00,1.0000,-1,-1,-1
210,10,1194.40,452.80,35.50,96.10,1.0000,-1,-1,-1
210,18,1014.20,446.00,151.80,321.20,1.0000,-1,-1,-1
210,19,406.30,468.30,50.80,106.20,1.0000,-1,-1,-1
210,20,447.00,470.20,40.70,104.30,1.0000,-1,-1,-1
210,24,513.30,456.00,33.70,108.30,1.0000,-1,-1,-1
210,31,595.40,421.60,21.00,40.90,1.0000,-1,-1,-1
210,32,656.30,462.40,24.50,74.20,1.0000,-1,-1,-1
210,36,580.40,431.50,19.90,37.90,1.0000,-1,-1,-1
210,37,585.90,457.50,59.30,164.70,1.0000,-1,-1,-1
210,42,562.10,458.70,23.80,61.80,1.0000,-1,-1,-1
211,3,370.50,446.60,45.00,105.10,1.0000,-1,-1,-1
211,4,698.50,425.60,164.00,556.00,1.0000,-1,-1,-1
211,5,849.30,433.40,146.80,389.50,1.0000,-1,-1,-1
211,10,1195.20,451.90,37.40,97.30,1.0000,-1,-1,-1
211,18,1014.20,442.00,161.50,327.80,1.0000,-1,-1,-1
211,19,407.30,467.70,49.70,106.90,1.0000,-1,-1,-1
211,20,445.30,468.30,41.60,105.80,1.0000,-1,-1,-1
211,24,513.40,455.70,34.00,109.00,1.0000,-1,-1,-1
211,31,594.70,421.30,20.40,39.20,1.0000,-1,-1,-1
211,32,656.60,462.80,26.10,74.60,1.0000,-1,-1,-1
211,36,580.10,431.90,19.70,37.30,1.0000,-1,-1,-1
211,37,587.20,454.80,58.90,166.60,1.0000,-1,-1,-1
211,42,561.80,457.90,23.70,61.00,1.0000,-1,-1,-1
212,3,370.10,446.30,45.60,105.20,1.0000,-1,-1,-1
212,4,700.90,419.30,164.00,566.50,1.0000,-1,-1,-1
212,5,858.70,429.50,144.10,390.00,1.0000,-1,-1,-1
212,10,1196.50,451.80,37.40,96.70,1.0000,-1,-1,-1
212,18,1017.80,444.40,167.00,328.80,1.0000,-1,-1,-1
212,19,406.80,466.80,50.60,107.60,1.0000,-1,-1,-1
212,20,447.70,466.70,39.00,106.70,1.0000,-1,-1,-1
212,24,512.90,455.00,34.20,111.50,1.0000,-1,-1,-1
212,31,595.60,421.10,20.20,38.60,1.0000,-1,-1,-1
212,32,659.50,463.20,27.10,75.50,1.0000,-1,-1,-1
212,37,590.00,456.00,57.30,165.10,1.0000,-1,-1,-1
212,42,557.50,457.30,23.90,62.00,1.0000,-1,-1,-1
213,3,370.70,446.90,45.00,104.60,1.0000,-1,-1,-1
213,4,700.30,415.80,167.00,571.10,1.0000,-1,-1,-1
213,5,864.20,430.40,140.50,382.30,1.0000,-1,-1,-1
213,10,1196.30,450.90,37.70,96.80,1.0000,-1,-1,-1
213,18,1018.30,450.00,164.00,323.80,1.0000,-1,-1,-1
213,19,408.20,467.30,50.30,108.10,1.0000,-1,-1,-1
213,20,442.90,467.00,42.70,106.70,1.0000,-1,-1,-1
213,24,514.40,455.00,33.70,110.10,1.0000,-1,-1,-1
213,31,594.90,420.60,20.20,39.10,1.0000,-1,-1,-1
213,32,657.80,463.60,25.10,72.90,1.0000,-1,-1,-1
213,37,591.40,453.30,56.30,169.00,1.0000,-1,-1,-1
213,42,555.50,456.80,24.10,63.10,1.0000,-1,-1,-1
214,3,370.80,447.30,45.50,104.20,1.0000,-1,-1,-1
214,4,710.20,410.50,163.20,572.60,1.0000,-1,-1,-1
214,5,869.20,433.10,135.70,382.40,1.0000,-1,-1,-1
214,10,1198.20,450.80,38.30,96.10,1.0000,-1,-1,-1
214,18,1021.30,446.80,161.90,326.70,1.0000,-1,-1,-1
214,19,408.30,467.30,49.30,108.00,1.0000,-1,-1,-1
214,20,443.90,467.80,42.00,106.40,1.0000,-1,-1,-1
214,24,513.90,455.20,33.90,109.90,1.0000,-1,-1,-1
214,31,594.70,420.10,19.60,38.20,1.0000,-1,-1,-1
214,32,659.70,464.90,26.90,74.10,1.0000,-1,-1,-1
214,37,592.40,452.10,56.20,168.10,1.0000,-1,-1,-1
214,42,556.80,457.70,23.30,61.40,1.0000,-1,-1,-1
215,3,371.10,447.60,45.60,104.40,1.0000,-1,-1,-1
215,4,711.00,413.50,171.60,572.10,1.0000,-1,-1,-1
215,5,872.90,435.70,134.10,387.50,1.0000,-1,-1,-1
215,10,1200.60,446.50,39.20,101.20,1.0000,-1,-1,-1
215,18,1028.50,442.70,160.00,330.10,1.0000,-1,-1,-1
215,19,408.40,467.90,51.20,106.40,1.0000,-1,-1,-1
215,20,443.60,470.10,41.20,104.20,1.0000,-1,-1,-1
215,24,512.90,455.80,34.90,110.10,1.0000,-1,-1,-1
215,31,594.40,422.10,19.20,36.80,1.0000,-1,-1,-1
215,32,659.90,464.50,25.70,73.40,1.0000,-1,-1,-1
215,37,593.80,452.70,56.20,167.30,1.0000,-1,-1,-1
215,42,552.90,457.30,23.70,61.60,1.0000,-1,-1,-1
216,3,371.40,447.90,44.40,103.40,1.0000,-1,-1,-1
216,4,713.00,412.90,174.10,571.80,1.0000,-1,-1,-1
216,5,877.60,431.10,132.30,394.70,1.0000,-1,-1,-1
216,10,1202.10,448.00,40.60,100.80,1.0000,-1,-1,-1
216,18,1028.20,445.00,164.60,330.60,1.0000,-1,-1,-1
216,19,408.20,467.80,51.40,106.50,1.0000,-1,-1,-1
216,20,444.80,470.70,41.30,104.30,1.0000,-1,-1,-1
216,24,513.50,454.80,34.50,110.40,1.0000,-1,-1,-1
216,31,592.80,422.60,19.40,38.70,1.0000,-1,-1,-1
216,32,658.50,464.30,27.30,74.40,1.0000,-1,-1,-1
216,37,594.20,454.70,57.20,168.00,1.0000,-1,-1,-1
216,42,554.50,456.00,24.70,64.00,1.0000,-1,-1,-1
217,3,371.20,447.60,44.20,103.90,1.0000,-1,-1,-1
217,4,716.60,419.90,181.20,560.50,1.0000,-1,-1,-1
217,5,882.20,437.60,130.60,385.50,1.0000,-1,-1,-1
217,10,1204.40,448.10,41.20,101.30,1.0000,-1,-1,-1
217,18,1030.30,448.80,160.00,333.50,1.0000,-1,-1,-1
217,19,410.00,468.10,49.30,106.20,1.0000,-1,-1,-1
217,20,442.80,470.40,41.70,105.10,1.0000,-1,-1,-1
217,24,514.20,454.50,34.30,111.10,1.0000,-1,-1,-1
217,32,658.20,466.10,25.70,70.40,1.0000,-1,-1,-1
217,37,595.80,454.60,57.30,168.90,1.0000,-1,-1,-1
217,42,547.40,454.80,25.30,65.50,1.0000,-1,-1,-1
218,3,371.00,447.40,44.90,103.90,1.0000,-1,-1,-1
218,4,716.80,417.00,186.20,573.30,1.0000,-1,-1,-1
218,5,885.70,431.50,129.50,392.50,1.0000,-1,-1,-1
218,10,1206.10,450.00,41.20,101.50,1.0000,-1,-1,-1
218,18,1035.10,448.70,155.80,333.70,1.0000,-1,-1,-1
218,19,413.50,467.00,49.80,105.60,1.0000,-1,-1,-1
218,20,441.70,468.60,42.60,106.90,1.0000,-1,-1,-1
218,24,514.10,454.40,34.60,110.90,1.0000,-1,-1,-1
218,32,657.60,464.90,25.40,71.40,1.0000,-1,-1,-1
218,37,597.20,454.90,56.30,169.90,1.0000,-1,-1,-1
218,39,546.50,442.20,20.70,52.00,1.0000,-1,-1,-1
218,42,552.10,455.50,24.40,65.60,1.0000,-1,-1,-1
219,3,371.70,447.40,44.30,103.80,1.0000,-1,-1,-1
219,4,719.60,416.80,189.70,571.40,1.0000,-1,-1,-1
219,5,888.40,434.40,126.20,391.00,1.0000,-1,-1,-1
219,10,1209.20,451.30,39.50,100.30,1.0000,-1,-1,-1
219,18,1039.50,443.50,153.70,334.90,1.0000,-1,-1,-1
219,19,413.10,467.50,45.00,101.80,1.0000,-1,-1,-1
219,20,437.40,467.10,44.50,108.40,1.0000,-1,-1,-1
219,24,514.50,454.30,35.50,111.00,1.0000,-1,-1,-1
219,32,658.20,465.30,24.70,70.00,1.0000,-1,-1,-1
219,37,598.00,451.40,56.70,174.40,1.0000,-1,-1,-1
219,42,551.20,457.00,24.90,66.80,1.0000,-1,-1,-1
220,3,372.30,447.20,44.20,104.30,1.0000,-1,-1,-1
220,4,721.60,410.70,194.30,581.40,1.0000,-1,-1,-1
220,5,886.10,430.40,134.90,397.50,1.0000,-1,-1,-1
220,10,1210.60,451.90,39.10,99.90,1.0000,-1,-1,-1
220,18,1048.40,443.60,145.20,338.70,1.0000,-1,-1,-1
220,19,409.10,467.80,44.40,98.40,1.0000,-1,-1,-1
220,20,436.70,467.10,44.50,108.70,1.0000,-1,-1,-1
220,24,514.10,454.00,35.50,111.30,1.0000,-1,-1,-1
220,32,658.60,462.10,28.50,76.10,1.0000,-1,-1,-1
220,37,600.20,453.10,55.60,174.00,1.0000,-1,-1,-1
220,42,555.10,456.60,24.80,67.00,1.0000,-1,-1,-1
221,3,372.50,447.60,43.60,104.40,1.0000,-1,-1,-1
221,4,720.70,407.90,203.50,583.90,1.0000,-1,-1,-1
221,5,891.80,426.20,129.30,406.20,1.0000,-1,-1,-1
221,10,1212.70,453.10,39.30,98.20,1.0000,-1,-1,-1
221,18,1059.10,443.90,133.70,338.20,1.0000,-1,-1,-1
221,19,405.60,466.20,40.20,94.50,1.0000,-1,-1,-1
221,20,432.10,466.00,46.60,109.60,1.0000,-1,-1,-1
221,24,514.50,453.80,35.50,111.10,1.0000,-1,-1,-1
221,32,658.30,462.80,25.80,73.50,1.0000,-1,-1,-1
221,37,602.10,453.10,54.20,171.80,1.0000,-1,-1,-1
221,42,551.30,455.60,24.20,64.80,1.0000,-1,-1,-1
222,3,372.10,447.70,43.40,104.00,1.0000,-1,-1,-1
222,4,724.40,410.70,208.60,581.00,1.0000,-1,-1,-1
222,5,890.00,426.20,134.00,414.40,1.0000,-1,-1,-1
222,10,1217.20,452.70,38.60,96.20,1.0000,-1,-1,-1
222,18,1067.60,447.00,128.80,337.40,1.0000,-1,-1,-1
222,19,412.60,467.00,33.50,96.90,1.0000,-1,-1,-1
222,20,431.30,465.60,46.50,110.70,1.0000,-1,-1,-1
222,24,514.70,454.10,35.20,110.40,1.0000,-1,-1,-1
222,32,659.10,465.10,23.40,70.00,1.0000,-1,-1,-1
222,37,602.90,452.90,54.70,176.50,1.0000,-1,-1,-1
222,42,552.10,455.60,24.10,65.30,1.0000,-1,-1,-1
223,3,372.20,447.40,43.30,104.50,1.0000,-1,-1,-1
223,4,733.60,408.60,214.60,579.30,1.0000,-1,-1,-1
223,5,894.30,433.00,134.30,402.70,1.0000,-1,-1,-1
223,10,1215.80,450.60,41.00,100.70,1.0000,-1,-1,-1
223,18,1079.60,447.40,119.90,336.30,1.0000,-1,-1,-1
223,20,431.50,466.70,45.50,110.40,1.0000,-1,-1,-1
223,24,515.00,454.10,34.70,110.20,1.0000,-1,-1,-1
223,31,598.60,424.40,19.80,37.10,1.0000,-1,-1,-1
223,32,660.10,464.60,24.00,72.30,1.0000,-1,-1,-1
223,37,603.30,451.40,55.70,180.90,1.0000,-1,-1,-1
223,42,553.30,458.20,24.90,67.20,1.0000,-1,-1,-1
224,3,372.40,447.20,43.50,104.40,1.0000,-1,-1,-1
224,4,733.90,410.10,225.40,581.60,1.0000,-1,-1,-1
224,5,899.10,430.20,133.60,412.50,1.0000,-1,-1,-1
224,18,1089.50,445.30,110.90,335.80,1.0000,-1,-1,-1
224,20,430.70,466.40,45.60,111.00,1.0000,-1,-1,-1
224,24,514.90,453.60,34.90,111.70,1.0000,-1,-1,-1
224,32,660.40,461.50,27.80,77.70,1.0000,-1,-1,-1
224,37,605.60,452.20,55.00,179.30,1.0000,-1,-1,-1
224,42,552.20,457.70,26.70,70.90,1.0000,-1,-1,-1
224,44,1052.40,481.10,40.80,112.40,1.0000,-1,-1,-1
225,3,372.70,446.80,43.30,106.00,1.0000,-1,-1,-1
225,4,733.40,406.90,246.60,588.10,1.0000,-1,-1,-1
225,5,897.60,428.70,133.10,415.60,1.0000,-1,-1,-1
225,18,1096.50,449.70,104.60,333.50,1.0000,-1,-1,-1
225,20,429.60,465.90,44.80,112.40,1.0000,-1,-1,-1
225,24,514.70,453.40,34.70,111.70,1.0000,-1,-1,-1
225,32,660.00,465.20,27.50,74.00,1.0000,-1,-1,-1
225,37,605.90,452.00,55.80,181.50,1.0000,-1,-1,-1
225,41,536.20,457.30,27.00,74.40,1.0000,-1,-1,-1
225,42,551.10,457.40,25.00,65.00,1.0000,-1,-1,-1
225,44,1051.70,483.30,41.00,110.90,1.0000,-1,-1,-1
226,3,372.90,447.30,42.90,106.80,1.0000,-1,-1,-1
226,4,737.50,407.90,252.70,587.00,1.0000,-1,-1,-1
226,5,895.40,430.40,136.40,413.60,1.0000,-1,-1,-1
226,18,1100.60,448.50,105.90,335.20,1.0000,-1,-1,-1
226,20,428.60,465.70,45.10,112.60,1.0000,-1,-1,-1
226,24,514.90,453.20,34.50,111.30,1.0000,-1,-1,-1
226,32,658.00,466.70,27.50,72.00,1.0000,-1,-1,-1
226,37,607.70,452.10,55.50,182.90,1.0000,-1,-1,-1
226,41,531.90,457.70,28.30,80.10,1.0000,-1,-1,-1
226,42,549.90,457.40,25.50,64.90,1.0000,-1,-1,-1
226,44,1051.10,484.40,41.40,110.50,1.0000,-1,-1,-1
227,3,372.40,447.40,43.10,107.10,1.0000,-1,-1,-1
227,4,739.90,411.50,262.40,588.00,1.0000,-1,-1,-1
227,5,891.10,431.30,142.40,423.40,1.0000,-1,-1,-1
227,18,1110.20,442.60,102.70,342.70,1.0000,-1,-1,-1
227,20,426.20,465.10,45.60,113.30,1.0000,-1,-1,-1
227,24,514.00,453.70,34.60,110.60,1.0000,-1,-1,-1
227,32,658.10,465.40,27.70,74.30,1.0000,-1,-1,-1
227,37,608.70,452.00,53.40,181.00,1.0000,-1,-1,-1
227,41,532.70,458.20,27.20,77.90,1.0000,-1,-1,-1
227,42,551.40,455.80,24.40,64.10,1.0000,-1,-1,-1
227,44,1052.30,486.90,41.30,105.00,1.0000,-1,-1,-1
227,45,481.00,451.80,31.00,105.70,1.0000,-1,-1,-1
228,3,372.40,447.50,42.50,106.80,1.0000,-1,-1,-1
228,4,744.90,413.00,267.80,585.50,1.0000,-1,-1,-1
228,18,1113.40,444.20,109.60,334.70,1.0000,-1,-1,-1
228,20,426.10,465.80,45.40,112.60,1.0000,-1,-1,-1
228,24,513.60,453.90,34.90,110.80,1.0000,-1,-1,-1
228,32,657.80,466.50,29.50,74.80,1.0000,-1,-1,-1
228,37,610.80,453.00,51.90,177.30,1.0000,-1,-1,-1
228,41,532.90,457.90,27.20,76.10,1.0000,-1,-1,-1
228,42,551.90,455.50,24.40,63.70,1.0000,-1,-1,-1
228,44,1051.40,489.60,41.60,100.80,1.0000,-1,-1,-1
228,45,478.00,452.10,31.70,106.20,1.0000,-1,-1,-1
229,3,372.30,447.90,42.60,106.90,1.0000,-1,-1,-1
229,4,747.00,416.90,271.80,584.40,1.0000,-1,-1,-1
229,18,1115.50,444.20,115.80,345.80,1.0000,-1,-1,-1
229,20,426.20,466.10,46.10,111.10,1.0000,-1,-1,-1
229,24,513.60,454.70,34.70,109.50,1.0000,-1,-1,-1
229,32,658.50,464.60,30.80,80.60,1.0000,-1,-1,-1
229,37,612.20,451.90,51.90,180.20,1.0000,-1,-1,-1
229,41,534.30,458.90,26.60,74.70,1.0000,-1,-1,-1
229,42,551.20,456.70,24.80,64.40,1.0000,-1,-1,-1
229,44,1049.60,487.10,41.30,106.00,1.0000,-1,-1,-1
229,45,454.10,458.30,37.70,108.90,1.0000,-1,-1,-1
229,46,1085.90,484.30,40.30,114.90,1.0000,-1,-1,-1
230,3,372.80,447.80,42.40,107.00,1.0000,-1,-1,-1
230,4,754.20,419.60,269.90,579.10,1.0000,-1,-1,-1
230,18,1120.90,443.40,119.20,347.30,1.0000,-1,-1,-1
230,20,424.30,465.60,46.10,112.70,1.0000,-1,-1,-1
230,24,513.90,455.50,34.70,108.80,1.0000,-1,-1,-1
230,32,662.40,461.10,28.60,80.50,1.0000,-1,-1,-1
230,37,613.80,447.30,53.50,184.90,1.0000,-1,-1,-1
230,42,552.00,459.30,24.50,65.60,1.0000,-1,-1,-1
230,44,1047.50,486.30,42.30,105.40,1.0000,-1,-1,-1
230,45,457.90,457.60,35.50,107.10,1.0000,-1,-1,-1
230,46,1085.20,486.20,42.20,113.40,1.0000,-1,-1,-1
231,3,372.30,447.70,42.70,106.10,1.0000,-1,-1,-1
231,4,757.00,420.20,275.00,579.80,1.0000,-1,-1,-1
231,18,1122.90,443.20,123.90,347.50,1.0000,-1,-1,-1
231,20,423.90,466.00,46.10,111.60,1.0000,-1,-1,-1
231,24,514.20,455.30,34.60,109.90,1.0000,-1,-1,-1
231,32,659.30,462.10,28.40,81.40,1.0000,-1,-1,-1
231,37,615.20,449.80,53.20,184.30,1.0000,-1,-1,-1
231,41,539.80,459.40,25.40,70.80,1.0000,-1,-1,-1
231,42,555.40,458.20,23.90,65.10,1.0000,-1,-1,-1
231,44,1048.60,482.50,41.20,111.10,1.0000,-1,-1,-1
231,45,453.00,459.00,37.30,107.50,1.0000,-1,-1,-1
231,46,1084.60,488.20,42.60,112.10,1.0000,-1,-1,-1
231,47,481.30,452.30,29.70,105.70,1.0000,-1,-1,-1
232,3,372.20,447.50,42.90,106.80,1.0000,-1,-1,-1
232,4,758.60,413.80,274.50,592.20,1.0000,-1,-1,-1
232,18,1120.90,443.40,138.60,349.60,1.0000,-1,-1,-1
232,20,423.00,466.90,45.80,110.80,1.0000,-1,-1,-1
232,24,514.60,456.10,34.50,109.10,1.0000,-1,-1,-1
232,37,615.90,449.10,54.20,184.20,1.0000,-1,-1,-1
232,42,557.60,459.50,23.60,63.70,1.0000,-1,-1,-1
232,44,1048.10,483.00,41.30,109.40,1.0000,-1,-1,-1
232,45,454.70,459.90,35.40,105.00,1.0000,-1,-1,-1
232,46,1085.40,489.60,40.30,108.50,1.0000,-1,-1,-1
232,47,483.00,453.70,29.40,103.80,1.0000,-1,-1,-1
233,3,371.60,447.30,43.80,106.90,1.0000,-1,-1,-1
233,4,767.50,411.20,269.70,594.90,1.0000,-1,-1,-1
233,18,1122.90,444.30,142.80,351.10,1.0000,-1,-1,-1
233,20,422.20,465.80,45.30,110.60,1.0000,-1,-1,-1
233,24,514.80,455.10,33.90,110.30,1.0000,-1,-1,-1
233,37,615.80,447.80,56.60,184.00,1.0000,-1,-1,-1
233,39,548.00,459.00,25.50,65.00,1.0000,-1,-1,-1
233,44,1047.80,483.00,41.90,110.90,1.0000,-1,-1,-1
233,45,459.70,458.50,33.20,105.50,1.0000,-1,-1,-1
233,46,1086.10,486.60,40.90,110.80,1.0000,-1,-1,-1
233,47,486.80,454.20,28.30,105.20,1.0000,-1,-1,-1
234,3,371.00,447.30,44.30,107.20,1.0000,-1,-1,-1
234,4,772.80,414.60,262.40,593.50,1.0000,-1,-1,-1
234,18,1126.00,439.70,153.50,358.70,1.0000,-1,-1,-1
234,20,421.90,464.90,42.70,110.80,1.0000,-1,-1,-1
234,24,514.10,454.80,34.30,110.70,1.0000,-1,-1,-1
234,37,616.50,446.40,60.60,185.00,1.0000,-1,-1,-1
234,39,549.00,458.70,24.50,63.10,1.0000,-1,-1,-1
234,44,1048.30,483.80,41.30,110.30,1.0000,-1,-1,-1
234,45,466.80,455.00,30.90,105.80,1.0000,-1,-1,-1
234,46,1086.00,484.00,41.50,113.50,1.0000,-1,-1,-1
234,47,493.90,454.40,26.60,107.00,1.0000,-1,-1,-1
235,3,370.50,447.10,43.90,106.20,1.0000,-1,-1,-1
235,4,785.50,412.40,248.70,596.30,1.0000,-1,-1,-1
235,18,1131.10,445.00,145.30,352.20,1.0000,-1,-1,-1
235,20,421.40,464.70,41.50,110.90,1.0000,-1,-1,-1
235,24,514.30,453.50,33.50,111.30,1.0000,-1,-1,-1
235,37,617.60,446.30,61.20,187.10,1.0000,-1,-1,-1
235,39,548.30,457.40,25.10,64.30,1.0000,-1,-1,-1
235,44,1047.60,484.00,40.90,111.80,1.0000,-1,-1,-1
235,45,470.20,453.90,29.70,106.70,1.0000,-1,-1,-1
235,46,1086.60,482.20,40.90,116.50,1.0000,-1,-1,-1
235,47,497.90,453.00,27.00,109.90,1.0000,-1,-1,-1
236,3,370.70,447.50,44.40,106.20,1.0000,-1,-1,-1
236,4,790.60,410.60,248.20,595.60,1.0000,-1,-1,-1
236,18,1134.40,447.30,147.70,351.70,1.0000,-1,-1,-1
236,20,420.80,464.40,42.20,110.80,1.0000,-1,-1,-1
236,24,513.40,453.00,34.20,111.80,1.0000,-1,-1,-1
236,37,619.60,448.10,63.70,187.10,1.0000,-1,-1,-1
236,39,547.40,457.70,26.00,65.80,1.0000,-1,-1,-1
236,44,1048.40,485.50,40.90,109.00,1.0000,-1,-1,-1
236,45,468.80,454.70,32.00,106.10,1.0000,-1,-1,-1
236,46,1087.50,483.60,40.30,114.10,1.0000,-1,-1,-1
237,3,369.50,447.00,44.70,106.70,1.0000,-1,-1,-1
237,4,791.90,411.90,249.80,592.00,1.0000,-1,-1,-1
237,18,1143.10,440.50,139.30,357.30,1.0000,-1,-1,-1
237,19,420.60,463.80,40.30,110.80,1.0000,-1,-1,-1
237,20,444.10,458.10,47.10,106.10,1.0000,-1,-1,-1
237,24,512.90,453.10,34.50,111.50,1.0000,-1,-1,-1
237,27,1122.70,465.70,34.00,81.80,1.0000,-1,-1,-1
237,37,619.80,448.40,67.70,185.50,1.0000,-1,-1,-1
237,39,545.80,458.00,26.20,66.20,1.0000,-1,-1,-1
237,44,1046.90,484.70,42.10,108.40,1.0000,-1,-1,-1
237,45,472.50,455.10,32.20,106.50,1.0000,-1,-1,-1
237,46,1085.60,481.90,43.50,117.00,1.0000,-1,-1,-1
237,48,590.30,460.70,24.40,61.70,1.0000,-1,-1,-1
238,3,370.00,446.90,44.40,106.30,1.0000,-1,-1,-1
238,4,800.30,403.30,240.40,608.10,1.0000,-1,-1,-1
238,18,1142.40,444.80,144.40,356.50,1.0000,-1,-1,-1
238,19,420.50,464.00,40.60,110.10,1.0000,-1,-1,-1
238,24,512.90,453.50,34.10,110.60,1.0000,-1,-1,-1
238,27,1114.90,460.00,37.60,92.40,1.0000,-1,-1,-1
238,37,622.60,451.40,71.90,183.00,1.0000,-1,-1,-1
238,39,548.60,457.90,25.90,64.10,1.0000,-1,-1,-1
238,44,1050.00,485.40,40.70,106.60,1.0000,-1,-1,-1
238,45,472.70,456.30,32.40,105.80,1.0000,-1,-1,-1
238,46,1086.10,483.10,43.30,115.10,1.0000,-1,-1,-1
238,48,587.90,459.40,22.50,61.40,1.0000,-1,-1,-1
239,3,370.00,446.80,44.40,105.80,1.0000,-1,-1,-1
239,4,805.00,413.70,234.30,589.60,1.0000,-1,-1,-1
239,18,1149.50,446.00,135.40,356.10,1.0000,-1,-1,-1
239,19,420.30,463.30,39.40,111.90,1.0000,-1,-1,-1
239,24,513.10,453.70,33.90,110.30,1.0000,-1,-1,-1
239,27,1117.20,452.70,38.30,94.80,1.0000,-1,-1,-1
239,37,624.80,450.30,74.60,182.40,1.0000,-1,-1,-1
239,39,550.30,458.40,25.80,63.90,1.0000,-1,-1,-1
239,44,1050.90,487.20,39.50,105.00,1.0000,-1,-1,-1
239,45,472.70,456.80,33.60,106.20,1.0000,-1,-1,-1
239,46,1086.90,485.30,41.70,112.40,1.0000,-1,-1,-1
239,48,585.10,457.60,22.70,64.20,1.0000,-1,-1,-1
240,3,369.90,447.80,44.70,104.00,1.0000,-1,-1,-1
240,4,816.30,417.50,223.70,591.10,1.0000,-1,-1,-1
240,18,1157.80,439.00,132.60,362.30,1.0000,-1,-1,-1
240,19,419.00,463.90,39.00,110.70,1.0000,-1,-1,-1
240,24,513.40,453.10,33.20,111.30,1.0000,-1,-1,-1
240,27,1118.20,446.60,39.70,101.80,1.0000,-1,-1,-1
240,37,626.80,448.60,75.80,183.30,1.0000,-1,-1,-1
240,39,550.30,457.60,25.60,64.10,1.0000,-1,-1,-1
240,44,1053.20,488.40,36.80,102.90,1.0000,-1,-1,-1
240,45,474.30,455.90,32.30,107.00,1.0000,-1,-1,-1
240,46,1085.20,483.40,42.20,115.70,1.0000,-1,-1,-1
240,48,587.60,457.80,21.70,66.60,1.0000,-1,-1,-1
241,3,369.90,447.30,44.90,104.80,1.0000,-1,-1,-1
241,4,821.30,412.30,214.20,602.20,1.0000,-1,-1,-1
241,18,1171.40,438.90,123.20,356.70,1.0000,-1,-1,-1
241,19,419.50,463.70,37.50,111.30,1.0000,-1,-1,-1
241,20,445.70,459.30,42.40,104.40,1.0000,-1,-1,-1
241,24,513.00,452.90,33.70,112.40,1.0000,-1,-1,-1
241,27,1117.20,444.40,40.40,104.30,1.0000,-1,-1,-1
241,37,627.90,448.50,77.60,185.00,1.0000,-1,-1,-1
241,39,552.00,458.20,25.30,63.30,1.0000,-1,-1,-1
241,44,1050.60,488.00,37.50,102.80,1.0000,-1,-1,-1
241,45,474.40,455.60,32.70,107.20,1.0000,-1,-1,-1
241,46,1085.00,482.60,42.50,117.00,1.0000,-1,-1,-1
242,3,369.90,446.60,44.70,105.20,1.0000,-1,-1,-1
242,4,837.30,416.20,208.30,565.80,1.0000,-1,-1,-1
242,18,1179.40,434.50,118.70,367.00,1.0000,-1,-1,-1
242,19,419.60,462.70,37.30,112.20,1.0000,-1,-1,-1
242,20,443.60,459.10,45.30,104.40,1.0000,-1,-1,-1
242,24,512.90,452.50,33.40,112.50,1.0000,-1,-1,-1
242,27,1118.50,445.80,39.80,101.30,1.0000,-1,-1,-1
242,37,629.50,450.10,75.00,183.00,1.0000,-1,-1,-1
242,42,555.60,458.70,23.90,61.60,1.0000,-1,-1,-1
242,45,474.10,456.40,32.20,105.50,1.0000,-1,-1,-1
242,46,1085.90,484.20,42.00,112.80,1.0000,-1,-1,-1
242,49,591.00,458.50,21.80,65.20,1.0000,-1,-1,-1
243,3,370.40,446.80,44.40,105.30,1.0000,-1,-1,-1
243,4,837.40,413.70,205.40,597.80,1.0000,-1,-1,-1
243,18,1185.20,439.30,118.70,359.40,1.0000,-1,-1,-1
243,19,419.10,463.00,37.00,112.70,1.0000,-1,-1,-1
243,24,513.30,452.90,33.00,112.00,1.0000,-1,-1,-1
243,27,1117.70,444.60,40.60,103.20,1.0000,-1,-1,-1
243,37,631.20,451.50,74.30,185.40,1.0000,-1,-1,-1
243,42,555.30,458.10,23.90,62.20,1.0000,-1,-1,-1
243,45,475.10,456.40,32.10,105.40,1.0000,-1,-1,-1
243,46,1084.90,481.20,42.10,117.10,1.0000,-1,-1,-1
243,49,592.70,457.20,22.70,68.30,1.0000,-1,-1,-1
244,3,370.10,447.10,44.90,104.70,1.0000,-1,-1,-1
244,4,848.00,418.10,202.90,601.20,1.0000,-1,-1,-1
244,18,1193.60,439.30,114.30,359.90,1.0000,-1,-1,-1
244,19,418.30,462.90,37.70,111.90,1.0000,-1,-1,-1
244,24,513.40,453.00,32.80,111.90,1.0000,-1,-1,-1
244,27,1117.60,444.90,38.90,104.00,1.0000,-1,-1,-1
244,37,631.50,450.10,74.50,186.30,1.0000,-1,-1,-1
244,39,551.80,457.20,24.50,63.40,1.0000,-1,-1,-1
244,45,475.50,456.60,31.70,106.00,1.0000,-1,-1,-1
244,46,1084.60,481.50,41.90,116.80,1.0000,-1,-1,-1
244,49,590.90,457.90,21.20,65.60,1.0000,-1,-1,-1
245,3,370.40,446.40,45.00,105.70,1.0000,-1,-1,-1
245,4,855.30,417.60,200.70,605.60,1.0000,-1,-1,-1
245,18,1200.00,445.00,113.60,353.50,1.0000,-1,-1,-1
245,19,417.90,464.80,37.30,110.20,1.0000,-1,-1,-1
245,24,513.70,452.80,32.90,112.30,1.0000,-1,-1,-1
245,27,1115.60,446.40,40.30,101.30,1.0000,-1,-1,-1
245,37,630.40,451.60,75.20,185.10,1.0000,-1,-1,-1
245,39,553.10,458.40,24.50,62.40,1.0000,-1,-1,-1
245,45,474.90,456.00,33.10,107.80,1.0000,-1,-1,-1
245,46,1083.80,481.00,43.40,118.40,1.0000,-1,-1,-1
245,49,589.80,460.00,21.70,64.70,1.0000,-1,-1,-1
246,3,370.40,447.00,44.90,104.50,1.0000,-1,-1,-1
246,4,875.70,405.00,175.70,615.00,1.0000,-1,-1,-1
246,18,1207.10,442.40,114.50,356.80,1.0000,-1,-1,-1
246,19,416.90,465.00,37.60,110.20,1.0000,-1,-1,-1
246,24,513.40,453.10,33.20,111.80,1.0000,-1,-1,-1
246,27,1115.20,445.50,40.50,102.50,1.0000,-1,-1,-1
246,37,632.40,449.80,77.20,188.80,1.0000,-1,-1,-1
246,39,552.20,458.80,24.50,62.20,1.0000,-1,-1,-1
246,45,474.80,456.70,33.40,107.50,1.0000,-1,-1,-1
246,46,1083.50,484.90,43.40,113.50,1.0000,-1,-1,-1
246,49,590.00,460.30,22.00,65.10,1.0000,-1,-1,-1
247,3,370.10,446.70,45.00,105.40,1.0000,-1,-1,-1
247,4,881.60,402.50,173.90,632.00,1.0000,-1,-1,-1
247,18,1210.40,442.30,121.40,360.10,1.0000,-1,-1,-1
247,19,418.00,465.50,37.80,110.00,1.0000,-1,-1,-1
247,24,513.80,452.20,32.70,112.60,1.0000,-1,-1,-1
247,27,1114.20,443.60,39.10,106.80,1.0000,-1,-1,-1
247,37,635.20,448.40,74.00,189.30,1.0000,-1,-1,-1
247,41,547.10,458.60,25.20,64.80,1.0000,-1,-1,-1
247,45,473.40,456.40,34.00,108.50,1.0000,-1,-1,-1
247,46,1083.80,479.40,43.90,118.00,1.0000,-1,-1,-1
247,49,589.60,460.00,21.60,64.30,1.0000,-1,-1,-1
247,50,779.60,439.50,153.10,439.10,1.0000,-1,-1,-1
248,3,370.20,447.20,45.30,105.10,1.0000,-1,-1,-1
248,4,895.00,408.80,165.10,626.20,1.0000,-1,-1,-1
248,18,1211.50,442.40,136.10,364.20,1.0000,-1,-1,-1
248,19,417.70,465.50,38.10,110.30,1.0000,-1,-1,-1
248,24,513.40,451.60,33.30,113.60,1.0000,-1,-1,-1
248,27,1113.80,439.20,39.00,112.80,1.0000,-1,-1,-1
248,37,636.60,449.20,72.00,188.10,1.0000,-1,-1,-1
248,41,546.80,457.90,24.90,63.70,1.0000,-1,-1,-1
248,45,472.20,456.30,34.70,108.80,1.0000,-1,-1,-1
248,46,1081.90,471.40,45.60,126.60,1.0000,-1,-1,-1
248,49,588.60,459.60,21.10,64.00,1.0000,-1,-1,-1
248,50,779.00,437.80,150.90,439.70,1.0000,-1,-1,-1
249,3,370.70,447.30,45.00,104.40,1.0000,-1,-1,-1
249,4,899.30,402.00,168.10,644.80,1.0000,-1,-1,-1
249,18,1212.80,439.50,152.10,372.80,1.0000,-1,-1,-1
249,19,417.30,466.10,38.70,109.60,1.0000,-1,-1,-1
249,24,513.50,451.20,32.50,114.30,1.0000,-1,-1,-1
249,27,1108.00,441.10,41.90,116.60,1.0000,-1,-1,-1
249,37,639.50,447.30,69.90,190.90,1.0000,-1,-1,-1
249,41,549.00,457.60,24.40,63.00,1.0000,-1,-1,-1
249,45,470.30,457.20,34.90,109.20,1.0000,-1,-1,-1
249,46,1080.30,469.90,47.90,126.40,1.0000,-1,-1,-1
249,49,587.30,458.10,22.10,64.20,1.0000,-1,-1,-1
249,50,784.00,436.50,147.50,451.10,1.0000,-1,-1,-1
250,3,371.20,445.70,44.60,106.80,1.0000,-1,-1,-1
250,4,903.40,405.50,168.50,653.80,1.0000,-1,-1,-1
250,18,1215.00,444.20,178.40,373.70,1.0000,-1,-1,-1
250,19,415.20,464.30,39.00,110.90,1.0000,-1,-1,-1
250,24,513.80,453.10,32.60,112.00,1.0000,-1,-1,-1
250,37,641.40,447.40,67.40,190.10,1.0000,-1,-1,-1
250,41,545.50,457.90,24.80,65.20,1.0000,-1,-1,-1
250,45,472.50,457.90,33.10,106.20,1.0000,-1,-1,-1
250,46,1079.50,473.70,46.90,121.00,1.0000,-1,-1,-1
250,49,586.20,459.20,21.60,62.70,1.0000,-1,-1,-1
250,50,792.40,438.90,141.30,449.20,1.0000,-1,-1,-1
251,3,371.20,445.80,44.20,106.10,1.0000,-1,-1,-1
251,4,910.30,399.40,169.50,657.00,1.0000,-1,-1,-1
251,18,1214.40,437.90,194.00,380.20,1.0000,-1,-1,-1
251,19,415.00,463.20,38.50,112.50,1.0000,-1,-1,-1
251,24,513.50,452.50,32.50,112.90,1.0000,-1,-1,-1
251,37,644.60,447.50,64.60,189.20,1.0000,-1,-1,-1
251,41,548.00,458.50,24.40,63.00,1.0000,-1,-1,-1
251,45,471.10,457.80,33.50,107.20,1.0000,-1,-1,-1
251,46,1076.40,479.50,49.30,116.70,1.0000,-1,-1,-1
251,49,590.50,458.30,22.10,63.80,1.0000,-1,-1,-1
251,50,797.60,439.50,139.30,445.00,1.0000,-1,-1,-1
252,3,370.60,446.00,44.60,106.80,1.0000,-1,-1,-1
252,4,917.40,402.50,166.00,649.80,1.0000,-1,-1,-1
252,18,1217.60,441.70,198.50,379.70,1.0000,-1,-1,-1
252,19,415.40,463.40,39.00,112.80,1.0000,-1,-1,-1
252,24,513.50,451.80,32.90,113.20,1.0000,-1,-1,-1
252,37,646.40,450.50,66.10,184.80,1.0000,-1,-1,-1
252,41,549.30,459.20,24.20,62.80,1.0000,-1,-1,-1
252,45,470.10,458.50,32.70,105.80,1.0000,-1,-1,-1
252,49,591.00,459.20,23.00,62.80,1.0000,-1,-1,-1
252,50,798.10,436.20,140.90,450.40,1.0000,-1,-1,-1
253,3,371.10,445.60,44.40,107.80,1.0000,-1,-1,-1
253,4,918.80,406.70,162.30,640.30,1.0000,-1,-1,-1
253,18,1228.60,437.00,197.40,384.00,1.0000,-1,-1,-1
253,19,414.30,462.80,39.60,113.30,1.0000,-1,-1,-1
253,24,513.40,451.80,33.70,113.80,1.0000,-1,-1,-1
253,37,651.40,448.70,61.30,187.80,1.0000,-1,-1,-1
253,41,547.90,459.40,24.70,64.50,1.0000,-1,-1,-1
253,45,471.60,459.00,31.80,105.60,1.0000,-1,-1,-1
253,49,589.80,458.10,24.20,63.90,1.0000,-1,-1,-1
253,50,798.00,435.60,138.10,451.10,1.0000,-1,-1,-1
254,3,371.20,445.70,44.50,107.40,1.0000,-1,-1,-1
254,4,921.80,394.50,162.30,655.20,1.0000,-1,-1,-1
254,18,1224.80,437.90,201.60,377.30,1.0000,-1,-1,-1
254,19,413.60,462.90,40.10,113.60,1.0000,-1,-1,-1
254,24,514.00,452.20,32.90,113.50,1.0000,-1,-1,-1
254,37,652.40,447.50,61.20,188.70,1.0000,-1,-1,-1
254,41,551.00,460.90,23.90,62.90,1.0000,-1,-1,-1
254,45,470.60,459.50,30.80,105.90,1.0000,-1,-1,-1
254,49,588.80,458.80,24.40,64.30,1.0000,-1,-1,-1
254,50,804.40,437.80,137.20,454.40,1.0000,-1,-1,-1
254,51,769.70,452.90,24.60,71.20,1.0000,-1,-1,-1
254,52,493.10,457.10,22.00,106.10,1.0000,-1,-1,-1
255,3,371.70,446.10,44.60,106.80,1.0000,-1,-1,-1
255,4,923.80,413.70,162.50,630.20,1.0000,-1,-1,-1
255,18,1227.10,436.40,203.50,380.80,1.0000,-1,-1,-1
255,19,411.90,464.00,40.80,112.70,1.0000,-1,-1,-1
255,24,514.00,452.20,32.60,112.80,1.0000,-1,-1,-1
255,37,653.60,448.00,63.00,189.20,1.0000,-1,-1,-1
255,41,548.30,460.10,24.20,63.60,1.0000,-1,-1,-1
255,45,470.60,461.00,31.60,103.80,1.0000,-1,-1,-1
255,49,588.80,458.50,23.90,65.30,1.0000,-1,-1,-1
255,50,804.10,446.50,133.30,440.90,1.0000,-1,-1,-1
255,51,767.90,452.90,24.50,71.50,1.0000,-1,-1,-1
255,52,495.00,457.60,21.70,105.20,1.0000,-1,-1,-1
255,53,606.00,459.00,23.30,61.40,1.0000,-1,-1,-1
256,3,371.10,446.00,44.60,106.40,1.0000,-1,-1,-1
256,4,932.20,410.10,161.80,633.20,1.0000,-1,-1,-1
256,18,1228.00,441.90,206.70,374.00,1.0000,-1,-1,-1
256,19,412.10,464.00,39.60,112.50,1.0000,-1,-1,-1
256,24,514.20,452.60,32.50,112.40,1.0000,-1,-1,-1
256,37,655.50,447.10,61.30,189.90,1.0000,-1,-1,-1
256,41,548.30,460.40,24.30,63.60,1.0000,-1,-1,-1
256,45,470.30,460.50,32.80,104.10,1.0000,-1,-1,-1
256,48,563.70,459.10,41.00,65.70,1.0000,-1,-1,-1
256,49,590.20,459.60,24.10,62.90,1.0000,-1,-1,-1
256,50,807.50,443.00,130.30,452.90,1.0000,-1,-1,-1
256,51,765.30,455.10,23.10,71.20,1.0000,-1,-1,-1
256,52,491.60,458.10,23.10,104.00,1.0000,-1,-1,-1
256,53,607.90,460.40,23.00,59.00,1.0000,-1,-1,-1
256,54,1791.20,399.70,129.80,376.70,1.0000,-1,-1,-1
257,3,371.00,446.00,44.60,105.90,1.0000,-1,-1,-1
257,4,936.40,409.70,163.80,637.40,1.0000,-1,-1,-1
257,18,1234.90,435.40,201.30,379.10,1.0000,-1,-1,-1
257,19,410.90,465.00,40.30,112.00,1.0000,-1,-1,-1
257,24,514.10,452.70,32.60,112.00,1.0000,-1,-1,-1
257,37,656.80,448.90,62.50,189.10,1.0000,-1,-1,-1
257,41,550.60,460.70,24.10,62.50,1.0000,-1,-1,-1
257,45,469.70,460.60,31.90,103.80,1.0000,-1,-1,-1
257,49,589.00,460.00,23.70,62.40,1.0000,-1,-1,-1
257,50,809.60,440.60,131.20,458.00,1.0000,-1,-1,-1
257,51,773.30,453.00,25.60,73.20,1.0000,-1,-1,-1
257,53,612.10,461.10,23.20,58.20,1.0000,-1,-1,-1
257,54,1784.50,404.70,136.50,380.00,1.0000,-1,-1,-1
258,3,371.20,445.50,44.30,106.20,1.0000,-1,-1,-1
258,4,937.50,391.50,164.10,661.50,1.0000,-1,-1,-1
258,18,1242.70,437.90,192.00,384.30,1.0000,-1,-1,-1
258,19,407.80,463.60,42.70,112.30,1.0000,-1,-1,-1
258,24,513.30,452.90,33.30,111.10,1.0000,-1,-1,-1
258,37,657.90,448.30,63.80,193.40,1.0000,-1,-1,-1
258,41,552.70,462.20,23.40,60.70,1.0000,-1,-1,-1
258,45,471.80,460.50,30.90,103.00,1.0000,-1,-1,-1
258,48,587.20,459.80,24.00,62.90,1.0000,-1,-1,-1
258,49,604.80,460.40,22.90,58.50,1.0000,-1,-1,-1
258,50,810.70,435.70,132.80,463.80,1.0000,-1,-1,-1
258,51,773.60,448.90,26.00,79.20,1.0000,-1,-1,-1
258,52,496.20,456.60,21.60,106.20,1.0000,-1,-1,-1
258,53,625.40,462.00,25.00,61.00,1.0000,-1,-1,-1
258,54,1756.00,396.60,165.00,381.30,1.0000,-1,-1,-1
259,3,370.90,446.00,44.60,107.20,1.0000,-1,-1,-1
259,4,934.20,404.60,170.50,639.90,1.0000,-1,-1,-1
259,18,1257.70,442.90,179.20,381.50,1.0000,-1,-1,-1
259,19,407.80,464.30,42.40,112.20,1.0000,-1,-1,-1
259,24,513.40,452.80,33.20,110.80,1.0000,-1,-1,-1
259,37,659.00,450.30,63.70,189.00,1.0000,-1,-1,-1
259,41,552.60,460.90,23.60,61.30,1.0000,-1,-1,-1
259,45,472.00,459.60,30.70,103.90,1.0000,-1,-1,-1
259,48,587.60,459.30,23.50,63.40,1.0000,-1,-1,-1
259,49,607.50,459.30,23.60,59.90,1.0000,-1,-1,-1
259,50,811.00,439.50,132.80,456.20,1.0000,-1,-1,-1
259,51,774.90,451.60,25.50,76.50,1.0000,-1,-1,-1
259,52,493.10,456.90,22.90,105.20,1.0000,-1,-1,-1
259,54,1738.60,398.60,182.40,381.60,1.0000,-1,-1,-1
260,3,371.50,446.30,44.30,105.40,1.0000,-1,-1,-1
260,4,935.80,404.40,169.40,638.40,1.0000,-1,-1,-1
260,18,1263.10,443.20,175.10,383.20,1.0000,-1,-1,-1
260,19,407.50,464.10,43.30,112.30,1.0000,-1,-1,-1
260,24,512.10,453.10,34.60,109.70,1.0000,-1,-1,-1
260,37,662.10,451.30,63.40,188.80,1.0000,-1,-1,-1
260,41,554.00,461.20,23.30,60.80,1.0000,-1,-1,-1
260,45,471.00,459.80,29.60,104.10,1.0000,-1,-1,-1
260,48,589.50,459.40,23.20,63.40,1.0000,-1,-1,-1
260,49,605.80,459.10,23.40,62.30,1.0000,-1,-1,-1
260,50,815.30,429.80,128.00,481.00,1.0000,-1,-1,-1
260,51,775.50,453.60,25.30,73.20,1.0000,-1,-1,-1
260,52,493.00,457.40,22.60,104.40,1.0000,-1,-1,-1
260,54,1735.20,397.40,185.80,386.80,1.0000,-1,-1,-1
261,3,369.90,444.70,44.80,108.20,1.0000,-1,-1,-1
261,4,942.30,410.50,162.50,634.00,1.0000,-1,-1,-1
261,18,1274.00,439.30,172.20,383.90,1.0000,-1,-1,-1
261,19,406.30,464.20,41.90,112.30,1.0000,-1,-1,-1
261,24,512.50,453.20,33.90,110.60,1.0000,-1,-1,-1
261,37,662.80,451.00,65.70,188.60,1.0000,-1,-1,-1
261,42,555.90,461.90,23.10,60.40,1.0000,-1,-1,-1
261,45,470.60,459.30,29.60,103.40,1.0000,-1,-1,-1
261,48,589.60,459.70,23.00,63.90,1.0000,-1,-1,-1
261,49,604.70,460.10,23.50,62.40,1.0000,-1,-1,-1
261,50,816.30,433.70,129.10,482.70,1.0000,-1,-1,-1
261,51,775.90,454.30,24.80,72.70,1.0000,-1,-1,-1
261,52,488.50,458.60,23.60,101.70,1.0000,-1,-1,-1
262,3,369.30,446.70,46.10,107.60,1.0000,-1,-1,-1
262,4,938.10,410.00,171.30,636.00,1.0000,-1,-1,-1
262,18,1299.70,442.90,146.00,380.70,1.0000,-1,-1,-1
262,19,405.70,464.00,42.10,112.80,1.0000,-1,-1,-1
262,24,512.40,454.10,33.60,109.90,1.0000,-1,-1,-1
262,37,663.10,451.60,68.30,190.50,1.0000,-1,-1,-1
262,39,558.00,462.80,22.90,60.20,1.0000,-1,-1,-1
262,45,470.80,459.20,28.20,103.80,1.0000,-1,-1,-1
262,48,592.00,460.90,23.80,62.70,1.0000,-1,-1,-1
262,49,607.60,461.40,24.00,60.80,1.0000,-1,-1,-1
262,50,818.30,430.60,130.70,490.50,1.0000,-1,-1,-1
262,51,777.80,453.30,25.90,73.40,1.0000,-1,-1,-1
263,3,370.20,446.10,45.50,107.90,1.0000,-1,-1,-1
263,4,945.70,403.90,166.40,646.20,1.0000,-1,-1,-1
263,18,1312.50,439.90,139.30,383.30,1.0000,-1,-1,-1
263,19,404.30,463.30,43.00,113.30,1.0000,-1,-1,-1
263,24,512.40,454.50,33.40,109.60,1.0000,-1,-1,-1
263,37,667.20,452.00,67.60,192.10,1.0000,-1,-1,-1
263,42,555.80,462.00,23.40,61.00,1.0000,-1,-1,-1
263,45,470.00,459.10,28.10,104.00,1.0000,-1,-1,-1
263,48,591.00,460.70,23.20,62.80,1.0000,-1,-1,-1
263,49,606.80,460.80,23.40,60.70,1.0000,-1,-1,-1
263,50,818.20,430.40,129.20,487.70,1.0000,-1,-1,-1
263,51,778.40,453.50,24.80,71.00,1.0000,-1,-1,-1
263,56,1683.80,409.50,223.90,376.40,1.0000,-1,-1,-1
264,3,370.40,445.80,44.50,107.90,1.0000,-1,-1,-1
264,4,940.60,407.00,172.80,641.40,1.0000,-1,-1,-1
264,18,1320.60,435.00,136.00,382.30,1.0000,-1,-1,-1
264,19,402.80,465.00,42.60,111.90,1.0000,-1,-1,-1
264,24,512.00,454.00,33.80,109.30,1.0000,-1,-1,-1
264,37,668.10,452.50,67.10,190.80,1.0000,-1,-1,-1
264,42,556.60,461.90,23.00,60.90,1.0000,-1,-1,-1
264,45,468.00,458.70,28.00,103.40,1.0000,-1,-1,-1
264,48,591.30,461.30,23.10,61.90,1.0000,-1,-1,-1
264,49,606.30,461.70,23.80,60.10,1.0000,-1,-1,-1
264,50,822.30,433.60,128.00,484.60,1.0000,-1,-1,-1
264,51,778.30,453.20,24.70,71.10,1.0000,-1,-1,-1
264,56,1675.60,412.60,218.60,361.40,1.0000,-1,-1,-1
265,3,371.50,445.50,44.50,109.00,1.0000,-1,-1,-1
265,4,942.70,404.70,174.50,643.30,1.0000,-1,-1,-1
265,18,1331.40,433.70,132.00,399.50,1.0000,-1,-1,-1
265,19,402.20,463.00,43.40,112.40,1.0000,-1,-1,-1
265,24,512.30,453.90,34.30,109.90,1.0000,-1,-1,-1
265,37,669.60,450.90,69.20,192.80,1.0000,-1,-1,-1
265,41,553.00,460.50,23.90,62.00,1.0000,-1,-1,-1
265,45,465.90,459.40,28.60,103.70,1.0000,-1,-1,-1
265,48,589.60,459.80,23.00,62.60,1.0000,-1,-1,-1
265,49,611.20,460.90,23.00,60.00,1.0000,-1,-1,-1
265,50,823.90,417.50,124.10,507.70,1.0000,-1,-1,-1
265,51,779.70,453.20,25.90,73.20,1.0000,-1,-1,-1
265,56,1670.90,421.40,215.30,347.00,1.0000,-1,-1,-1
266,3,370.30,445.00,45.00,107.90,1.0000,-1,-1,-1
266,4,946.40,410.20,166.40,640.00,1.0000,-1,-1,-1
266,18,1342.10,437.50,130.00,398.10,1.0000,-1,-1,-1
266,19,402.20,464.60,43.10,110.70,1.0000,-1,-1,-1
266,24,512.20,454.80,34.60,109.50,1.0000,-1,-1,-1
266,37,673.90,449.70,68.10,194.70,1.0000,-1,-1,-1
266,42,555.70,461.40,24.00,61.30,1.0000,-1,-1,-1
266,45,463.60,460.30,31.10,102.80,1.0000,-1,-1,-1
266,48,585.80,459.60,23.60,63.00,1.0000,-1,-1,-1
266,49,610.30,460.30,22.90,59.60,1.0000,-1,-1,-1
266,50,821.90,441.70,129.50,478.30,1.0000,-1,-1,-1
266,51,781.40,452.40,26.90,73.30,1.0000,-1,-1,-1
266,56,1667.70,416.20,205.40,351.50,1.0000,-1,-1,-1
266,57,1300.50,443.40,41.50,104.70,1.0000,-1,-1,-1
267,3,370.70,445.50,44.90,107.40,1.0000,-1,-1,-1
267,4,949.60,409.60,165.40,641.80,1.0000,-1,-1,-1
267,18,1346.90,435.30,140.30,403.30,1.0000,-1,-1,-1
267,19,400.50,465.00,43.60,111.70,1.0000,-1,-1,-1
267,24,512.50,454.60,34.50,109.60,1.0000,-1,-1,-1
267,37,675.60,448.10,66.50,194.20,1.0000,-1,-1,-1
267,41,553.50,461.20,24.50,62.00,1.0000,-1,-1,-1
267,45,463.00,461.30,31.40,102.40,1.0000,-1,-1,-1
267,48,585.10,459.60,23.20,61.60,1.0000,-1,-1,-1
267,49,618.50,460.60,22.80,58.90,1.0000,-1,-1,-1
267,50,824.30,436.70,131.20,481.20,1.0000,-1,-1,-1
267,51,781.60,452.00,27.20,74.20,1.0000,-1,-1,-1
267,56,1662.80,418.50,192.90,345.10,1.0000,-1,-1,-1
267,57,1302.00,444.90,40.60,105.00,1.0000,-1,-1,-1
268,3,370.30,446.70,45.30,108.40,1.0000,-1,-1,-1
268,4,949.80,410.20,167.40,642.40,1.0000,-1,-1,-1
268,18,1351.40,438.80,145.90,399.30,1.0000,-1,-1,-1
268,19,397.40,464.90,43.90,113.00,1.0000,-1,-1,-1
268,24,511.70,454.60,35.10,110.10,1.0000,-1,-1,-1
268,37,678.70,450.00,65.00,190.00,1.0000,-1,-1,-1
268,39,559.40,462.30,23.70,60.10,1.0000,-1,-1,-1
268,45,462.10,460.20,31.50,105.90,1.0000,-1,-1,-1
268,48,583.60,459.40,23.80,62.70,1.0000,-1,-1,-1
268,49,620.50,460.30,23.90,59.50,1.0000,-1,-1,-1
268,50,823.30,436.20,131.90,481.60,1.0000,-1,-1,-1
268,51,782.00,451.40,25.70,76.70,1.0000,-1,-1,-1
268,53,653.20,467.50,26.20,62.80,1.0000,-1,-1,-1
268,56,1657.20,416.20,177.20,344.30,1.0000,-1,-1,-1
269,3,372.20,446.30,43.50,109.90,1.0000,-1,-1,-1
269,4,946.60,406.10,170.00,644.60,1.0000,-1,-1,-1
269,18,1347.90,441.10,176.70,399.30,1.0000,-1,-1,-1
269,19,396.40,465.00,42.90,112.60,1.0000,-1,-1,-1
269,24,511.40,455.00,35.00,110.40,1.0000,-1,-1,-1
269,37,682.40,449.50,62.10,191.00,1.0000,-1,-1,-1
269,39,559.90,462.40,23.70,60.40,1.0000,-1,-1,-1
269,45,461.70,459.60,30.60,107.20,1.0000,-1,-1,-1
269,48,584.90,460.20,23.90,62.70,1.0000,-1,-1,-1
269,49,610.60,460.40,24.20,58.60,1.0000,-1,-1,-1
269,50,823.90,436.40,132.90,482.90,1.0000,-1,-1,-1
269,51,783.70,452.60,26.80,75.30,1.0000,-1,-1,-1
269,53,655.60,464.50,24.60,67.50,1.0000,-1,-1,-1
269,56,1652.10,417.10,162.90,339.50,1.0000,-1,-1,-1
270,3,373.40,447.00,42.80,111.00,1.0000,-1,-1,-1
270,4,946.90,401.60,170.20,646.30,1.0000,-1,-1,-1
270,18,1355.20,438.20,183.70,406.70,1.0000,-1,-1,-1
270,19,392.70,464.00,42.80,113.00,1.0000,-1,-1,-1
270,24,511.60,454.70,34.90,110.80,1.0000,-1,-1,-1
270,37,686.60,448.80,61.00,191.50,1.0000,-1,-1,-1
270,39,559.50,461.90,23.60,60.40,1.0000,-1,-1,-1
270,45,461.90,460.50,30.20,106.60,1.0000,-1,-1,-1
270,48,585.30,459.60,23.80,62.40,1.0000,-1,-1,-1
270,49,618.00,461.00,24.30,59.00,1.0000,-1,-1,-1
270,50,823.90,432.90,131.20,482.30,1.0000,-1,-1,-1
270,53,653.80,463.60,24.00,69.90,1.0000,-1,-1,-1
270,56,1643.20,413.30,152.00,339.70,1.0000,-1,-1,-1
271,3,374.30,447.70,42.40,111.80,1.0000,-1,-1,-1
271,4,954.20,406.00,169.60,644.60,1.0000,-1,-1,-1
271,18,1360.90,443.20,194.00,402.00,1.0000,-1,-1,-1
271,24,511.80,455.00,34.50,110.50,1.0000,-1,-1,-1
271,37,690.50,448.00,60.20,195.00,1.0000,-1,-1,-1
271,39,559.50,461.80,23.30,60.90,1.0000,-1,-1,-1
271,45,460.10,460.80,31.70,105.90,1.0000,-1,-1,-1
271,48,585.70,459.30,23.50,62.40,1.0000,-1,-1,-1
271,50,822.60,437.30,137.20,482.10,1.0000,-1,-1,-1
271,53,651.00,462.50,25.70,69.80,1.0000,-1,-1,-1
271,56,1637.30,418.40,132.00,335.80,1.0000,-1,-1,-1
272,4,954.90,405.40,165.60,640.90,1.0000,-1,-1,-1
272,18,1362.30,440.40,197.40,406.00,1.0000,-1,-1,-1
272,19,394.10,465.90,42.40,112.70,1.0000,-1,-1,-1
272,24,511.60,455.00,34.70,111.10,1.0000,-1,-1,-1
272,37,691.30,448.30,64.30,196.20,1.0000,-1,-1,-1
272,39,559.40,461.40,23.20,60.70,1.0000,-1,-1,-1
272,45,461.30,460.50,31.00,106.80,1.0000,-1,-1,-1
272,48,584.50,459.90,23.40,61.20,1.0000,-1,-1,-1
272,50,822.60,436.00,140.20,482.80,1.0000,-1,-1,-1
272,53,652.40,462.80,26.80,70.70,1.0000,-1,-1,-1
272,54,1630.70,412.70,118.90,333.10,1.0000,-1,-1,-1
273,4,957.50,402.60,166.00,649.20,1.0000,-1,-1,-1
273,18,1367.30,440.80,198.70,408.20,1.0000,-1,-1,-1
273,19,393.40,465.30,41.40,113.10,1.0000,-1,-1,-1
273,24,511.40,455.20,35.00,111.30,1.0000,-1,-1,-1
273,37,692.60,447.10,65.30,195.40,1.0000,-1,-1,-1
273,39,558.20,460.40,23.30,61.30,1.0000,-1,-1,-1
273,45,459.40,458.80,31.60,107.50,1.0000,-1,-1,-1
273,48,584.60,459.40,23.20,61.30,1.0000,-1,-1,-1
273,50,822.90,431.90,141.30,485.20,1.0000,-1,-1,-1
273,53,654.80,463.90,28.30,70.70,1.0000,-1,-1,-1
273,54,1620.80,408.30,108.80,342.70,1.0000,-1,-1,-1
273,58,638.50,461.60,26.40,63.30,1.0000,-1,-1,-1
274,4,962.80,400.50,160.50,651.20,1.0000,-1,-1,-1
274,18,1368.30,438.00,206.40,414.10,1.0000,-1,-1,-1
274,19,392.60,465.40,41.40,112.80,1.0000,-1,-1,-1
274,24,511.50,454.50,34.90,111.80,1.0000,-1,-1,-1
274,37,696.00,445.60,69.40,200.80,1.0000,-1,-1,-1
274,42,556.30,459.50,23.60,62.20,1.0000,-1,-1,-1
274,45,458.10,457.30,32.20,109.00,1.0000,-1,-1,-1
274,48,582.90,459.40,22.90,61.60,1.0000,-1,-1,-1
274,50,825.40,432.00,139.60,484.20,1.0000,-1,-1,-1
274,53,657.40,463.10,28.80,72.60,1.0000,-1,-1,-1
274,54,1610.80,405.00,109.60,350.10,1.0000,-1,-1,-1
274,58,632.30,460.80,25.70,61.10,1.0000,-1,-1,-1
275,4,967.40,401.60,161.70,654.10,1.0000,-1,-1,-1
275,18,1377.80,439.10,194.80,408.60,1.0000,-1,-1,-1
275,19,391.70,465.50,41.70,113.00,1.0000,-1,-1,-1
275,24,511.40,454.80,34.90,111.20,1.0000,-1,-1,-1
275,37,699.10,445.80,72.50,198.70,1.0000,-1,-1,-1
275,42,556.00,460.60,24.00,61.60,1.0000,-1,-1,-1
275,45,457.50,456.70,31.40,109.80,1.0000,-1,-1,-1
275,48,582.00,460.70,23.00,60.60,1.0000,-1,-1,-1
275,50,824.70,430.00,143.60,490.60,1.0000,-1,-1,-1
275,53,655.10,460.80,27.10,72.50,1.0000,-1,-1,-1
275,54,1590.60,415.80,126.40,336.80,1.0000,-1,-1,-1
275,58,629.90,460.40,25.80,61.00,1.0000,-1,-1,-1
276,4,969.60,393.80,154.50,668.50,1.0000,-1,-1,-1
276,18,1387.80,439.70,198.80,409.90,1.0000,-1,-1,-1
276,19,391.00,464.90,42.50,113.20,1.0000,-1,-1,-1
276,24,512.00,455.60,34.50,110.30,1.0000,-1,-1,-1
276,37,701.90,444.50,74.80,203.70,1.0000,-1,-1,-1
276,42,556.20,460.90,24.20,61.30,1.0000,-1,-1,-1
276,45,457.20,456.60,31.80,109.20,1.0000,-1,-1,-1
276,48,582.20,460.70,23.20,60.40,1.0000,-1,-1,-1
276,50,824.00,431.80,145.20,485.30,1.0000,-1,-1,-1
276,53,656.70,461.10,27.50,72.90,1.0000,-1,-1,-1
276,54,1574.00,416.20,131.70,330.00,1.0000,-1,-1,-1
276,58,629.70,459.90,26.10,61.70,1.0000,-1,-1,-1
277,4,972.60,398.90,156.70,662.40,1.0000,-1,-1,-1
277,18,1393.60,441.10,201.80,405.60,1.0000,-1,-1,-1
277,19,390.20,465.20,41.30,112.50,1.0000,-1,-1,-1
277,24,511.80,455.60,34.40,110.20,1.0000,-1,-1,-1
277,37,703.50,444.90,76.80,204.20,1.0000,-1,-1,-1
277,39,558.30,461.20,24.10,60.60,1.0000,-1,-1,-1
277,45,456.10,457.20,31.50,107.30,1.0000,-1,-1,-1
277,48,581.80,460.70,23.60,61.00,1.0000,-1,-1,-1
277,50,823.80,433.80,145.90,483.90,1.0000,-1,-1,-1
277,53,657.20,462.20,27.20,71.70,1.0000,-1,-1,-1
277,56,1563.80,418.50,139.80,329.00,1.0000,-1,-1,-1
277,57,1319.10,447.50,49.70,106.50,1.0000,-1,-1,-1
277,58,629.20,459.80,25.50,61.20,1.0000,-1,-1,-1
278,4,977.60,401.30,158.00,638.30,1.0000,-1,-1,-1
278,18,1406.60,430.00,191.30,417.90,1.0000,-1,-1,-1
278,19,390.20,465.30,42.10,112.90,1.0000,-1,-1,-1
278,24,511.00,455.70,34.70,110.20,1.0000,-1,-1,-1
278,37,706.10,444.60,81.50,206.70,1.0000,-1,-1,-1
278,39,560.50,461.80,24.10,60.80,1.0000,-1,-1,-1
278,45,455.30,458.30,31.60,107.60,1.0000,-1,-1,-1
278,48,580.10,461.10,24.20,61.00,1.0000,-1,-1,-1
278,49,617.10,459.70,24.00,57.90,1.0000,-1,-1,-1
278,50,824.60,429.20,149.40,493.00,1.0000,-1,-1,-1
278,53,658.60,462.20,26.40,71.70,1.0000,-1,-1,-1
278,56,1550.40,420.10,147.40,331.90,1.0000,-1,-1,-1
278,57,1324.80,445.90,47.40,105.40,1.0000,-1,-1,-1
279,4,981.40,406.70,154.90,639.40,1.0000,-1,-1,-1
279,18,1415.40,431.80,177.20,413.60,1.0000,-1,-1,-1
279,19,390.10,465.90,43.00,111.80,1.0000,-1,-1,-1
279,24,510.20,455.60,35.10,110.40,1.0000,-1,-1,-1
279,37,708.10,440.60,86.60,211.80,1.0000,-1,-1,-1
279,39,562.00,462.00,24.50,60.80,1.0000,-1,-1,-1
279,41,539.10,458.50,26.70,78.80,1.0000,-1,-1,-1
279,45,452.80,459.60,32.60,106.40,1.0000,-1,-1,-1
279,48,579.30,461.60,24.80,60.60,1.0000,-1,-1,-1
279,50,824.70,424.90,151.00,500.30,1.0000,-1,-1,-1
279,53,657.80,462.60,27.10,72.70,1.0000,-1,-1,-1
279,56,1544.40,417.70,149.20,330.40,1.0000,-1,-1,-1
279,57,1327.10,444.20,45.10,106.70,1.0000,-1,-1,-1
279,58,621.90,460.60,24.70,59.30,1.0000,-1,-1,-1
280,4,981.50,401.90,158.20,646.20,1.0000,-1,-1,-1
280,18,1430.80,431.70,171.50,420.50,1.0000,-1,-1,-1
280,19,389.80,465.70,42.40,111.50,1.0000,-1,-1,-1
280,24,509.90,455.90,35.00,109.70,1.0000,-1,-1,-1
280,37,709.30,443.40,92.90,207.60,1.0000,-1,-1,-1
280,39,564.50,462.50,25.10,60.10,1.0000,-1,-1,-1
280,42,546.40,460.40,27.00,70.10,1.0000,-1,-1,-1
280,45,452.90,460.10,32.20,105.60,1.0000,-1,-1,-1
280,48,578.10,462.20,25.50,60.50,1.0000,-1,-1,-1
280,50,825.40,429.80,153.00,486.60,1.0000,-1,-1,-1
280,53,658.60,462.50,25.90,72.80,1.0000,-1,-1,-1
280,56,1547.10,414.70,142.40,330.20,1.0000,-1,-1,-1
280,57,1329.10,443.70,44.20,105.90,1.0000,-1,-1,-1
280,58,621.00,461.30,23.90,57.70,1.0000,-1,-1,-1
281,4,982.90,406.60,157.00,648.20,1.0000,-1,-1,-1
281,18,1444.70,432.50,159.20,419.30,1.0000,-1,-1,-1
281,19,389.50,465.60,43.10,111.00,1.0000,-1,-1,-1
281,24,510.00,456.20,35.00,109.20,1.0000,-1,-1,-1
281,37,716.00,445.80,89.50,195.60,1.0000,-1,-1,-1
281,39,563.90,462.00,25.70,60.60,1.0000,-1,-1,-1
281,42,550.10,460.00,25.80,65.70,1.0000,-1,-1,-1
281,45,451.90,461.20,31.00,105.50,1.0000,-1,-1,-1
281,48,578.50,461.70,25.70,61.00,1.0000,-1,-1,-1
281,49,614.00,460.10,24.00,56.80,1.0000,-1,-1,-1
281,50,829.20,427.80,155.80,494.80,1.0000,-1,-1,-1
281,53,658.00,461.70,26.00,74.90,1.0000,-1,-1,-1
281,54,1543.90,419.10,125.00,338.30,1.0000,-1,-1,-1
281,57,1331.80,442.40,43.80,104.90,1.0000,-1,-1,-1
282,4,984.90,401.00,155.10,654.60,1.0000,-1,-1,-1
282,18,1457.00,425.30,147.10,433.60,1.0000,-1,-1,-1
282,19,388.00,466.10,44.50,110.50,1.0000,-1,-1,-1
282,24,510.20,456.20,34.50,109.20,1.0000,-1,-1,-1
282,37,716.20,451.80,92.00,196.50,1.0000,-1,-1,-1
282,42,549.60,460.00,26.50,68.50,1.0000,-1,-1,-1
282,45,451.80,461.40,30.30,105.30,1.0000,-1,-1,-1
282,48,579.20,461.30,25.80,61.00,1.0000,-1,-1,-1
282,49,604.40,459.20,24.30,57.60,1.0000,-1,-1,-1
282,50,828.60,425.60,159.50,495.30,1.0000,-1,-1,-1
282,53,658.80,461.20,25.90,75.70,1.0000,-1,-1,-1
282,56,1527.90,421.60,148.90,343.10,1.0000,-1,-1,-1
282,57,1336.70,441.20,42.20,107.30,1.0000,-1,-1,-1
283,4,984.20,400.20,157.60,654.60,1.0000,-1,-1,-1
283,18,1468.10,425.30,141.30,429.60,1.0000,-1,-1,-1
283,19,388.50,466.20,43.70,110.80,1.0000,-1,-1,-1
283,24,510.10,456.40,34.70,109.40,1.0000,-1,-1,-1
283,37,715.90,450.00,95.30,198.10,1.0000,-1,-1,-1
283,42,552.90,460.80,26.20,66.70,1.0000,-1,-1,-1
283,45,452.10,460.10,30.40,105.50,1.0000,-1,-1,-1
283,48,580.80,460.90,26.00,60.60,1.0000,-1,-1,-1
283,49,598.30,458.90,24.70,58.40,1.0000,-1,-1,-1
283,50,837.00,430.10,156.90,496.10,1.0000,-1,-1,-1
283,53,658.80,461.50,25.30,75.10,1.0000,-1,-1,-1
283,57,1339.90,441.50,41.50,108.10,1.0000,-1,-1,-1
284,4,987.00,399.00,158.20,656.40,1.0000,-1,-1,-1
284,18,1475.60,434.70,154.30,421.60,1.0000,-1,-1,-1
284,19,386.70,464.40,44.10,113.20,1.0000,-1,-1,-1
284,24,510.20,456.30,34.50,109.20,1.0000,-1,-1,-1
284,37,716.80,450.70,93.40,196.20,1.0000,-1,-1,-1
284,42,555.50,461.30,25.70,66.20,1.0000,-1,-1,-1
284,45,450.40,459.80,32.80,106.10,1.0000,-1,-1,-1
284,48,581.00,461.20,25.80,61.00,1.0000,-1,-1,-1
284,50,837.80,428.40,165.20,499.10,1.0000,-1,-1,-1
284,53,660.60,462.50,25.20,74.60,1.0000,-1,-1,-1
284,57,1342.40,441.70,41.10,109.20,1.0000,-1,-1,-1
285,4,989.40,401.70,153.80,648.80,1.0000,-1,-1,-1
285,18,1479.30,436.50,166.10,421.20,1.0000,-1,-1,-1
285,19,385.80,465.10,44.90,111.70,1.0000,-1,-1,-1
285,24,510.50,456.10,34.00,108.90,1.0000,-1,-1,-1
285,37,717.70,447.90,90.10,200.80,1.0000,-1,-1,-1
285,39,564.40,461.20,25.70,61.20,1.0000,-1,-1,-1
285,41,545.30,459.30,26.60,71.40,1.0000,-1,-1,-1
285,45,431.30,466.30,26.60,102.90,1.0000,-1,-1,-1
285,48,579.20,461.40,25.90,61.80,1.0000,-1,-1,-1
285,49,595.20,459.70,25.80,58.60,1.0000,-1,-1,-1
285,50,840.40,418.70,162.90,510.50,1.0000,-1,-1,-1
285,52,449.20,459.70,32.30,104.70,1.0000,-1,-1,-1
285,53,659.90,462.00,25.80,74.90,1.0000,-1,-1,-1
285,57,1345.30,442.50,42.20,108.20,1.0000,-1,-1,-1
286,4,991.10,402.00,159.40,653.40,1.0000,-1,-1,-1
286,18,1482.60,436.10,179.20,428.30,1.0000,-1,-1,-1
286,19,386.40,466.20,46.50,110.30,1.0000,-1,-1,-1
286,24,510.10,456.60,34.20,108.20,1.0000,-1,-1,-1
286,37,721.40,446.20,85.90,203.40,1.0000,-1,-1,-1
286,39,563.80,461.30,25.70,61.20,1.0000,-1,-1,-1
286,41,546.40,460.40,26.80,70.20,1.0000,-1,-1,-1
286,45,424.60,468.20,29.30,104.50,1.0000,-1,-1,-1
286,48,578.70,461.60,26.10,61.50,1.0000,-1,-1,-1
286,49,593.60,459.70,24.80,58.80,1.0000,-1,-1,-1
286,50,836.80,431.00,172.20,495.80,1.0000,-1,-1,-1
286,52,449.00,459.60,32.40,104.50,1.0000,-1,-1,-1
286,53,659.60,460.80,26.20,75.20,1.0000,-1,-1,-1
286,57,1349.60,443.40,40.60,109.60,1.0000,-1,-1,-1
287,3,406.80,471.40,46.60,104.00,1.0000,-1,-1,-1
287,4,992.10,407.80,158.20,623.40,1.0000,-1,-1,-1
287,18,1484.00,434.50,198.30,431.60,1.0000,-1,-1,-1
287,19,383.80,461.70,43.00,111.60,1.0000,-1,-1,-1
287,24,509.80,455.90,33.90,109.00,1.0000,-1,-1,-1
287,37,728.90,443.90,80.30,207.40,1.0000,-1,-1,-1
287,39,561.20,460.80,25.20,61.30,1.0000,-1,-1,-1
287,41,542.90,459.30,26.70,72.40,1.0000,-1,-1,-1
287,48,577.80,461.00,26.10,61.20,1.0000,-1,-1,-1
287,50,841.00,429.30,164.90,491.00,1.0000,-1,-1,-1
287,52,451.50,459.00,30.50,102.30,1.0000,-1,-1,-1
287,53,658.30,460.60,26.30,74.20,1.0000,-1,-1,-1
287,57,1349.30,444.00,42.30,107.40,1.0000,-1,-1,-1
287,58,601.10,458.70,25.60,58.40,1.0000,-1,-1,-1
288,3,408.40,470.50,46.70,105.30,1.0000,-1,-1,-1
288,4,997.40,414.20,155.90,628.90,1.0000,-1,-1,-1
288,18,1492.60,435.10,219.90,440.70,1.0000,-1,-1,-1
288,19,383.40,461.30,42.70,111.50,1.0000,-1,-1,-1
288,24,509.80,456.60,34.10,107.50,1.0000,-1,-1,-1
288,37,728.80,443.80,81.20,207.40,1.0000,-1,-1,-1
288,39,560.00,461.30,25.50,61.00,1.0000,-1,-1,-1
288,41,546.00,461.10,26.60,68.30,1.0000,-1,-1,-1
288,48,578.30,461.60,25.90,60.10,1.0000,-1,-1,-1
288,50,840.20,435.40,175.70,500.20,1.0000,-1,-1,-1
288,52,449.60,459.10,31.00,103.10,1.0000,-1,-1,-1
288,53,659.20,461.00,26.50,72.20,1.0000,-1,-1,-1
288,57,1350.70,443.00,47.20,107.90,1.0000,-1,-1,-1
288,58,597.10,458.90,24.70,58.30,1.0000,-1,-1,-1
289,3,409.30,471.80,47.10,103.70,1.0000,-1,-1,-1
289,4,998.60,408.70,153.50,637.80,1.0000,-1,-1,-1
289,18,1486.80,435.20,235.10,447.20,1.0000,-1,-1,-1
289,19,383.40,462.20,43.70,110.80,1.0000,-1,-1,-1
289,24,509.80,455.80,34.10,109.10,1.0000,-1,-1,-1
289,37,731.50,444.20,77.80,207.10,1.0000,-1,-1,-1
289,39,561.30,461.20,25.40,61.50,1.0000,-1,-1,-1
289,41,543.50,460.10,26.80,70.60,1.0000,-1,-1,-1
289,48,576.70,461.30,26.00,61.20,1.0000,-1,-1,-1
289,50,845.40,433.70,174.20,503.00,1.0000,-1,-1,-1
289,52,450.70,459.40,30.30,100.80,1.0000,-1,-1,-1
289,53,659.00,459.60,27.00,75.30,1.0000,-1,-1,-1
289,57,1352.10,442.80,50.20,107.60,1.0000,-1,-1,-1
289,58,597.50,458.70,23.30,58.50,1.0000,-1,-1,-1
290,3,408.60,470.10,47.40,105.20,1.0000,-1,-1,-1
290,4,998.40,404.40,157.60,640.40,1.0000,-1,-1,-1
290,18,1496.20,436.60,242.80,442.60,1.0000,-1,-1,-1
290,19,383.10,461.30,43.50,111.70,1.0000,-1,-1,-1
290,24,509.20,455.60,34.60,108.40,1.0000,-1,-1,-1
290,37,736.90,444.10,72.50,207.40,1.0000,-1,-1,-1
290,39,560.00,462.00,25.60,61.50,1.0000,-1,-1,-1
290,41,544.80,461.20,26.90,69.40,1.0000,-1,-1,-1
290,48,577.00,462.50,26.00,60.60,1.0000,-1,-1,-1
290,50,848.70,428.60,168.20,494.80,1.0000,-1,-1,-1
290,52,450.20,459.60,30.70,101.90,1.0000,-1,-1,-1
290,53,659.50,459.20,26.60,76.30,1.0000,-1,-1,-1
290,57,1352.70,440.10,52.00,111.70,1.0000,-1,-1,-1
290,58,596.40,459.80,24.60,57.40,1.0000,-1,-1,-1
291,3,406.70,470.50,48.10,105.20,1.0000,-1,-1,-1
291,4,1003.10,402.00,153.00,633.70,1.0000,-1,-1,-1
291,18,1496.20,434.40,248.60,442.80,1.0000,-1,-1,-1
291,19,383.00,461.70,43.60,111.30,1.0000,-1,-1,-1
291,24,509.60,454.90,34.40,109.00,1.0000,-1,-1,-1
291,37,741.20,444.30,70.00,208.00,1.0000,-1,-1,-1
291,39,561.50,462.00,25.30,60.50,1.0000,-1,-1,-1
291,41,545.30,461.20,27.00,68.40,1.0000,-1,-1,-1
291,48,577.70,462.80,25.70,60.20,1.0000,-1,-1,-1
291,50,850.50,431.00,168.50,494.50,1.0000,-1,-1,-1
291,52,451.30,459.60,31.20,100.40,1.0000,-1,-1,-1
291,53,659.20,458.50,26.70,76.20,1.0000,-1,-1,-1
291,57,1354.50,439.60,51.70,112.90,1.0000,-1,-1,-1
291,58,598.00,460.00,24.50,56.80,1.0000,-1,-1,-1
292,3,408.00,470.90,46.70,104.40,1.0000,-1,-1,-1
292,4,998.10,407.20,156.10,631.60,1.0000,-1,-1,-1
292,18,1505.50,436.20,250.00,447.40,1.0000,-1,-1,-1
292,19,383.30,462.40,43.50,111.70,1.0000,-1,-1,-1
292,24,508.70,455.00,35.50,109.50,1.0000,-1,-1,-1
292,37,746.80,445.00,66.10,206.40,1.0000,-1,-1,-1
292,39,558.00,461.70,25.50,60.40,1.0000,-1,-1,-1
292,41,542.20,460.70,27.50,69.60,1.0000,-1,-1,-1
292,48,577.10,462.60,25.60,58.90,1.0000,-1,-1,-1
292,50,850.30,433.30,171.70,491.50,1.0000,-1,-1,-1
292,52,448.10,460.70,30.30,99.70,1.0000,-1,-1,-1
292,53,658.20,460.00,27.00,74.60,1.0000,-1,-1,-1
292,57,1355.80,439.70,50.30,113.40,1.0000,-1,-1,-1
292,58,599.90,459.70,24.70,56.30,1.0000,-1,-1,-1
292,59,1154.90,444.70,48.00,112.50,1.0000,-1,-1,-1
293,3,410.30,471.90,47.40,102.70,1.0000,-1,-1,-1
293,4,998.90,409.20,154.90,624.30,1.0000,-1,-1,-1
293,18,1515.90,431.50,240.40,455.20,1.0000,-1,-1,-1
293,19,381.80,462.80,44.20,111.20,1.0000,-1,-1,-1
293,24,507.90,455.20,36.10,110.00,1.0000,-1,-1,-1
293,37,748.50,443.80,66.60,204.30,1.0000,-1,-1,-1
293,39,559.90,461.20,25.30,60.30,1.0000,-1,-1,-1
293,41,544.10,460.60,27.40,68.40,1.0000,-1,-1,-1
293,48,576.20,462.00,25.70,59.50,1.0000,-1,-1,-1
293,50,849.70,433.50,172.90,490.80,1.0000,-1,-1,-1
293,52,445.30,462.90,30.00,93.80,1.0000,-1,-1,-1
293,53,658.70,461.00,27.00,72.80,1.0000,-1,-1,-1
293,56,1419.40,426.30,127.90,290.80,1.0000,-1,-1,-1
293,57,1358.30,440.20,50.80,110.80,1.0000,-1,-1,-1
293,58,601.10,459.20,24.00,56.40,1.0000,-1,-1,-1
293,59,1157.30,443.70,48.00,114.80,1.0000,-1,-1,-1
294,3,410.10,470.40,49.10,104.40,1.0000,-1,-1,-1
294,4,1003.30,408.00,156.30,613.00,1.0000,-1,-1,-1
294,18,1517.60,430.20,241.10,461.20,1.0000,-1,-1,-1
294,19,382.30,463.20,44.80,111.70,1.0000,-1,-1,-1
294,24,508.50,455.60,35.50,109.20,1.0000,-1,-1,-1
294,37,752.60,445.00,65.10,198.00,1.0000,-1,-1,-1
294,42,557.00,462.10,26.20,62.50,1.0000,-1,-1,-1
294,48,574.70,463.00,26.60,59.40,1.0000,-1,-1,-1
294,50,856.10,432.90,168.60,495.60,1.0000,-1,-1,-1
294,52,441.30,462.80,32.60,96.90,1.0000,-1,-1,-1
294,53,659.90,460.90,25.80,72.70,1.0000,-1,-1,-1
294,56,1399.50,425.40,151.80,291.20,1.0000,-1,-1,-1
294,57,1359.10,441.90,51.60,109.50,1.0000,-1,-1,-1
294,58,597.00,460.00,22.80,55.70,1.0000,-1,-1,-1
294,59,1159.80,444.80,47.00,110.00,1.0000,-1,-1,-1
295,3,409.90,470.90,49.10,103.80,1.0000,-1,-1,-1
295,4,1003.60,406.20,158.30,612.10,1.0000,-1,-1,-1
295,18,1522.50,421.00,241.80,454.50,1.0000,-1,-1,-1
295,19,382.70,463.20,44.70,111.50,1.0000,-1,-1,-1
295,24,508.60,455.50,35.40,109.20,1.0000,-1,-1,-1
295,37,755.80,442.20,66.80,204.50,1.0000,-1,-1,-1
295,42,553.00,461.60,26.20,62.80,1.0000,-1,-1,-1
295,48,576.60,462.60,26.10,59.20,1.0000,-1,-1,-1
295,50,861.20,430.60,164.10,497.50,1.0000,-1,-1,-1
295,52,445.80,460.20,31.20,97.70,1.0000,-1,-1,-1
295,53,659.70,460.10,25.90,74.50,1.0000,-1,-1,-1
295,56,1397.30,426.40,154.60,284.40,1.0000,-1,-1,-1
295,57,1360.90,439.90,54.10,111.40,1.0000,-1,-1,-1
295,58,596.30,460.00,23.40,56.20,1.0000,-1,-1,-1
295,59,1160.90,443.50,46.90,112.50,1.0000,-1,-1,-1
296,3,411.40,470.40,48.30,104.40,1.0000,-1,-1,-1
296,4,1004.10,405.50,159.80,636.60,1.0000,-1,-1,-1
296,18,1522.20,432.50,237.90,463.20,1.0000,-1,-1,-1
296,19,381.80,462.40,43.90,112.60,1.0000,-1,-1,-1
296,24,508.70,455.70,35.30,108.80,1.0000,-1,-1,-1
296,37,759.20,442.80,65.50,204.60,1.0000,-1,-1,-1
296,42,553.20,461.10,26.20,63.20,1.0000,-1,-1,-1
296,49,577.90,462.20,26.10,59.40,1.0000,-1,-1,-1
296,50,871.20,431.60,157.50,500.80,1.0000,-1,-1,-1
296,53,658.70,461.00,26.10,73.40,1.0000,-1,-1,-1
296,56,1390.40,423.90,148.10,292.90,1.0000,-1,-1,-1
296,58,595.30,460.00,23.90,56.70,1.0000,-1,-1,-1
296,59,1162.50,443.30,48.30,113.10,1.0000,-1,-1,-1
297,3,412.10,469.00,47.50,105.00,1.0000,-1,-1,-1
297,4,1006.60,407.20,155.50,618.80,1.0000,-1,-1,-1
297,18,1543.50,429.80,215.00,459.20,1.0000,-1,-1,-1
297,19,381.90,461.90,43.70,113.40,1.0000,-1,-1,-1
297,24,508.10,455.30,35.80,109.10,1.0000,-1,-1,-1
297,37,761.10,443.80,64.90,205.40,1.0000,-1,-1,-1
297,42,553.30,460.50,26.30,62.80,1.0000,-1,-1,-1
297,49,577.90,461.20,26.30,59.80,1.0000,-1,-1,-1
297,50,859.20,426.60,174.40,506.80,1.0000,-1,-1,-1
297,53,659.50,460.70,25.70,73.70,1.0000,-1,-1,-1
297,56,1388.30,429.20,138.30,285.40,1.0000,-1,-1,-1
297,58,594.00,459.60,24.10,57.50,1.0000,-1,-1,-1
297,59,1162.20,442.90,50.50,112.40,1.0000,-1,-1,-1
297,62,831.40,479.00,57.70,66.60,1.0000,-1,-1,-1
298,3,410.50,469.70,47.10,104.90,1.0000,-1,-1,-1
298,4,1009.40,405.10,155.50,617.50,1.0000,-1,-1,-1
298,18,1557.40,432.50,205.00,465.30,1.0000,-1,-1,-1
298,19,382.50,462.20,43.00,113.00,1.0000,-1,-1,-1
298,24,508.00,456.00,35.80,108.10,1.0000,-1,-1,-1
298,37,762.70,444.10,65.20,203.60,1.0000,-1,-1,-1
298,42,552.30,459.90,26.30,63.70,1.0000,-1,-1,-1
298,49,579.00,460.30,26.30,60.10,1.0000,-1,-1,-1
298,50,874.20,436.90,155.90,492.60,1.0000,-1,-1,-1
298,52,440.70,461.90,29.90,97.60,1.0000,-1,-1,-1
298,53,660.20,462.30,25.20,72.60,1.0000,-1,-1,-1
298,56,1391.00,431.00,125.00,282.90,1.0000,-1,-1,-1
298,58,596.90,458.00,25.80,58.70,1.0000,-1,-1,-1
298,59,1163.50,442.60,48.90,111.80,1.0000,-1,-1,-1
298,62,833.80,478.40,53.60,68.40,1.0000,-1,-1,-1
299,3,410.30,471.40,46.40,104.50,1.0000,-1,-1,-1
299,4,1014.50,406.50,158.80,630.20,1.0000,-1,-1,-1
299,18,1574.30,430.90,196.70,456.60,1.0000,-1,-1,-1
299,19,382.10,462.10,42.90,113.10,1.0000,-1,-1,-1
299,24,507.10,455.30,36.00,108.40,1.0000,-1,-1,-1
299,37,764.40,444.90,66.30,206.10,1.0000,-1,-1,-1
299,39,560.60,460.80,25.40,60.50,1.0000,-1,-1,-1
299,49,579.10,460.40,26.00,59.50,1.0000,-1,-1,-1
299,50,875.30,425.20,152.70,509.90,1.0000,-1,-1,-1
299,53,659.20,462.80,25.60,71.60,1.0000,-1,-1,-1
299,56,1384.10,423.60,115.80,286.00,1.0000,-1,-1,-1
299,58,599.70,458.10,25.30,58.00,1.0000,-1,-1,-1
299,59,1165.70,443.00,48.10,110.90,1.0000,-1,-1,-1
299,62,833.10,476.40,53.30,71.00,1.0000,-1,-1,-1
300,3,410.70,471.20,45.90,104.20,1.0000,-1,-1,-1
300,4,1014.60,404.20,150.90,628.40,1.0000,-1,-1,-1
300,18,1587.30,429.80,189.20,461.00,1.0000,-1,-1,-1
300,19,382.90,463.20,43.50,112.20,1.0000,-1,-1,-1
300,24,507.70,455.40,35.90,108.40,1.0000,-1,-1,-1
300,37,767.30,443.60,69.20,211.20,1.0000,-1,-1,-1
300,39,559.80,460.50,25.10,61.00,1.0000,-1,-1,-1
300,41,546.10,459.10,26.10,68.50,1.0000,-1,-1,-1
300,49,579.20,460.20,25.90,58.90,1.0000,-1,-1,-1
300,50,881.10,423.50,147.60,515.30,1.0000,-1,-1,-1
300,53,658.90,463.90,26.50,72.00,1.0000,-1,-1,-1
300,54,1379.90,417.20,109.30,298.20,1.0000,-1,-1,-1
300,58,598.70,457.70,24.80,59.00,1.0000,-1,-1,-1
300,59,1168.50,443.30,48.70,111.50,1.0000,-1,-1,-1
300,62,835.00,475.30,51.20,73.30,1.0000,-1,-1,-1
301,3,411.00,470.80,46.90,104.40,1.0000,-1,-1,-1
301,4,1013.70,398.70,156.80,627.90,1.0000,-1,-1,-1
301,18,1604.60,431.50,178.30,458.20,1.0000,-1,-1,-1
301,19,382.60,463.20,43.60,112.50,1.0000,-1,-1,-1
301,24,506.40,454.80,37.00,108.80,1.0000,-1,-1,-1
301,37,769.10,443.40,71.40,211.10,1.0000,-1,-1,-1
301,42,553.30,459.90,26.10,63.70,1.0000,-1,-1,-1
301,49,578.30,460.80,26.20,58.50,1.0000,-1,-1,-1
301,50,885.90,424.50,144.80,508.80,1.0000,-1,-1,-1
301,53,659.00,462.20,26.20,74.40,1.0000,-1,-1,-1
301,54,1372.50,414.80,101.30,297.50,1.0000,-1,-1,-1
301,58,598.00,457.60,24.80,59.20,1.0000,-1,-1,-1
301,59,1172.00,445.80,46.20,108.40,1.0000,-1,-1,-1
301,62,834.10,473.70,52.20,76.00,1.0000,-1,-1,-1
302,3,410.20,469.20,47.30,105.90,1.0000,-1,-1,-1
302,4,1016.30,411.70,165.10,615.30,1.0000,-1,-1,-1
302,18,1618.30,431.50,166.50,457.30,1.0000,-1,-1,-1
302,19,382.50,463.70,44.00,111.80,1.0000,-1,-1,-1
302,24,505.60,455.10,37.30,108.30,1.0000,-1,-1,-1
302,37,770.60,444.70,73.10,210.40,1.0000,-1,-1,-1
302,42,554.00,460.30,25.80,62.90,1.0000,-1,-1,-1
302,49,577.20,461.10,26.40,58.50,1.0000,-1,-1,-1
302,50,888.50,431.60,147.90,505.10,1.0000,-1,-1,-1
302,53,658.70,462.50,25.50,74.20,1.0000,-1,-1,-1
302,54,1365.80,418.90,95.00,284.10,1.0000,-1,-1,-1
302,58,609.60,458.50,24.60,58.10,1.0000,-1,-1,-1
302,59,1172.40,445.00,46.90,109.10,1.0000,-1,-1,-1
302,62,835.20,473.20,52.30,76.10,1.0000,-1,-1,-1
303,3,410.30,468.50,48.60,105.70,1.0000,-1,-1,-1
303,4,1015.10,412.20,170.70,614.40,1.0000,-1,-1,-1
303,18,1639.70,423.90,156.40,476.30,1.0000,-1,-1,-1
303,19,382.80,464.20,44.30,111.30,1.0000,-1,-1,-1
303,24,504.90,454.60,38.10,109.60,1.0000,-1,-1,-1
303,37,773.10,446.00,72.30,210.70,1.0000,-1,-1,-1
303,42,554.80,460.80,25.60,62.40,1.0000,-1,-1,-1
303,49,575.80,461.10,26.50,60.70,1.0000,-1,-1,-1
303,50,893.00,436.10,144.10,501.10,1.0000,-1,-1,-1
303,53,658.50,462.00,26.00,74.40,1.0000,-1,-1,-1
303,54,1356.70,422.00,96.10,286.40,1.0000,-1,-1,-1
303,58,610.40,459.20,24.50,57.60,1.0000,-1,-1,-1
303,59,1174.40,445.50,45.80,108.70,1.0000,-1,-1,-1
303,62,835.10,474.40,53.10,76.50,1.0000,-1,-1,-1
304,3,410.80,468.80,48.40,105.90,1.0000,-1,-1,-1
304,4,1013.80,409.50,177.00,613.20,1.0000,-1,-1,-1
304,18,1646.40,435.00,162.00,464.20,1.0000,-1,-1,-1
304,19,382.20,463.30,44.50,112.20,1.0000,-1,-1,-1
304,24,504.50,455.80,38.60,109.90,1.0000,-1,-1,-1
304,37,776.50,446.70,70.40,210.20,1.0000,-1,-1,-1
304,42,554.70,461.00,25.20,62.40,1.0000,-1,-1,-1
304,49,575.40,461.20,26.10,60.70,1.0000,-1,-1,-1
304,50,890.00,430.00,148.40,512.20,1.0000,-1,-1,-1
304,53,658.30,462.30,25.90,73.20,1.0000,-1,-1,-1
304,54,1343.30,428.90,104.90,271.70,1.0000,-1,-1,-1
304,58,610.30,459.30,24.30,57.50,1.0000,-1,-1,-1
304,59,1177.70,446.80,42.90,106.20,1.0000,-1,-1,-1
304,62,835.30,475.50,54.10,75.30,1.0000,-1,-1,-1
305,3,410.20,468.10,48.90,106.70,1.0000,-1,-1,-1
305,4,1014.40,406.80,181.00,614.40,1.0000,-1,-1,-1
305,18,1656.80,419.70,163.60,484.90,1.0000,-1,-1,-1
305,19,381.90,463.00,44.00,112.00,1.0000,-1,-1,-1
305,24,503.60,456.60,39.30,108.20,1.0000,-1,-1,-1
305,37,777.20,446.10,73.40,211.60,1.0000,-1,-1,-1
305,42,555.80,460.90,25.00,60.90,1.0000,-1,-1,-1
305,49,575.70,461.30,25.50,59.60,1.0000,-1,-1,-1
305,50,892.80,424.90,141.60,524.90,1.0000,-1,-1,-1
305,53,658.00,461.90,25.80,73.30,1.0000,-1,-1,-1
305,56,1329.40,428.00,118.40,277.10,1.0000,-1,-1,-1
305,58,609.30,459.30,24.10,56.60,1.0000,-1,-1,-1
305,59,1182.20,447.60,40.30,103.40,1.0000,-1,-1,-1
305,62,834.90,471.40,52.90,79.10,1.0000,-1,-1,-1
306,3,410.40,468.90,48.40,105.60,1.0000,-1,-1,-1
306,4,1015.00,409.10,188.80,617.00,1.0000,-1,-1,-1
306,18,1662.30,422.00,180.60,480.20,1.0000,-1,-1,-1
306,19,381.80,463.80,44.10,111.40,1.0000,-1,-1,-1
306,24,502.10,456.10,40.90,109.00,1.0000,-1,-1,-1
306,37,781.80,443.90,69.80,213.50,1.0000,-1,-1,-1
306,39,558.30,461.00,24.60,60.10,1.0000,-1,-1,-1
306,41,542.30,460.50,25.80,66.80,1.0000,-1,-1,-1
306,48,578.80,461.60,24.60,58.30,1.0000,-1,-1,-1
306,50,893.70,422.90,139.90,525.30,1.0000,-1,-1,-1
306,53,657.70,462.30,25.70,72.50,1.0000,-1,-1,-1
306,56,1321.40,428.50,122.50,274.80,1.0000,-1,-1,-1
306,58,609.90,459.50,24.00,56.80,1.0000,-1,-1,-1
306,59,1187.90,449.20,37.30,99.40,1.0000,-1,-1,-1
306,62,835.60,471.90,54.50,77.00,1.0000,-1,-1,-1
307,3,410.80,470.30,47.70,105.00,1.0000,-1,-1,-1
307,4,1017.00,403.90,195.20,607.80,1.0000,-1,-1,-1
307,18,1666.20,420.90,193.10,491.00,1.0000,-1,-1,-1
307,19,380.90,464.40,44.00,110.60,1.0000,-1,-1,-1
307,24,501.10,456.00,42.20,109.00,1.0000,-1,-1,-1
307,37,785.00,441.70,68.90,217.10,1.0000,-1,-1,-1
307,39,557.90,461.80,24.80,60.20,1.0000,-1,-1,-1
307,41,542.30,461.00,25.50,66.30,1.0000,-1,-1,-1
307,48,578.70,461.90,24.60,58.80,1.0000,-1,-1,-1
307,50,898.90,422.10,133.00,525.50,1.0000,-1,-1,-1
307,53,658.00,462.70,26.10,73.10,1.0000,-1,-1,-1
307,56,1304.80,425.70,137.20,276.20,1.0000,-1,-1,-1
307,58,611.40,460.10,23.90,56.20,1.0000,-1,-1,-1
307,59,1191.10,450.00,35.00,96.20,1.0000,-1,-1,-1
307,62,835.60,471.70,54.00,76.80,1.0000,-1,-1,-1
308,3,410.90,468.90,48.00,106.40,1.0000,-1,-1,-1
308,4,1018.90,401.30,206.70,617.00,1.0000,-1,-1,-1
308,18,1674.80,427.60,209.20,489.30,1.0000,-1,-1,-1
308,19,381.00,464.30,44.70,111.60,1.0000,-1,-1,-1
308,24,497.60,454.90,45.10,109.70,1.0000,-1,-1,-1
308,37,787.90,442.80,67.00,214.00,1.0000,-1,-1,-1
308,39,559.50,462.10,24.20,59.10,1.0000,-1,-1,-1
308,48,578.80,461.90,24.60,58.30,1.0000,-1,-1,-1
308,50,894.60,425.70,138.90,521.00,1.0000,-1,-1,-1
308,53,657.70,463.10,26.80,73.30,1.0000,-1,-1,-1
308,56,1294.20,428.60,141.60,272.70,1.0000,-1,-1,-1
308,58,617.60,460.50,23.00,56.30,1.0000,-1,-1,-1
308,59,1193.70,447.40,34.10,97.00,1.0000,-1,-1,-1
308,62,835.60,472.90,55.60,76.20,1.0000,-1,-1,-1
309,3,410.80,468.30,47.70,106.20,1.0000,-1,-1,-1
309,4,1022.00,413.50,212.20,604.30,1.0000,-1,-1,-1
309,18,1677.30,434.80,233.70,492.20,1.0000,-1,-1,-1
309,19,381.70,464.80,44.30,111.60,1.0000,-1,-1,-1
309,24,496.90,455.00,45.80,109.50,1.0000,-1,-1,-1
309,37,792.60,445.10,65.20,210.20,1.0000,-1,-1,-1
309,39,560.80,462.20,24.00,58.50,1.0000,-1,-1,-1
309,41,546.00,461.90,25.40,61.80,1.0000,-1,-1,-1
309,48,578.40,462.20,24.80,57.70,1.0000,-1,-1,-1
309,50,894.50,423.10,139.10,529.50,1.0000,-1,-1,-1
309,53,657.60,462.80,26.80,73.50,1.0000,-1,-1,-1
309,56,1293.90,431.80,137.90,266.70,1.0000,-1,-1,-1
309,58,619.00,460.90,23.10,56.00,1.0000,-1,-1,-1
309,59,1194.60,450.30,35.10,94.60,1.0000,-1,-1,-1
309,62,843.10,472.40,52.30,74.40,1.0000,-1,-1,-1
309,63,1.30,386.20,119.80,480.10,1.0000,-1,-1,-1
310,3,410.30,468.00,47.30,106.60,1.0000,-1,-1,-1
310,4,1021.30,402.40,214.40,618.30,1.0000,-1,-1,-1
310,18,1681.20,429.40,239.80,501.80,1.0000,-1,-1,-1
310,19,381.60,465.00,43.70,111.40,1.0000,-1,-1,-1
310,24,497.60,456.00,44.90,110.00,1.0000,-1,-1,-1
310,37,793.40,443.10,66.60,211.90,1.0000,-1,-1,-1
310,41,538.90,461.90,24.80,64.20,1.0000,-1,-1,-1
310,42,555.70,461.90,23.80,58.30,1.0000,-1,-1,-1
310,48,578.20,461.90,23.70,56.80,1.0000,-1,-1,-1
310,50,894.30,423.00,138.00,529.30,1.0000,-1,-1,-1
310,53,657.00,462.40,26.70,73.10,1.0000,-1,-1,-1
310,56,1284.10,431.90,139.40,270.30,1.0000,-1,-1,-1
310,57,1408.80,441.70,47.50,117.90,1.0000,-1,-1,-1
310,58,621.50,460.70,23.00,56.40,1.0000,-1,-1,-1
310,59,1195.10,452.00,35.40,91.40,1.0000,-1,-1,-1
310,62,843.00,472.60,49.80,75.60,1.0000,-1,-1,-1
310,63,2.20,391.00,121.80,475.90,1.0000,-1,-1,-1
311,3,411.40,468.60,46.10,105.40,1.0000,-1,-1,-1
311,4,1022.10,403.40,213.50,617.10,1.0000,-1,-1,-1
311,18,1682.80,427.40,238.20,503.20,1.0000,-1,-1,-1
311,19,381.10,465.30,45.00,112.10,1.0000,-1,-1,-1
311,24,496.80,456.10,45.20,109.30,1.0000,-1,-1,-1
311,37,796.80,441.50,66.50,213.60,1.0000,-1,-1,-1
311,42,554.60,461.60,23.90,58.20,1.0000,-1,-1,-1
311,48,576.80,461.60,24.30,57.30,1.0000,-1,-1,-1
311,50,896.30,420.80,136.10,536.30,1.0000,-1,-1,-1
311,53,657.20,462.40,25.90,73.20,1.0000,-1,-1,-1
311,56,1282.90,431.40,130.00,268.40,1.0000,-1,-1,-1
311,57,1399.60,436.20,54.40,120.00,1.0000,-1,-1,-1
311,58,618.40,460.30,23.40,56.60,1.0000,-1,-1,-1
311,59,1195.30,450.70,36.40,92.90,1.0000,-1,-1,-1
311,63,2.50,390.50,131.70,482.10,1.0000,-1,-1,-1
312,3,411.30,468.60,46.10,105.10,1.0000,-1,-1,-1
312,4,1023.40,405.50,213.30,612.30,1.0000,-1,-1,-1
312,18,1681.00,428.50,240.00,509.10,1.0000,-1,-1,-1
312,19,381.40,465.70,44.50,110.80,1.0000,-1,-1,-1
312,24,497.00,456.20,44.00,108.50,1.0000,-1,-1,-1
312,37,800.10,442.30,65.40,210.40,1.0000,-1,-1,-1
312,42,548.80,461.40,23.40,59.50,1.0000,-1,-1,-1
312,48,582.40,460.50,22.70,56.80,1.0000,-1,-1,-1
312,50,895.00,421.30,137.10,534.20,1.0000,-1,-1,-1
312,53,657.60,462.10,25.70,72.90,1.0000,-1,-1,-1
312,56,1278.10,434.80,121.00,260.90,1.0000,-1,-1,-1
312,57,1402.90,435.70,54.80,119.50,1.0000,-1,-1,-1
312,58,617.10,458.80,23.40,57.90,1.0000,-1,-1,-1
312,59,1195.70,449.90,37.00,94.30,1.0000,-1,-1,-1
312,63,4.30,397.00,140.00,470.70,1.0000,-1,-1,-1
313,3,410.30,467.50,47.40,106.20,1.0000,-1,-1,-1
313,4,1024.10,405.60,212.70,618.30,1.0000,-1,-1,-1
313,18,1683.00,430.00,238.00,493.30,1.0000,-1,-1,-1
313,19,381.10,464.60,44.40,112.60,1.0000,-1,-1,-1
313,24,494.60,456.30,47.30,108.80,1.0000,-1,-1,-1
313,37,802.60,443.70,66.20,208.80,1.0000,-1,-1,-1
313,41,540.70,461.30,24.10,61.30,1.0000,-1,-1,-1
313,42,553.80,461.60,22.90,57.90,1.0000,-1,-1,-1
313,48,579.50,460.80,23.30,56.80,1.0000,-1,-1,-1
313,50,899.20,426.10,134.80,523.60,1.0000,-1,-1,-1
313,53,657.90,462.50,25.60,73.70,1.0000,-1,-1,-1
313,56,1272.40,432.70,111.60,262.90,1.0000,-1,-1,-1
313,57,1407.00,437.50,55.40,117.10,1.0000,-1,-1,-1
313,58,620.80,459.40,24.40,57.80,1.0000,-1,-1,-1
313,59,1197.00,447.80,36.90,97.60,1.0000,-1,-1,-1
313,63,3.90,403.30,158.90,465.90,1.0000,-1,-1,-1
314,3,411.10,468.30,46.60,105.60,1.0000,-1,-1,-1
314,4,1029.40,401.70,216.30,620.10,1.0000,-1,-1,-1
314,18,1693.70,417.90,227.30,517.40,1.0000,-1,-1,-1
314,19,382.20,466.30,44.40,111.00,1.0000,-1,-1,-1
314,24,494.30,455.80,47.10,109.90,1.0000,-1,-1,-1
314,37,806.20,442.70,68.10,216.60,1.0000,-1,-1,-1
314,42,553.10,461.30,22.70,58.00,1.0000,-1,-1,-1
314,48,579.50,460.60,23.30,57.30,1.0000,-1,-1,-1
314,50,897.80,426.60,137.40,523.00,1.0000,-1,-1,-1
314,53,658.80,462.80,25.80,73.40,1.0000,-1,-1,-1
314,54,1269.90,424.60,101.40,270.10,1.0000,-1,-1,-1
314,57,1409.30,438.30,54.20,114.70,1.0000,-1,-1,-1
314,58,624.20,459.80,23.90,59.10,1.0000,-1,-1,-1
314,59,1196.50,448.90,38.40,97.10,1.0000,-1,-1,-1
314,63,10.00,394.20,168.40,464.90,1.0000,-1,-1,-1
315,3,409.10,467.90,47.80,106.80,1.0000,-1,-1,-1
315,4,1030.80,406.20,212.40,615.30,1.0000,-1,-1,-1
315,18,1696.40,416.00,224.60,527.60,1.0000,-1,-1,-1
315,19,381.40,464.20,44.30,112.40,1.0000,-1,-1,-1
315,24,492.60,454.80,49.10,109.90,1.0000,-1,-1,-1
315,37,808.30,440.40,71.00,216.50,1.0000,-1,-1,-1
315,42,549.00,461.00,23.50,58.20,1.0000,-1,-1,-1
315,48,579.50,460.20,23.00,56.70,1.0000,-1,-1,-1
315,50,898.30,425.60,139.30,522.70,1.0000,-1,-1,-1
315,53,657.80,462.10,25.90,73.30,1.0000,-1,-1,-1
315,54,1272.00,427.60,87.10,265.00,1.0000,-1,-1,-1
315,57,1414.50,440.40,50.10,111.30,1.0000,-1,-1,-1
315,58,626.50,459.90,23.90,58.30,1.0000,-1,-1,-1
315,59,1196.80,448.50,38.50,97.80,1.0000,-1,-1,-1
315,63,9.10,401.80,192.50,459.80,1.0000,-1,-1,-1
316,3,409.00,467.60,47.80,107.30,1.0000,-1,-1,-1
316,4,1035.30,411.70,208.90,604.10,1.0000,-1,-1,-1
316,18,1710.90,419.80,210.10,516.10,1.0000,-1,-1,-1
316,19,381.70,464.40,43.90,111.70,1.0000,-1,-1,-1
316,24,492.90,454.90,48.40,109.60,1.0000,-1,-1,-1
316,37,809.90,439.70,72.40,219.80,1.0000,-1,-1,-1
316,42,548.80,460.80,23.40,58.00,1.0000,-1,-1,-1
316,48,579.60,460.30,22.60,56.50,1.0000,-1,-1,-1
316,50,896.00,416.00,140.30,529.80,1.0000,-1,-1,-1
316,53,658.10,462.70,26.20,72.80,1.0000,-1,-1,-1
316,54,1265.70,426.50,87.70,265.40,1.0000,-1,-1,-1
316,57,1420.20,440.40,48.10,110.20,1.0000,-1,-1,-1
316,58,627.60,459.90,23.90,58.80,1.0000,-1,-1,-1
316,59,1197.40,448.30,38.10,96.70,1.0000,-1,-1,-1
316,63,11.80,404.30,217.20,466.60,1.0000,-1,-1,-1
317,3,410.50,468.20,46.40,106.50,1.0000,-1,-1,-1
317,4,1036.20,408.80,206.60,605.10,1.0000,-1,-1,-1
317,18,1740.80,419.90,180.20,511.80,1.0000,-1,-1,-1
317,19,381.60,464.20,44.10,112.30,1.0000,-1,-1,-1
317,24,492.60,454.30,47.60,111.10,1.0000,-1,-1,-1
317,37,812.40,441.90,76.50,216.40,1.0000,-1,-1,-1
317,42,550.80,460.60,23.20,58.20,1.0000,-1,-1,-1
317,48,578.50,460.50,22.90,56.80,1.0000,-1,-1,-1
317,50,897.60,422.60,140.50,526.30,1.0000,-1,-1,-1
317,53,658.50,463.30,26.00,72.40,1.0000,-1,-1,-1
317,54,1260.00,424.60,88.70,264.30,1.0000,-1,-1,-1
317,57,1421.70,438.30,48.70,112.20,1.0000,-1,-1,-1
317,58,627.40,459.50,25.00,59.90,1.0000,-1,-1,-1
317,59,1201.90,448.60,36.10,95.70,1.0000,-1,-1,-1
317,63,11.80,403.00,241.40,457.50,1.0000,-1,-1,-1
318,3,409.50,469.00,47.00,105.50,1.0000,-1,-1,-1
318,4,1042.80,413.30,204.20,598.20,1.0000,-1,-1,-1
318,18,1746.00,421.60,175.00,514.60,1.0000,-1,-1,-1
318,19,381.30,464.60,44.80,112.10,1.0000,-1,-1,-1
318,24,492.20,454.60,47.80,110.50,1.0000,-1,-1,-1
318,37,815.00,439.90,75.00,219.20,1.0000,-1,-1,-1
318,42,551.70,460.40,23.20,58.30,1.0000,-1,-1,-1
318,48,577.40,460.00,22.90,57.10,1.0000,-1,-1,-1
318,50,897.00,421.80,141.10,525.30,1.0000,-1,-1,-1
318,53,659.00,463.40,25.90,71.40,1.0000,-1,-1,-1
318,54,1250.60,428.00,93.80,257.80,1.0000,-1,-1,-1
318,57,1426.90,439.20,47.10,111.20,1.0000,-1,-1,-1
318,58,630.30,459.50,25.30,61.40,1.0000,-1,-1,-1
318,59,1204.60,449.60,35.60,95.40,1.0000,-1,-1,-1
319,3,409.40,468.60,47.20,105.90,1.0000,-1,-1,-1
319,4,1038.60,412.70,207.30,605.00,1.0000,-1,-1,-1
319,18,1777.70,418.60,143.30,510.20,1.0000,-1,-1,-1
319,19,381.40,464.70,44.70,112.00,1.0000,-1,-1,-1
319,24,491.90,454.90,48.10,110.60,1.0000,-1,-1,-1
319,37,817.10,440.50,76.60,216.50,1.0000,-1,-1,-1
319,42,551.90,460.00,22.70,58.00,1.0000,-1,-1,-1
319,48,580.50,459.50,22.60,57.60,1.0000,-1,-1,-1
319,50,896.80,413.90,142.60,538.70,1.0000,-1,-1,-1
319,53,658.80,463.10,26.00,71.90,1.0000,-1,-1,-1
319,56,1237.40,431.90,104.40,253.60,1.0000,-1,-1,-1
319,57,1429.90,438.90,47.80,111.80,1.0000,-1,-1,-1
319,58,628.80,458.80,25.20,61.10,1.0000,-1,-1,-1
319,59,1207.90,448.30,34.40,98.20,1.0000,-1,-1,-1
319,64,601.30,456.30,39.20,61.10,1.0000,-1,-1,-1
320,3,409.70,468.00,47.30,106.30,1.0000,-1,-1,-1
320,4,1045.20,411.50,203.10,605.00,1.0000,-1,-1,-1
320,18,1702.20,408.40,167.30,452.10,1.0000,-1,-1,-1
320,19,381.60,464.40,44.80,112.30,1.0000,-1,-1,-1
320,24,492.50,454.00,46.70,111.10,1.0000,-1,-1,-1
320,37,818.20,439.20,78.70,220.80,1.0000,-1,-1,-1
320,42,552.80,460.00,22.80,58.10,1.0000,-1,-1,-1
320,48,579.90,459.90,22.80,57.00,1.0000,-1,-1,-1
320,50,897.00,422.80,142.30,523.50,1.0000,-1,-1,-1
320,53,658.70,463.20,25.90,72.00,1.0000,-1,-1,-1
320,56,1226.70,432.40,110.10,256.30,1.0000,-1,-1,-1
320,57,1432.20,439.60,48.40,112.00,1.0000,-1,-1,-1
320,58,627.90,458.70,25.40,60.50,1.0000,-1,-1,-1
320,59,1211.40,449.10,35.50,100.50,1.0000,-1,-1,-1
320,64,602.40,456.10,39.90,61.30,1.0000,-1,-1,-1
320,65,21.80,404.60,275.10,450.50,1.0000,-1,-1,-1
321,3,409.80,468.60,47.40,105.70,1.0000,-1,-1,-1
321,4,1047.60,412.20,199.30,605.70,1.0000,-1,-1,-1
321,18,1712.10,405.40,171.30,441.70,1.0000,-1,-1,-1
321,19,380.90,463.80,44.60,112.60,1.0000,-1,-1,-1
321,24,492.00,453.80,46.10,111.20,1.0000,-1,-1,-1
321,37,824.40,441.30,77.40,214.10,1.0000,-1,-1,-1
321,42,553.80,459.50,22.50,58.60,1.0000,-1,-1,-1
321,48,582.10,459.60,22.60,57.30,1.0000,-1,-1,-1
321,50,898.50,423.70,142.00,521.90,1.0000,-1,-1,-1
321,53,657.90,462.70,26.60,73.10,1.0000,-1,-1,-1
321,56,1218.20,428.60,118.10,264.10,1.0000,-1,-1,-1
321,57,1435.90,439.50,48.70,113.30,1.0000,-1,-1,-1
321,58,623.00,457.80,24.40,59.30,1.0000,-1,-1,-1
321,65,27.30,398.40,274.50,459.70,1.0000,-1,-1,-1
322,3,409.80,468.80,47.20,105.30,1.0000,-1,-1,-1
322,4,1049.90,412.40,196.60,606.60,1.0000,-1,-1,-1
322,18,1721.70,402.90,160.90,451.30,1.0000,-1,-1,-1
322,19,380.80,464.00,44.70,112.60,1.0000,-1,-1,-1
322,24,491.40,454.40,46.10,110.40,1.0000,-1,-1,-1
322,37,824.00,441.90,82.60,218.50,1.0000,-1,-1,-1
322,42,554.00,459.40,22.30,58.60,1.0000,-1,-1,-1
322,48,583.60,459.00,22.60,58.00,1.0000,-1,-1,-1
322,50,896.20,414.80,143.40,537.50,1.0000,-1,-1,-1
322,53,657.80,462.80,26.90,73.60,1.0000,-1,-1,-1
322,56,1210.90,432.80,121.90,254.40,1.0000,-1,-1,-1
322,57,1437.70,439.00,48.70,113.70,1.0000,-1,-1,-1
322,58,623.80,458.10,25.00,60.20,1.0000,-1,-1,-1
322,65,32.50,398.80,274.40,458.00,1.0000,-1,-1,-1
323,3,410.20,470.80,46.60,102.90,1.0000,-1,-1,-1
323,4,1049.90,412.20,193.30,605.20,1.0000,-1,-1,-1
323,18,1732.70,402.40,159.30,447.50,1.0000,-1,-1,-1
323,19,380.30,465.10,45.70,112.30,1.0000,-1,-1,-1
323,24,490.90,454.00,46.00,110.90,1.0000,-1,-1,-1
323,37,827.40,442.70,83.20,216.90,1.0000,-1,-1,-1
323,42,556.80,460.30,22.20,58.70,1.0000,-1,-1,-1
323,48,583.80,459.20,22.70,57.60,1.0000,-1,-1,-1
323,50,895.80,411.40,143.80,544.60,1.0000,-1,-1,-1
323,53,658.20,463.00,26.30,73.60,1.0000,-1,-1,-1
323,56,1210.30,439.90,123.00,247.50,1.0000,-1,-1,-1
323,57,1439.80,438.50,51.80,114.60,1.0000,-1,-1,-1
323,58,623.00,458.30,24.70,59.50,1.0000,-1,-1,-1
323,65,28.40,405.50,286.90,449.90,1.0000,-1,-1,-1
324,3,410.40,469.70,46.30,104.40,1.0000,-1,-1,-1
324,4,1052.80,410.20,195.20,604.60,1.0000,-1,-1,-1
324,18,1738.60,401.90,172.50,453.00,1.0000,-1,-1,-1
324,19,380.60,464.60,44.70,112.20,1.0000,-1,-1,-1
324,24,491.30,454.30,45.40,110.80,1.0000,-1,-1,-1
324,37,827.30,443.50,84.60,219.60,1.0000,-1,-1,-1
324,42,556.30,460.00,22.40,58.90,1.0000,-1,-1,-1
324,48,587.50,459.30,22.20,58.20,1.0000,-1,-1,-1
324,50,895.10,416.90,145.00,534.40,1.0000,-1,-1,-1
324,53,658.40,462.70,26.70,74.10,1.0000,-1,-1,-1
324,56,1212.40,437.80,112.80,251.90,1.0000,-1,-1,-1
324,57,1441.90,438.70,53.80,113.20,1.0000,-1,-1,-1
324,58,625.30,458.10,24.70,60.30,1.0000,-1,-1,-1
324,65,42.10,408.20,277.20,445.20,1.0000,-1,-1,-1
324,66,798.10,473.30,46.10,66.70,1.0000,-1,-1,-1
325,3,410.20,467.90,47.10,106.50,1.0000,-1,-1,-1
325,4,1053.00,414.00,193.90,602.00,1.0000,-1,-1,-1
325,18,1751.00,399.70,170.00,449.90,1.0000,-1,-1,-1
325,19,380.40,463.60,44.10,113.00,1.0000,-1,-1,-1
325,24,490.60,453.50,46.40,111.30,1.0000,-1,-1,-1
325,37,831.50,444.60,87.20,215.90,1.0000,-1,-1,-1
325,42,555.60,459.60,22.30,59.00,1.0000,-1,-1,-1
325,48,587.50,458.70,21.60,58.50,1.0000,-1,-1,-1
325,50,900.90,421.80,139.60,526.00,1.0000,-1,-1,-1
325,53,658.30,463.00,26.70,73.70,1.0000,-1,-1,-1
325,56,1213.90,436.90,106.70,243.70,1.0000,-1,-1,-1
325,57,1443.80,439.10,54.00,112.60,1.0000,-1,-1,-1
325,58,626.60,458.20,24.70,60.20,1.0000,-1,-1,-1
325,65,52.70,410.20,265.30,441.70,1.0000,-1,-1,-1
325,66,796.80,476.60,48.80,61.60,1.0000,-1,-1,-1
326,3,410.10,468.70,46.50,105.90,1.0000,-1,-1,-1
326,4,1058.30,412.00,187.80,599.40,1.0000,-1,-1,-1
326,18,1750.10,395.90,170.90,477.20,1.0000,-1,-1,-1
326,19,380.80,463.40,44.20,112.80,1.0000,-1,-1,-1
326,24,490.70,454.30,44.50,111.00,1.0000,-1,-1,-1
326,37,830.60,444.00,93.20,224.70,1.0000,-1,-1,-1
326,42,558.00,459.60,22.00,59.30,1.0000,-1,-1,-1
326,48,587.70,459.50,21.50,58.70,1.0000,-1,-1,-1
326,50,896.30,416.80,144.90,533.40,1.0000,-1,-1,-1
326,53,658.70,463.30,26.10,72.80,1.0000,-1,-1,-1
326,56,1206.90,447.70,103.30,227.90,1.0000,-1,-1,-1
326,57,1445.90,441.00,51.60,110.50,1.0000,-1,-1,-1
326,58,628.80,459.40,24.30,61.40,1.0000,-1,-1,-1
326,65,68.60,411.60,252.60,437.40,1.0000,-1,-1,-1
326,66,797.20,477.90,50.70,59.10,1.0000,-1,-1,-1
327,3,410.50,467.80,46.80,106.60,1.0000,-1,-1,-1
327,4,1051.60,403.80,198.70,610.00,1.0000,-1,-1,-1
327,18,1755.80,398.60,165.20,468.80,1.0000,-1,-1,-1
327,19,380.60,463.00,44.80,113.70,1.0000,-1,-1,-1
327,24,490.60,454.10,43.50,111.60,1.0000,-1,-1,-1
327,37,836.30,442.60,86.70,225.60,1.0000,-1,-1,-1
327,42,560.10,459.50,21.90,59.30,1.0000,-1,-1,-1
327,48,585.20,459.30,21.40,58.30,1.0000,-1,-1,-1
327,50,896.70,417.10,144.40,532.40,1.0000,-1,-1,-1
327,53,658.50,463.20,25.70,72.30,1.0000,-1,-1,-1
327,54,1203.40,432.80,86.80,252.60,1.0000,-1,-1,-1
327,57,1446.30,439.90,54.10,111.00,1.0000,-1,-1,-1
327,58,624.80,459.40,24.30,61.30,1.0000,-1,-1,-1
327,65,86.00,408.20,237.90,433.90,1.0000,-1,-1,-1
327,66,796.80,477.10,53.10,59.90,1.0000,-1,-1,-1
328,3,410.50,468.80,45.90,105.90,1.0000,-1,-1,-1
328,4,1057.60,402.80,189.50,611.00,1.0000,-1,-1,-1
328,18,1754.00,402.60,167.00,450.60,1.0000,-1,-1,-1
328,19,380.80,462.80,44.70,114.00,1.0000,-1,-1,-1
328,24,490.90,454.00,41.60,111.60,1.0000,-1,-1,-1
328,37,841.70,449.40,81.70,212.80,1.0000,-1,-1,-1
328,42,560.00,459.90,22.10,60.00,1.0000,-1,-1,-1
328,48,582.50,459.50,21.80,58.40,1.0000,-1,-1,-1
328,50,900.30,422.10,142.50,524.70,1.0000,-1,-1,-1
328,53,658.60,463.70,26.00,72.00,1.0000,-1,-1,-1
328,57,1449.60,441.30,51.00,110.30,1.0000,-1,-1,-1
328,58,625.80,459.50,24.10,61.90,1.0000,-1,-1,-1
328,65,116.80,400.80,211.00,443.50,1.0000,-1,-1,-1
328,66,799.00,477.80,54.80,59.50,1.0000,-1,-1,-1
329,3,410.30,469.10,45.70,105.50,1.0000,-1,-1,-1
329,4,1058.20,409.70,194.70,606.60,1.0000,-1,-1,-1
329,18,1762.00,398.90,159.00,463.40,1.0000,-1,-1,-1
329,19,380.20,462.60,45.10,114.20,1.0000,-1,-1,-1
329,24,489.50,453.40,41.80,111.60,1.0000,-1,-1,-1
329,37,852.10,453.00,67.00,186.90,1.0000,-1,-1,-1
329,39,563.40,460.20,21.80,59.70,1.0000,-1,-1,-1
329,48,582.60,460.00,21.90,58.60,1.0000,-1,-1,-1
329,50,900.10,424.10,143.60,521.30,1.0000,-1,-1,-1
329,53,658.30,463.80,26.10,72.30,1.0000,-1,-1,-1
329,57,1452.30,442.30,49.70,108.20,1.0000,-1,-1,-1
329,58,626.60,459.70,24.20,62.10,1.0000,-1,-1,-1
329,65,134.70,407.80,191.10,429.70,1.0000,-1,-1,-1
329,66,799.00,477.90,53.40,60.30,1.0000,-1,-1,-1
330,3,411.00,469.30,45.50,104.80,1.0000,-1,-1,-1
330,4,1057.00,400.40,190.50,611.10,1.0000,-1,-1,-1
330,18,1767.70,402.00,153.30,466.20,1.0000,-1,-1,-1
330,19,380.40,462.70,44.80,114.50,1.0000,-1,-1,-1
330,24,489.10,453.00,42.90,111.70,1.0000,-1,-1,-1
330,42,562.20,460.50,20.20,58.70,1.0000,-1,-1,-1
330,48,582.90,459.30,21.70,59.00,1.0000,-1,-1,-1
330,50,898.70,422.40,144.90,525.30,1.0000,-1,-1,-1
330,53,658.10,463.30,26.80,73.30,1.0000,-1,-1,-1
330,57,1455.40,441.10,48.00,108.50,1.0000,-1,-1,-1
330,58,631.50,459.80,25.40,64.10,1.0000,-1,-1,-1
330,62,845.00,472.90,48.70,86.80,1.0000,-1,-1,-1
330,65,151.80,405.70,180.70,424.80,1.0000,-1,-1,-1
330,66,797.90,477.50,54.80,60.70,1.0000,-1,-1,-1
331,3,410.70,469.60,46.10,104.50,1.0000,-1,-1,-1
331,4,1059.70,399.70,187.30,612.10,1.0000,-1,-1,-1
331,18,1771.20,398.80,149.80,469.50,1.0000,-1,-1,-1
331,19,380.00,462.60,45.30,114.70,1.0000,-1,-1,-1
331,24,489.40,453.20,41.40,111.10,1.0000,-1,-1,-1
331,42,562.70,459.90,21.40,60.00,1.0000,-1,-1,-1
331,48,584.20,459.10,21.90,59.60,1.0000,-1,-1,-1
331,50,898.10,421.70,146.50,527.20,1.0000,-1,-1,-1
331,53,658.50,463.40,26.90,73.60,1.0000,-1,-1,-1
331,57,1457.20,442.00,47.40,107.60,1.0000,-1,-1,-1
331,58,635.20,461.10,25.40,65.40,1.0000,-1,-1,-1
331,62,840.20,473.50,52.20,79.60,1.0000,-1,-1,-1
331,63,173.70,403.80,164.80,429.90,1.0000,-1,-1,-1
331,64,609.00,457.60,40.80,64.90,1.0000,-1,-1,-1
331,66,797.70,476.30,58.90,61.70,1.0000,-1,-1,-1
332,3,410.10,468.90,46.60,105.90,1.0000,-1,-1,-1
332,4,1058.00,393.80,198.20,617.30,1.0000,-1,-1,-1
332,18,1769.90,401.70,151.10,456.80,1.0000,-1,-1,-1
332,19,379.00,461.10,46.60,115.20,1.0000,-1,-1,-1
332,24,489.80,453.30,40.40,110.80,1.0000,-1,-1,-1
332,48,585.40,460.60,21.30,57.80,1.0000,-1,-1,-1
332,49,556.50,462.30,20.80,58.20,1.0000,-1,-1,-1
332,50,902.70,423.00,142.90,525.00,1.0000,-1,-1,-1
332,53,659.40,462.80,27.00,73.60,1.0000,-1,-1,-1
332,57,1461.50,442.70,46.70,108.40,1.0000,-1,-1,-1
332,58,631.20,459.70,26.00,64.30,1.0000,-1,-1,-1
332,62,834.90,471.90,54.70,81.20,1.0000,-1,-1,-1
332,63,192.00,399.90,151.80,422.70,1.0000,-1,-1,-1
332,66,796.60,475.80,59.80,62.00,1.0000,-1,-1,-1
333,3,409.90,469.60,46.30,104.90,1.0000,-1,-1,-1
333,4,1058.40,400.50,195.20,606.10,1.0000,-1,-1,-1
333,18,1775.50,404.40,145.50,453.30,1.0000,-1,-1,-1
333,19,382.50,464.40,45.40,112.10,1.0000,-1,-1,-1
333,24,490.30,453.90,39.20,111.20,1.0000,-1,-1,-1
333,48,583.30,459.80,21.90,59.00,1.0000,-1,-1,-1
333,49,558.30,462.70,20.80,58.30,1.0000,-1,-1,-1
333,50,903.20,422.90,143.10,526.10,1.0000,-1,-1,-1
333,53,659.80,462.10,26.50,74.20,1.0000,-1,-1,-1
333,57,1466.30,441.80,46.20,109.30,1.0000,-1,-1,-1
333,58,629.10,460.10,25.10,64.10,1.0000,-1,-1,-1
333,62,835.30,472.80,53.60,78.30,1.0000,-1,-1,-1
333,63,208.00,404.80,149.30,423.60,1.0000,-1,-1,-1
333,66,797.10,476.30,59.10,60.80,1.0000,-1,-1,-1
334,3,410.80,469.90,46.00,104.60,1.0000,-1,-1,-1
334,4,1059.30,404.40,193.70,611.90,1.0000,-1,-1,-1
334,18,1777.60,411.60,143.40,442.20,1.0000,-1,-1,-1
334,19,383.40,464.20,44.10,112.20,1.0000,-1,-1,-1
334,24,490.70,454.40,38.70,110.50,1.0000,-1,-1,-1
334,48,586.90,459.20,22.10,59.80,1.0000,-1,-1,-1
334,49,559.90,462.50,21.20,58.40,1.0000,-1,-1,-1
334,50,903.40,422.30,143.40,523.20,1.0000,-1,-1,-1
334,53,659.40,460.50,27.10,76.70,1.0000,-1,-1,-1
334,57,1468.50,439.20,45.90,111.70,1.0000,-1,-1,-1
334,58,631.60,460.10,25.20,64.80,1.0000,-1,-1,-1
334,62,833.10,472.40,56.10,77.00,1.0000,-1,-1,-1
334,63,215.70,405.40,153.70,424.40,1.0000,-1,-1,-1
334,64,607.20,456.60,38.60,65.10,1.0000,-1,-1,-1
334,66,797.10,476.60,59.30,60.80,1.0000,-1,-1,-1
335,3,410.60,471.60,45.50,104.00,1.0000,-1,-1,-1
335,4,1059.60,408.00,191.50,606.20,1.0000,-1,-1,-1
335,19,383.70,465.70,43.00,112.00,1.0000,-1,-1,-1
335,24,489.40,453.30,39.30,113.30,1.0000,-1,-1,-1
335,39,562.50,462.30,21.00,58.10,1.0000,-1,-1,-1
335,48,585.70,459.40,22.00,59.60,1.0000,-1,-1,-1
335,50,902.20,421.70,144.70,525.80,1.0000,-1,-1,-1
335,53,660.10,461.90,26.70,76.00,1.0000,-1,-1,-1
335,57,1470.30,438.10,46.10,114.30,1.0000,-1,-1,-1
335,58,630.40,460.20,25.20,64.20,1.0000,-1,-1,-1
335,62,835.20,472.00,54.30,78.30,1.0000,-1,-1,-1
335,63,216.50,405.80,168.80,421.50,1.0000,-1,-1,-1
335,66,796.60,476.10,57.50,61.30,1.0000,-1,-1,-1
336,3,412.10,472.80,44.30,103.10,1.0000,-1,-1,-1
336,4,1066.70,390.50,188.90,630.30,1.0000,-1,-1,-1
336,19,382.20,465.30,40.30,114.30,1.0000,-1,-1,-1
336,24,488.40,453.10,37.10,112.70,1.0000,-1,-1,-1
336,48,581.40,459.90,22.30,58.00,1.0000,-1,-1,-1
336,49,560.20,461.50,20.50,58.10,1.0000,-1,-1,-1
336,50,903.00,418.90,146.60,530.00,1.0000,-1,-1,-1
336,53,659.10,463.10,26.10,74.10,1.0000,-1,-1,-1
336,57,1473.10,438.70,46.00,113.50,1.0000,-1,-1,-1
336,58,632.10,459.50,24.70,64.00,1.0000,-1,-1,-1
336,62,835.90,471.30,53.10,79.60,1.0000,-1,-1,-1
336,63,223.60,405.70,180.90,424.00,1.0000,-1,-1,-1
336,66,795.70,475.60,56.30,61.30,1.0000,-1,-1,-1
336,67,1.00,445.90,142.20,346.40,1.0000,-1,-1,-1
337,3,411.90,471.40,44.60,105.60,1.0000,-1,-1,-1
337,4,1065.00,389.60,188.90,628.00,1.0000,-1,-1,-1
337,19,375.10,464.70,42.60,117.90,1.0000,-1,-1,-1
337,24,487.80,452.50,36.00,114.10,1.0000,-1,-1,-1
337,41,525.70,456.20,35.30,66.90,1.0000,-1,-1,-1
337,48,585.10,459.30,22.20,58.20,1.0000,-1,-1,-1
337,49,559.90,461.60,19.80,58.10,1.0000,-1,-1,-1
337,50,899.90,422.00,146.10,527.40,1.0000,-1,-1,-1
337,53,658.80,463.40,26.10,73.60,1.0000,-1,-1,-1
337,57,1473.10,438.30,49.00,113.20,1.0000,-1,-1,-1
337,58,633.90,459.70,24.80,64.90,1.0000,-1,-1,-1
337,62,836.40,471.70,52.80,80.00,1.0000,-1,-1,-1
337,65,227.50,409.20,193.40,417.10,1.0000,-1,-1,-1
337,66,795.60,475.50,55.50,61.10,1.0000,-1,-1,-1
337,67,1.00,443.40,144.40,342.00,1.0000,-1,-1,-1
338,3,414.30,472.30,42.20,107.00,1.0000,-1,-1,-1
338,4,1067.20,395.50,189.00,624.00,1.0000,-1,-1,-1
338,24,487.50,452.80,35.80,113.70,1.0000,-1,-1,-1
338,41,525.90,455.90,34.90,67.20,1.0000,-1,-1,-1
338,48,583.80,459.30,22.20,58.10,1.0000,-1,-1,-1
338,49,559.80,461.00,20.10,58.80,1.0000,-1,-1,-1
338,50,900.80,420.00,149.70,532.10,1.0000,-1,-1,-1
338,53,658.90,463.80,26.00,72.40,1.0000,-1,-1,-1
338,57,1476.40,438.30,50.20,113.10,1.0000,-1,-1,-1
338,58,634.10,460.20,24.70,65.60,1.0000,-1,-1,-1
338,62,836.40,472.60,53.70,79.10,1.0000,-1,-1,-1
338,65,227.00,409.10,211.10,415.50,1.0000,-1,-1,-1
338,66,795.80,475.60,56.70,61.00,1.0000,-1,-1,-1
338,67,1.00,444.00,149.90,347.10,1.0000,-1,-1,-1
339,3,415.40,473.00,41.10,106.90,1.0000,-1,-1,-1
339,4,1062.00,418.70,196.00,589.40,1.0000,-1,-1,-1
339,24,487.00,452.90,34.80,113.80,1.0000,-1,-1,-1
339,41,531.10,457.30,35.00,64.80,1.0000,-1,-1,-1
339,42,572.70,460.30,23.20,58.30,1.0000,-1,-1,-1
339,49,559.20,460.90,20.00,58.90,1.0000,-1,-1,-1
339,50,904.70,423.70,144.60,524.80,1.0000,-1,-1,-1
339,53,659.50,463.70,25.80,72.30,1.0000,-1,-1,-1
339,57,1479.70,439.60,51.50,111.40,1.0000,-1,-1,-1
339,58,632.40,460.10,24.80,65.70,1.0000,-1,-1,-1
339,62,835.30,472.00,54.60,79.10,1.0000,-1,-1,-1
339,65,234.40,414.20,208.50,414.70,1.0000,-1,-1,-1
339,66,796.20,474.70,56.10,62.50,1.0000,-1,-1,-1
339,67,2.10,459.70,144.80,326.10,1.0000,-1,-1,-1
340,3,415.30,472.90,40.50,107.90,1.0000,-1,-1,-1
340,4,1066.20,408.70,189.90,588.20,1.0000,-1,-1,-1
340,24,486.40,452.80,34.70,114.10,1.0000,-1,-1,-1
340,42,574.30,460.20,23.10,58.70,1.0000,-1,-1,-1
340,49,559.60,460.80,19.60,59.30,1.0000,-1,-1,-1
340,50,905.70,424.40,143.20,525.60,1.0000,-1,-1,-1
340,53,659.10,463.80,26.00,72.40,1.0000,-1,-1,-1
340,57,1481.60,438.30,54.20,111.70,1.0000,-1,-1,-1
340,58,633.60,460.80,24.70,66.20,1.0000,-1,-1,-1
340,62,835.30,471.70,54.50,79.90,1.0000,-1,-1,-1
340,65,232.50,413.00,219.50,408.60,1.0000,-1,-1,-1
340,66,795.90,474.60,56.60,63.30,1.0000,-1,-1,-1
340,67,2.30,455.10,150.90,330.10,1.0000,-1,-1,-1
341,3,412.60,470.70,42.90,109.70,1.0000,-1,-1,-1
341,4,1064.00,408.70,192.50,585.30,1.0000,-1,-1,-1
341,24,486.60,452.80,34.30,113.70,1.0000,-1,-1,-1
341,42,579.10,459.60,22.60,58.60,1.0000,-1,-1,-1
341,49,558.00,460.70,19.50,58.80,1.0000,-1,-1,-1
341,50,904.30,425.70,146.70,520.10,1.0000,-1,-1,-1
341,53,659.50,464.00,25.90,72.40,1.0000,-1,-1,-1
341,57,1482.60,436.70,56.00,113.00,1.0000,-1,-1,-1
341,58,633.70,460.40,24.60,64.40,1.0000,-1,-1,-1
341,62,834.90,472.60,53.50,77.90,1.0000,-1,-1,-1
341,64,609.50,457.10,39.20,63.50,1.0000,-1,-1,-1
341,65,245.00,413.50,208.90,407.70,1.0000,-1,-1,-1
341,66,796.00,475.00,56.60,63.80,1.0000,-1,-1,-1
341,67,5.00,444.60,143.20,346.50,1.0000,-1,-1,-1
342,3,409.90,471.80,46.00,114.90,1.0000,-1,-1,-1
342,4,1067.30,408.40,188.40,587.70,1.0000,-1,-1,-1
342,24,486.50,453.10,34.30,112.10,1.0000,-1,-1,-1
342,41,537.10,458.70,34.70,63.00,1.0000,-1,-1,-1
342,48,581.70,459.70,22.60,58.80,1.0000,-1,-1,-1
342,49,559.50,460.50,19.70,59.00,1.0000,-1,-1,-1
342,50,905.70,425.90,145.20,520.70,1.0000,-1,-1,-1
342,53,659.00,463.10,26.10,74.40,1.0000,-1,-1,-1
342,57,1485.10,438.30,55.30,111.20,1.0000,-1,-1,-1
342,58,633.40,460.10,24.70,64.80,1.0000,-1,-1,-1
342,62,835.00,472.20,53.70,79.20,1.0000,-1,-1,-1
342,64,607.50,456.90,39.00,63.50,1.0000,-1,-1,-1
342,65,252.00,413.10,209.50,416.30,1.0000,-1,-1,-1
342,66,796.10,475.40,56.20,62.30,1.0000,-1,-1,-1
342,67,1.00,447.00,146.80,331.60,1.0000,-1,-1,-1
343,4,1063.40,407.90,195.90,610.20,1.0000,-1,-1,-1
343,24,486.70,453.30,34.00,112.70,1.0000,-1,-1,-1
343,41,537.50,458.50,34.50,63.40,1.0000,-1,-1,-1
343,42,578.60,460.00,22.40,58.40,1.0000,-1,-1,-1
343,49,558.80,460.70,20.70,58.90,1.0000,-1,-1,-1
343,50,905.00,425.80,148.40,522.10,1.0000,-1,-1,-1
343,53,658.50,463.40,26.50,73.90,1.0000,-1,-1,-1
343,57,1486.50,437.30,55.30,112.30,1.0000,-1,-1,-1
343,58,635.10,460.90,24.20,63.20,1.0000,-1,-1,-1
343,62,834.50,473.30,54.00,77.20,1.0000,-1,-1,-1
343,64,607.90,457.50,38.00,62.00,1.0000,-1,-1,-1
343,65,246.30,411.70,218.10,411.30,1.0000,-1,-1,-1
343,66,796.70,475.50,55.70,63.00,1.0000,-1,-1,-1
343,67,6.10,440.30,147.50,363.70,1.0000,-1,-1,-1
344,4,1067.30,416.70,197.50,591.80,1.0000,-1,-1,-1
344,24,486.90,453.60,33.90,112.10,1.0000,-1,-1,-1
344,41,535.90,458.10,34.70,63.60,1.0000,-1,-1,-1
344,42,579.50,459.60,22.60,58.70,1.0000,-1,-1,-1
344,49,559.30,460.30,20.00,59.30,1.0000,-1,-1,-1
344,50,905.70,422.60,151.40,524.50,1.0000,-1,-1,-1
344,53,658.30,462.80,26.60,74.40,1.0000,-1,-1,-1
344,57,1488.70,436.70,52.70,112.70,1.0000,-1,-1,-1
344,58,634.20,460.30,24.50,63.80,1.0000,-1,-1,-1
344,62,835.00,473.40,53.60,77.40,1.0000,-1,-1,-1
344,64,607.20,457.00,39.60,62.70,1.0000,-1,-1,-1
344,65,261.00,412.80,202.60,409.50,1.0000,-1,-1,-1
344,66,796.30,475.70,56.20,63.30,1.0000,-1,-1,-1
344,67,9.90,446.10,151.90,344.00,1.0000,-1,-1,-1
345,4,1068.10,410.60,190.80,607.40,1.0000,-1,-1,-1
345,24,485.30,452.70,34.30,114.00,1.0000,-1,-1,-1
345,48,581.80,459.20,21.90,58.50,1.0000,-1,-1,-1
345,49,557.50,460.30,19.10,58.70,1.0000,-1,-1,-1
345,50,905.50,422.90,147.80,522.40,1.0000,-1,-1,-1
345,53,658.40,463.00,27.20,76.20,1.0000,-1,-1,-1
345,57,1493.10,436.80,50.20,112.30,1.0000,-1,-1,-1
345,58,635.50,460.60,24.40,64.80,1.0000,-1,-1,-1
345,62,835.70,472.70,53.20,77.10,1.0000,-1,-1,-1
345,64,608.70,457.40,41.40,64.00,1.0000,-1,-1,-1
345,65,264.70,406.50,201.90,414.60,1.0000,-1,-1,-1
345,66,796.50,475.20,56.10,63.10,1.0000,-1,-1,-1
345,67,23.40,436.30,144.80,359.30,1.0000,-1,-1,-1
346,4,1065.60,397.00,196.90,606.40,1.0000,-1,-1,-1
346,24,485.10,452.60,35.30,114.30,1.0000,-1,-1,-1
346,42,583.60,458.90,22.10,59.00,1.0000,-1,-1,-1
346,49,559.80,460.20,19.10,58.90,1.0000,-1,-1,-1
346,50,907.00,421.10,144.70,526.90,1.0000,-1,-1,-1
346,53,658.70,462.70,26.80,74.90,1.0000,-1,-1,-1
346,57,1501.20,437.00,46.40,112.70,1.0000,-1,-1,-1
346,58,639.20,462.10,24.70,65.50,1.0000,-1,-1,-1
346,62,836.10,472.40,53.10,77.10,1.0000,-1,-1,-1
346,64,609.50,457.90,42.10,64.40,1.0000,-1,-1,-1
346,65,272.40,403.60,191.90,418.40,1.0000,-1,-1,-1
346,66,796.10,475.10,56.50,63.40,1.0000,-1,-1,-1
346,67,34.60,439.20,139.60,344.70,1.0000,-1,-1,-1
347,4,1072.60,410.70,192.30,607.00,1.0000,-1,-1,-1
347,24,484.80,452.90,35.20,113.60,1.0000,-1,-1,-1
347,42,584.90,457.70,22.30,59.70,1.0000,-1,-1,-1
347,49,558.10,459.60,19.60,58.90,1.0000,-1,-1,-1
347,50,906.40,419.80,145.90,528.20,1.0000,-1,-1,-1
347,53,659.40,462.70,26.90,75.20,1.0000,-1,-1,-1
347,57,1500.90,437.30,46.00,112.80,1.0000,-1,-1,-1
347,58,639.10,461.90,25.20,66.70,1.0000,-1,-1,-1
347,62,836.00,472.10,53.70,77.70,1.0000,-1,-1,-1
347,65,280.60,400.10,186.90,419.80,1.0000,-1,-1,-1
347,66,796.20,475.40,56.70,63.10,1.0000,-1,-1,-1
347,67,53.40,440.10,132.20,328.70,1.0000,-1,-1,-1
348,4,1070.40,393.20,192.10,616.70,1.0000,-1,-1,-1
348,24,485.10,452.60,34.50,114.80,1.0000,-1,-1,-1
348,42,586.80,457.90,22.10,59.10,1.0000,-1,-1,-1
348,49,554.90,459.10,19.80,59.60,1.0000,-1,-1,-1
348,50,906.90,422.60,145.20,522.70,1.0000,-1,-1,-1
348,53,659.70,462.60,26.90,73.10,1.0000,-1,-1,-1
348,57,1503.80,435.20,44.50,114.20,1.0000,-1,-1,-1
348,58,629.20,460.40,29.20,67.90,1.0000,-1,-1,-1
348,62,837.20,472.50,52.60,76.40,1.0000,-1,-1,-1
348,65,294.60,399.50,175.70,416.10,1.0000,-1,-1,-1
348,66,796.30,475.30,57.70,62.00,1.0000,-1,-1,-1
348,67,61.60,445.40,135.20,325.40,1.0000,-1,-1,-1
349,4,1071.00,408.80,192.70,606.70,1.0000,-1,-1,-1
349,24,485.60,452.80,33.80,114.70,1.0000,-1,-1,-1
349,42,587.90,458.70,22.10,57.90,1.0000,-1,-1,-1
349,49,555.90,459.30,20.00,59.30,1.0000,-1,-1,-1
349,50,908.50,423.80,143.40,519.00,1.0000,-1,-1,-1
349,53,659.30,462.60,27.00,73.00,1.0000,-1,-1,-1
349,57,1506.00,436.30,42.40,111.90,1.0000,-1,-1,-1
349,58,628.40,460.20,29.60,68.10,1.0000,-1,-1,-1
349,62,836.90,472.10,53.10,77.20,1.0000,-1,-1,-1
349,65,310.30,399.80,160.60,412.80,1.0000,-1,-1,-1
349,66,796.50,475.50,57.60,61.40,1.0000,-1,-1,-1
349,67,63.70,435.40,147.40,346.80,1.0000,-1,-1,-1
350,4,1071.50,405.00,193.90,610.30,1.0000,-1,-1,-1
350,24,485.20,452.90,33.30,114.30,1.0000,-1,-1,-1
350,48,578.80,459.10,22.70,58.40,1.0000,-1,-1,-1
350,49,557.30,459.10,20.00,59.00,1.0000,-1,-1,-1
350,50,908.70,420.40,145.80,520.00,1.0000,-1,-1,-1
350,53,660.00,462.70,26.80,73.70,1.0000,-1,-1,-1
350,57,1509.70,437.20,41.50,110.30,1.0000,-1,-1,-1
350,58,636.10,461.80,24.80,64.50,1.0000,-1,-1,-1
350,62,836.40,472.60,53.40,76.10,1.0000,-1,-1,-1
350,63,327.40,396.30,144.70,408.30,1.0000,-1,-1,-1
350,64,607.30,457.80,42.30,63.00,1.0000,-1,-1,-1
350,66,796.90,475.50,57.40,61.90,1.0000,-1,-1,-1
350,67,75.80,442.20,152.60,339.40,1.0000,-1,-1,-1
351,4,1071.20,403.90,195.60,614.00,1.0000,-1,-1,-1
351,24,485.60,452.00,32.80,114.40,1.0000,-1,-1,-1
351,48,579.00,459.50,22.90,58.20,1.0000,-1,-1,-1
351,49,557.00,459.40,20.50,58.70,1.0000,-1,-1,-1
351,50,912.80,423.20,142.10,513.10,1.0000,-1,-1,-1
351,53,659.40,463.00,27.60,73.90,1.0000,-1,-1,-1
351,57,1511.60,437.20,41.50,109.90,1.0000,-1,-1,-1
351,58,636.20,462.20,25.40,65.60,1.0000,-1,-1,-1
351,62,836.00,472.60,52.90,76.30,1.0000,-1,-1,-1
351,63,341.60,402.60,130.80,406.80,1.0000,-1,-1,-1
351,64,610.70,458.90,41.90,63.80,1.0000,-1,-1,-1
351,66,796.60,475.60,57.70,61.90,1.0000,-1,-1,-1
351,67,78.00,440.50,167.80,340.30,1.0000,-1,-1,-1
352,4,1070.20,402.70,195.10,613.70,1.0000,-1,-1,-1
352,24,484.40,453.30,33.30,113.90,1.0000,-1,-1,-1
352,48,578.40,459.80,23.00,58.60,1.0000,-1,-1,-1
352,49,558.10,459.50,20.60,59.00,1.0000,-1,-1,-1
352,50,913.10,419.60,142.80,518.20,1.0000,-1,-1,-1
352,53,659.50,462.70,27.70,74.40,1.0000,-1,-1,-1
352,57,1514.30,437.80,40.60,110.10,1.0000,-1,-1,-1
352,58,635.80,461.20,25.70,65.90,1.0000,-1,-1,-1
352,62,835.80,471.80,52.70,76.80,1.0000,-1,-1,-1
352,63,355.50,403.60,121.80,406.70,1.0000,-1,-1,-1
352,64,604.40,457.30,44.00,63.80,1.0000,-1,-1,-1
352,66,796.50,474.90,57.10,63.40,1.0000,-1,-1,-1
352,67,79.10,439.40,181.70,336.70,1.0000,-1,-1,-1
353,4,1069.30,393.80,196.60,609.60,1.0000,-1,-1,-1
353,24,484.30,455.00,32.40,109.80,1.0000,-1,-1,-1
353,42,586.60,458.80,22.30,58.20,1.0000,-1,-1,-1
353,49,557.50,458.10,20.50,59.80,1.0000,-1,-1,-1
353,50,914.10,421.80,142.10,519.90,1.0000,-1,-1,-1
353,53,659.90,462.60,28.00,76.10,1.0000,-1,-1,-1
353,57,1518.50,438.80,41.50,108.50,1.0000,-1,-1,-1
353,58,635.70,460.80,26.60,67.80,1.0000,-1,-1,-1
353,62,835.90,471.00,52.20,78.30,1.0000,-1,-1,-1
353,63,365.40,402.90,119.90,408.50,1.0000,-1,-1,-1
353,66,796.80,474.00,56.40,64.90,1.0000,-1,-1,-1
353,67,86.50,431.40,185.30,345.40,1.0000,-1,-1,-1
354,4,1071.90,397.50,194.40,604.30,1.0000,-1,-1,-1
354,24,484.10,456.30,29.80,106.50,1.0000,-1,-1,-1
354,42,586.10,459.10,22.40,57.70,1.0000,-1,-1,-1
354,49,556.80,459.20,20.60,59.00,1.0000,-1,-1,-1
354,50,914.40,422.50,142.50,516.60,1.0000,-1,-1,-1
354,53,660.10,462.10,28.20,75.80,1.0000,-1,-1,-1
354,57,1520.80,437.10,44.00,112.00,1.0000,-1,-1,-1
354,58,633.50,460.30,26.90,68.80,1.0000,-1,-1,-1
354,62,836.90,471.00,52.00,78.80,1.0000,-1,-1,-1
354,63,372.30,398.00,127.50,408.80,1.0000,-1,-1,-1
354,66,797.30,474.10,55.80,64.80,1.0000,-1,-1,-1
354,67,90.60,442.50,190.50,336.20,1.0000,-1,-1,-1
354,68,514.20,457.40,25.00,68.70,1.0000,-1,-1,-1
354,69,869.50,456.20,29.90,72.50,1.0000,-1,-1,-1
355,4,1067.70,394.00,199.90,609.60,1.0000,-1,-1,-1
355,24,483.90,454.30,29.20,119.40,1.0000,-1,-1,-1
355,42,587.40,459.10,22.20,57.80,1.0000,-1,-1,-1
355,49,558.70,458.90,20.30,59.40,1.0000,-1,-1,-1
355,50,912.10,422.10,149.40,528.50,1.0000,-1,-1,-1
355,53,659.10,462.30,27.70,74.80,1.0000,-1,-1,-1
355,57,1522.90,436.80,46.00,113.30,1.0000,-1,-1,-1
355,58,634.30,460.30,26.50,68.90,1.0000,-1,-1,-1
355,62,836.90,470.60,52.90,79.00,1.0000,-1,-1,-1
355,63,378.50,403.60,134.30,403.20,1.0000,-1,-1,-1
355,66,797.20,474.30,55.70,64.10,1.0000,-1,-1,-1
355,67,99.30,439.00,188.20,338.50,1.0000,-1,-1,-1
355,68,518.30,456.90,24.00,68.10,1.0000,-1,-1,-1
355,69,875.30,454.60,31.80,74.70,1.0000,-1,-1,-1
356,4,1068.10,395.10,201.30,607.30,1.0000,-1,-1,-1
356,42,586.50,458.50,22.50,58.10,1.0000,-1,-1,-1
356,49,558.00,458.50,20.60,59.80,1.0000,-1,-1,-1
356,50,913.70,421.20,148.60,526.50,1.0000,-1,-1,-1
356,53,660.60,461.70,27.30,75.60,1.0000,-1,-1,-1
356,57,1524.30,437.80,46.20,112.40,1.0000,-1,-1,-1
356,58,632.50,459.40,27.10,70.00,1.0000,-1,-1,-1
356,62,836.20,471.10,53.50,78.20,1.0000,-1,-1,-1
356,63,384.10,404.00,143.60,403.30,1.0000,-1,-1,-1
356,66,797.20,474.60,55.90,63.50,1.0000,-1,-1,-1
356,67,104.10,429.50,186.10,350.10,1.0000,-1,-1,-1
356,68,521.80,457.60,23.20,65.80,1.0000,-1,-1,-1
356,69,880.90,454.10,30.50,72.70,1.0000,-1,-1,-1
357,4,1073.40,404.40,198.10,597.90,1.0000,-1,-1,-1
357,42,583.90,458.80,22.40,57.80,1.0000,-1,-1,-1
357,49,557.20,459.10,20.80,59.00,1.0000,-1,-1,-1
357,50,918.70,421.40,139.80,514.80,1.0000,-1,-1,-1
357,53,660.10,462.50,27.00,75.80,1.0000,-1,-1,-1
357,57,1527.40,440.30,44.60,109.20,1.0000,-1,-1,-1
357,58,631.00,459.10,27.10,69.90,1.0000,-1,-1,-1
357,62,835.90,470.60,53.80,79.10,1.0000,-1,-1,-1
357,63,387.40,406.40,155.00,396.00,1.0000,-1,-1,-1
357,66,797.50,474.80,56.00,63.30,1.0000,-1,-1,-1
357,67,120.10,437.00,175.70,338.20,1.0000,-1,-1,-1
357,68,520.10,457.70,23.10,66.50,1.0000,-1,-1,-1
357,69,879.10,456.50,30.80,69.00,1.0000,-1,-1,-1
357,70,1.00,444.60,182.00,405.30,1.0000,-1,-1,-1
358,4,1072.60,404.80,200.60,599.00,1.0000,-1,-1,-1
358,48,573.90,459.60,23.20,58.30,1.0000,-1,-1,-1
358,49,558.60,460.30,20.10,57.70,1.0000,-1,-1,-1
358,50,918.60,420.20,143.40,520.10,1.0000,-1,-1,-1
358,53,660.30,464.20,27.20,73.80,1.0000,-1,-1,-1
358,57,1530.00,438.20,45.10,111.60,1.0000,-1,-1,-1
358,58,648.30,460.40,23.10,71.90,1.0000,-1,-1,-1
358,62,835.90,471.30,53.70,78.80,1.0000,-1,-1,-1
358,63,394.60,409.70,160.80,392.40,1.0000,-1,-1,-1
358,64,632.60,459.40,27.00,71.30,1.0000,-1,-1,-1
358,66,797.60,475.30,56.00,62.60,1.0000,-1,-1,-1
358,67,116.40,442.00,182.00,335.70,1.0000,-1,-1,-1
358,68,519.20,457.40,23.70,68.50,1.0000,-1,-1,-1
358,69,875.60,454.70,30.60,70.10,1.0000,-1,-1,-1
358,70,1.00,445.60,202.10,407.40,1.0000,-1,-1,-1
359,4,1069.80,411.60,204.60,598.90,1.0000,-1,-1,-1
359,48,574.60,459.30,22.70,59.10,1.0000,-1,-1,-1
359,49,557.80,460.50,18.70,57.90,1.0000,-1,-1,-1
359,50,920.90,420.80,142.10,515.80,1.0000,-1,-1,-1
359,53,659.80,464.00,27.20,75.70,1.0000,-1,-1,-1
359,57,1531.50,436.50,45.50,113.70,1.0000,-1,-1,-1
359,62,835.60,471.30,54.10,78.90,1.0000,-1,-1,-1
359,64,631.90,458.40,26.70,71.10,1.0000,-1,-1,-1
359,65,395.10,407.20,172.70,390.50,1.0000,-1,-1,-1
359,66,797.40,475.70,56.70,61.90,1.0000,-1,-1,-1
359,67,121.30,440.00,177.60,341.60,1.0000,-1,-1,-1
359,69,878.30,453.30,31.10,70.80,1.0000,-1,-1,-1
359,70,1.10,452.10,208.90,413.90,1.0000,-1,-1,-1
360,4,1072.50,407.00,202.00,612.00,1.0000,-1,-1,-1
360,39,562.10,461.30,19.00,57.80,1.0000,-1,-1,-1
360,42,590.40,459.00,22.20,56.50,1.0000,-1,-1,-1
360,50,923.60,420.10,143.70,526.40,1.0000,-1,-1,-1
360,53,659.40,464.10,25.90,70.90,1.0000,-1,-1,-1
360,57,1532.50,436.20,46.00,113.90,1.0000,-1,-1,-1
360,62,835.60,470.90,55.10,79.20,1.0000,-1,-1,-1
360,64,629.20,459.40,27.60,72.20,1.0000,-1,-1,-1
360,65,394.20,409.80,184.40,386.30,1.0000,-1,-1,-1
360,66,797.30,475.90,56.60,61.20,1.0000,-1,-1,-1
360,69,885.60,455.20,30.40,70.90,1.0000,-1,-1,-1
360,70,1.40,442.40,216.90,411.60,1.0000,-1,-1,-1
361,4,1070.10,406.40,204.30,609.30,1.0000,-1,-1,-1
361,39,564.10,459.10,17.30,59.20,1.0000,-1,-1,-1
361,42,595.40,458.30,21.60,56.50,1.0000,-1,-1,-1
361,50,926.50,417.80,143.60,526.20,1.0000,-1,-1,-1
361,53,658.00,462.60,25.90,71.80,1.0000,-1,-1,-1
361,57,1533.40,436.90,46.90,113.60,1.0000,-1,-1,-1
361,62,835.20,471.50,54.90,78.80,1.0000,-1,-1,-1
361,64,630.10,457.10,28.50,75.10,1.0000,-1,-1,-1
361,65,397.90,407.20,188.40,389.10,1.0000,-1,-1,-1
361,66,797.40,475.70,56.40,62.10,1.0000,-1,-1,-1
361,69,881.30,457.30,32.50,69.50,1.0000,-1,-1,-1
361,70,2.40,447.00,227.50,413.80,1.0000,-1,-1,-1
362,4,1069.90,413.30,203.70,603.60,1.0000,-1,-1,-1
362,39,563.80,459.20,16.40,58.80,1.0000,-1,-1,-1
362,42,599.80,458.50,23.20,57.70,1.0000,-1,-1,-1
362,50,926.30,419.10,140.00,518.40,1.0000,-1,-1,-1
362,53,657.70,460.00,25.00,69.90,1.0000,-1,-1,-1
362,57,1535.90,436.10,46.80,112.80,1.0000,-1,-1,-1
362,62,834.90,472.20,54.60,78.10,1.0000,-1,-1,-1
362,64,627.00,458.60,28.60,75.10,1.0000,-1,-1,-1
362,65,395.90,418.50,196.40,378.40,1.0000,-1,-1,-1
362,66,796.80,475.70,56.80,61.60,1.0000,-1,-1,-1
362,67,152.30,438.30,146.70,339.10,1.0000,-1,-1,-1
362,69,881.30,455.00,32.20,68.70,1.0000,-1,-1,-1
362,70,1.00,447.80,226.00,410.70,1.0000,-1,-1,-1
363,4,1069.00,405.80,210.00,611.80,1.0000,-1,-1,-1
363,39,565.70,461.10,17.50,59.10,1.0000,-1,-1,-1
363,42,596.20,459.40,22.00,56.70,1.0000,-1,-1,-1
363,50,928.30,420.00,140.80,517.30,1.0000,-1,-1,-1
363,53,657.90,460.40,25.20,72.40,1.0000,-1,-1,-1
363,57,1538.40,434.50,47.90,115.00,1.0000,-1,-1,-1
363,62,835.30,472.40,53.70,77.40,1.0000,-1,-1,-1
363,64,627.60,459.10,28.70,73.50,1.0000,-1,-1,-1
363,65,401.00,409.60,197.50,389.30,1.0000,-1,-1,-1
363,66,796.90,475.90,56.90,61.40,1.0000,-1,-1,-1
363,67,181.60,435.50,119.30,340.60,1.0000,-1,-1,-1
363,69,884.30,454.00,31.40,67.60,1.0000,-1,-1,-1
363,70,1.20,446.00,221.20,404.20,1.0000,-1,-1,-1
364,4,1072.20,414.10,211.90,608.40,1.0000,-1,-1,-1
364,39,562.80,461.00,17.40,59.30,1.0000,-1,-1,-1
364,42,595.10,460.00,20.60,55.40,1.0000,-1,-1,-1
364,50,928.70,418.00,143.60,526.10,1.0000,-1,-1,-1
364,53,657.50,462.10,24.00,69.50,1.0000,-1,-1,-1
364,57,1542.40,435.90,46.50,113.60,1.0000,-1,-1,-1
364,62,836.20,471.80,53.70,78.30,1.0000,-1,-1,-1
364,64,627.40,458.50,28.70,73.90,1.0000,-1,-1,-1
364,65,404.60,412.80,198.10,384.50,1.0000,-1,-1,-1
364,66,796.60,475.70,56.60,61.90,1.0000,-1,-1,-1
364,67,197.90,438.70,119.30,330.20,1.0000,-1,-1,-1
364,69,888.00,452.20,27.40,65.90,1.0000,-1,-1,-1
364,70,1.80,444.40,229.90,405.70,1.0000,-1,-1,-1
365,4,1070.90,404.70,209.60,602.70,1.0000,-1,-1,-1
365,19,380.90,463.50,41.90,103.60,1.0000,-1,-1,-1
365,39,563.70,462.80,17.70,58.50,1.0000,-1,-1,-1
365,42,589.60,460.90,19.60,55.90,1.0000,-1,-1,-1
365,50,932.70,418.70,141.40,531.90,1.0000,-1,-1,-1
365,57,1546.10,435.50,46.40,113.90,1.0000,-1,-1,-1
365,62,835.90,471.30,54.10,79.00,1.0000,-1,-1,-1
365,64,629.50,458.40,27.70,72.50,1.0000,-1,-1,-1
365,65,406.00,410.60,196.50,382.20,1.0000,-1,-1,-1
365,66,796.50,475.80,56.80,61.40,1.0000,-1,-1,-1
365,67,210.00,442.20,109.80,324.50,1.0000,-1,-1,-1
365,69,889.70,452.00,27.30,65.20,1.0000,-1,-1,-1
365,70,10.40,438.10,217.70,410.10,1.0000,-1,-1,-1
366,4,1069.50,405.00,213.60,613.30,1.0000,-1,-1,-1
366,19,379.80,462.10,46.80,114.30,1.0000,-1,-1,-1
366,39,562.80,463.60,18.90,57.00,1.0000,-1,-1,-1
366,42,593.80,460.60,20.40,55.60,1.0000,-1,-1,-1
366,50,933.70,421.40,143.80,528.20,1.0000,-1,-1,-1
366,57,1544.50,435.10,46.20,113.80,1.0000,-1,-1,-1
366,62,836.20,471.50,54.00,79.10,1.0000,-1,-1,-1
366,64,628.60,458.20,28.20,72.10,1.0000,-1,-1,-1
366,65,406.90,410.40,198.30,382.00,1.0000,-1,-1,-1
366,66,796.40,476.00,57.10,61.30,1.0000,-1,-1,-1
366,67,218.20,445.40,109.70,318.70,1.0000,-1,-1,-1
366,69,889.40,451.40,27.40,64.30,1.0000,-1,-1,-1
366,70,31.20,443.90,197.10,404.10,1.0000,-1,-1,-1
367,4,1069.40,405.60,212.20,601.50,1.0000,-1,-1,-1
367,19,375.60,462.20,49.30,116.00,1.0000,-1,-1,-1
367,42,592.20,460.10,21.00,56.90,1.0000,-1,-1,-1
367,48,579.20,461.20,23.20,58.00,1.0000,-1,-1,-1
367,50,937.90,423.00,141.10,524.10,1.0000,-1,-1,-1
367,57,1546.30,436.10,46.90,112.40,1.0000,-1,-1,-1
367,62,836.50,471.80,54.40,79.10,1.0000,-1,-1,-1
367,64,628.90,458.50,27.90,72.20,1.0000,-1,-1,-1
367,65,405.40,410.80,202.20,383.80,1.0000,-1,-1,-1
367,66,797.00,476.30,56.70,60.70,1.0000,-1,-1,-1
367,67,225.80,441.50,115.60,327.60,1.0000,-1,-1,-1
367,69,887.40,454.00,28.00,62.30,1.0000,-1,-1,-1
367,70,40.00,441.00,191.90,398.50,1.0000,-1,-1,-1
368,4,1075.00,406.20,209.10,610.20,1.0000,-1,-1,-1
368,19,376.00,462.00,49.90,115.70,1.0000,-1,-1,-1
368,42,594.90,459.40,21.80,56.70,1.0000,-1,-1,-1
368,48,579.40,460.30,22.60,58.90,1.0000,-1,-1,-1
368,50,937.50,425.10,144.10,520.40,1.0000,-1,-1,-1
368,57,1547.70,436.90,47.20,110.10,1.0000,-1,-1,-1
368,62,836.60,471.80,53.90,79.30,1.0000,-1,-1,-1
368,64,626.30,457.90,29.30,72.90,1.0000,-1,-1,-1
368,65,408.30,411.10,196.80,383.20,1.0000,-1,-1,-1
368,66,797.00,476.30,56.40,60.60,1.0000,-1,-1,-1
368,67,231.70,437.20,126.50,330.40,1.0000,-1,-1,-1
368,69,886.10,456.40,27.60,60.30,1.0000,-1,-1,-1
368,70,68.30,441.30,163.30,397.70,1.0000,-1,-1,-1
369,3,417.80,466.20,33.20,100.40,1.0000,-1,-1,-1
369,4,1075.10,409.00,208.50,603.70,1.0000,-1,-1,-1
369,19,376.90,463.00,49.80,115.30,1.0000,-1,-1,-1
369,42,590.60,458.90,22.10,58.80,1.0000,-1,-1,-1
369,50,938.00,427.10,144.60,518.40,1.0000,-1,-1,-1
369,57,1549.10,435.20,48.10,111.70,1.0000,-1,-1,-1
369,62,836.90,472.20,53.70,78.00,1.0000,-1,-1,-1
369,64,626.50,458.50,29.50,73.50,1.0000,-1,-1,-1
369,65,410.00,411.50,199.80,381.30,1.0000,-1,-1,-1
369,66,797.60,475.80,55.90,62.10,1.0000,-1,-1,-1
369,67,232.30,440.20,141.10,321.70,1.0000,-1,-1,-1
369,69,886.80,456.10,26.70,59.80,1.0000,-1,-1,-1
369,70,92.10,445.20,141.00,387.10,1.0000,-1,-1,-1
370,3,412.40,466.00,37.90,105.30,1.0000,-1,-1,-1
370,4,1073.80,407.80,211.40,610.40,1.0000,-1,-1,-1
370,19,376.40,463.60,50.50,115.10,1.0000,-1,-1,-1
370,42,594.90,458.30,21.80,58.60,1.0000,-1,-1,-1
370,50,942.40,426.40,141.40,514.50,1.0000,-1,-1,-1
370,57,1550.90,435.80,47.70,112.00,1.0000,-1,-1,-1
370,62,836.70,471.80,53.20,78.90,1.0000,-1,-1,-1
370,64,625.70,458.40,30.00,73.50,1.0000,-1,-1,-1
370,65,414.90,409.10,190.40,382.30,1.0000,-1,-1,-1
370,66,797.00,475.60,56.50,62.80,1.0000,-1,-1,-1
370,67,235.20,435.80,158.30,327.70,1.0000,-1,-1,-1
370,69,889.10,455.60,26.10,58.50,1.0000,-1,-1,-1
370,70,115.70,438.70,126.20,387.80,1.0000,-1,-1,-1
371,3,414.20,466.70,39.50,108.20,1.0000,-1,-1,-1
371,4,1072.50,411.40,213.30,605.10,1.0000,-1,-1,-1
371,19,378.50,462.50,48.00,117.60,1.0000,-1,-1,-1
371,50,947.40,426.30,136.60,515.80,1.0000,-1,-1,-1
371,57,1550.80,437.30,48.00,110.60,1.0000,-1,-1,-1
371,62,836.30,472.00,53.20,78.60,1.0000,-1,-1,-1
371,64,626.40,457.90,29.60,72.60,1.0000,-1,-1,-1
371,65,426.50,409.80,179.30,379.60,1.0000,-1,-1,-1
371,66,796.60,476.10,56.40,62.10,1.0000,-1,-1,-1
371,67,230.10,431.80,167.00,325.10,1.0000,-1,-1,-1
371,69,889.90,455.50,26.00,58.70,1.0000,-1,-1,-1
371,70,123.50,440.20,130.50,387.10,1.0000,-1,-1,-1
372,3,411.70,469.20,43.40,107.40,1.0000,-1,-1,-1
372,4,1074.80,409.50,207.90,593.40,1.0000,-1,-1,-1
372,19,378.40,462.40,46.50,117.40,1.0000,-1,-1,-1
372,50,946.80,426.10,139.60,515.60,1.0000,-1,-1,-1
372,57,1554.40,439.40,47.00,109.60,1.0000,-1,-1,-1
372,62,836.30,472.20,53.80,78.10,1.0000,-1,-1,-1
372,64,625.60,455.90,29.80,74.40,1.0000,-1,-1,-1
372,65,441.90,409.60,171.50,381.70,1.0000,-1,-1,-1
372,66,796.40,475.70,56.60,62.40,1.0000,-1,-1,-1
372,67,239.30,439.00,168.80,313.30,1.0000,-1,-1,-1
372,70,134.90,442.70,143.20,382.70,1.0000,-1,-1,-1
373,3,410.90,471.20,44.40,105.90,1.0000,-1,-1,-1
373,4,1074.80,407.20,212.80,609.80,1.0000,-1,-1,-1
373,19,378.40,461.80,43.80,120.70,1.0000,-1,-1,-1
373,50,948.50,427.00,139.00,513.10,1.0000,-1,-1,-1
373,57,1555.00,441.00,45.40,109.30,1.0000,-1,-1,-1
373,62,835.90,471.90,53.30,78.30,1.0000,-1,-1,-1
373,64,625.80,456.00,29.80,75.70,1.0000,-1,-1,-1
373,65,457.20,410.00,161.80,374.30,1.0000,-1,-1,-1
373,66,796.20,475.60,55.90,62.30,1.0000,-1,-1,-1
373,67,241.70,439.80,178.90,313.60,1.0000,-1,-1,-1
373,70,145.10,445.80,147.80,374.00,1.0000,-1,-1,-1
374,3,411.70,467.30,45.20,108.90,1.0000,-1,-1,-1
374,4,1078.00,406.20,214.60,607.50,1.0000,-1,-1,-1
374,19,381.00,459.70,42.90,121.30,1.0000,-1,-1,-1
374,24,452.00,458.60,27.80,91.50,1.0000,-1,-1,-1
374,50,952.10,426.50,137.70,514.80,1.0000,-1,-1,-1
374,62,835.10,473.00,54.10,77.90,1.0000,-1,-1,-1
374,64,627.00,455.20,30.40,76.50,1.0000,-1,-1,-1
374,65,474.70,404.00,147.30,377.00,1.0000,-1,-1,-1
374,66,796.40,476.20,55.80,61.00,1.0000,-1,-1,-1
374,67,234.20,441.80,182.10,308.60,1.0000,-1,-1,-1
374,70,148.90,446.30,162.50,376.10,1.0000,-1,-1,-1
375,3,410.70,470.60,46.30,106.90,1.0000,-1,-1,-1
375,4,1077.10,407.90,215.10,603.80,1.0000,-1,-1,-1
375,19,378.40,462.50,44.00,119.70,1.0000,-1,-1,-1
375,24,464.00,459.90,26.40,84.30,1.0000,-1,-1,-1
375,50,951.30,425.90,144.90,514.70,1.0000,-1,-1,-1
375,62,835.30,473.10,54.50,78.10,1.0000,-1,-1,-1
375,64,625.90,456.30,30.40,72.30,1.0000,-1,-1,-1
375,65,489.90,405.30,136.60,365.90,1.0000,-1,-1,-1
375,66,796.80,476.70,55.30,60.70,1.0000,-1,-1,-1
375,70,148.80,444.20,182.80,381.60,1.0000,-1,-1,-1
376,3,410.10,468.50,47.20,108.90,1.0000,-1,-1,-1
376,4,1079.00,408.60,213.10,603.70,1.0000,-1,-1,-1
376,19,377.30,463.30,39.90,121.00,1.0000,-1,-1,-1
376,50,954.80,424.10,143.40,523.60,1.0000,-1,-1,-1
376,62,835.10,472.90,54.40,77.80,1.0000,-1,-1,-1
376,64,624.60,457.00,31.80,72.60,1.0000,-1,-1,-1
376,65,499.60,407.80,133.80,361.50,1.0000,-1,-1,-1
376,66,796.80,476.30,54.90,61.80,1.0000,-1,-1,-1
376,70,156.20,444.00,193.90,383.40,1.0000,-1,-1,-1
377,3,409.70,469.90,48.30,106.40,1.0000,-1,-1,-1
377,4,1078.40,411.90,211.80,598.50,1.0000,-1,-1,-1
377,50,958.00,421.80,142.80,526.30,1.0000,-1,-1,-1
377,62,835.70,472.40,54.40,78.10,1.0000,-1,-1,-1
377,65,510.60,401.10,129.20,366.30,1.0000,-1,-1,-1
377,66,796.40,476.50,56.10,61.10,1.0000,-1,-1,-1
377,70,157.10,444.40,203.10,377.00,1.0000,-1,-1,-1
378,3,410.90,470.10,47.90,106.30,1.0000,-1,-1,-1
378,4,1079.00,411.00,213.30,597.60,1.0000,-1,-1,-1
378,50,963.50,425.00,139.30,508.80,1.0000,-1,-1,-1
378,62,835.90,472.70,54.20,77.50,1.0000,-1,-1,-1
378,65,519.00,402.00,128.10,362.60,1.0000,-1,-1,-1
378,66,796.60,476.50,55.70,61.00,1.0000,-1,-1,-1
378,70,159.50,443.80,208.00,386.00,1.0000,-1,-1,-1
378,71,471.10,451.70,37.80,118.30,1.0000,-1,-1,-1
379,3,411.20,471.00,45.50,104.80,1.0000,-1,-1,-1
379,4,1081.20,408.30,210.80,599.90,1.0000,-1,-1,-1
379,50,963.50,420.60,138.30,516.30,1.0000,-1,-1,-1
379,62,835.90,472.90,54.30,76.30,1.0000,-1,-1,-1
379,65,525.90,404.20,125.90,364.40,1.0000,-1,-1,-1
379,66,796.50,476.50,56.40,61.10,1.0000,-1,-1,-1
379,70,159.40,447.70,214.80,378.80,1.0000,-1,-1,-1
379,71,469.80,453.30,39.00,115.10,1.0000,-1,-1,-1
379,72,1.30,438.30,150.70,373.50,1.0000,-1,-1,-1
380,3,412.10,470.90,44.30,104.80,1.0000,-1,-1,-1
380,4,1077.80,419.30,216.90,590.70,1.0000,-1,-1,-1
380,50,967.40,426.30,135.20,510.60,1.0000,-1,-1,-1
380,62,836.20,472.50,54.60,76.80,1.0000,-1,-1,-1
380,65,531.10,405.80,130.50,369.90,1.0000,-1,-1,-1
380,66,796.60,476.70,56.30,60.60,1.0000,-1,-1,-1
380,70,166.10,446.50,206.40,373.10,1.0000,-1,-1,-1
380,71,469.70,453.70,39.70,110.90,1.0000,-1,-1,-1
380,72,2.40,443.60,163.40,373.00,1.0000,-1,-1,-1
381,3,416.00,469.50,41.00,109.90,1.0000,-1,-1,-1
381,4,1079.20,395.90,212.70,618.90,1.0000,-1,-1,-1
381,50,970.60,426.90,132.70,515.10,1.0000,-1,-1,-1
381,62,836.20,472.60,54.30,76.10,1.0000,-1,-1,-1
381,65,534.60,408.30,134.70,356.70,1.0000,-1,-1,-1
381,66,795.80,476.60,56.70,60.70,1.0000,-1,-1,-1
381,70,166.90,448.90,210.90,368.20,1.0000,-1,-1,-1
381,71,471.40,454.00,39.50,110.40,1.0000,-1,-1,-1
381,72,1.00,438.00,179.90,381.50,1.0000,-1,-1,-1
382,3,424.90,469.60,34.50,97.30,1.0000,-1,-1,-1
382,4,1081.40,399.70,209.30,608.80,1.0000,-1,-1,-1
382,50,967.40,427.70,139.80,521.20,1.0000,-1,-1,-1
382,62,835.80,472.70,53.30,76.00,1.0000,-1,-1,-1
382,65,536.50,408.80,137.20,358.20,1.0000,-1,-1,-1
382,66,796.60,476.20,55.00,61.70,1.0000,-1,-1,-1
382,67,315.90,438.70,125.30,309.60,1.0000,-1,-1,-1
382,70,181.50,446.80,199.90,370.90,1.0000,-1,-1,-1
382,71,471.10,453.30,40.20,112.90,1.0000,-1,-1,-1
382,72,1.00,452.80,185.50,368.80,1.0000,-1,-1,-1
383,4,1081.40,414.40,215.00,599.60,1.0000,-1,-1,-1
383,50,969.80,421.20,134.50,520.00,1.0000,-1,-1,-1
383,62,836.40,472.60,52.90,76.70,1.0000,-1,-1,-1
383,65,540.40,410.90,136.60,360.50,1.0000,-1,-1,-1
383,66,796.30,476.00,55.30,61.80,1.0000,-1,-1,-1
383,67,338.70,452.40,106.90,290.30,1.0000,-1,-1,-1
383,70,191.30,453.60,186.40,365.20,1.0000,-1,-1,-1
383,71,470.80,454.40,39.00,108.00,1.0000,-1,-1,-1
383,72,4.00,449.80,192.40,366.10,1.0000,-1,-1,-1
384,4,1085.30,398.30,205.40,626.70,1.0000,-1,-1,-1
384,50,968.80,423.10,136.60,516.60,1.0000,-1,-1,-1
384,62,835.70,472.30,53.00,77.60,1.0000,-1,-1,-1
384,65,541.40,398.90,141.20,372.30,1.0000,-1,-1,-1
384,66,796.90,476.60,55.00,61.10,1.0000,-1,-1,-1
384,67,353.10,443.70,106.30,300.30,1.0000,-1,-1,-1
384,70,200.90,435.40,175.80,379.00,1.0000,-1,-1,-1
384,71,469.70,452.50,39.40,109.80,1.0000,-1,-1,-1
384,72,2.30,434.20,201.10,381.00,1.0000,-1,-1,-1
384,73,515.20,459.30,27.20,69.40,1.0000,-1,-1,-1
385,4,1083.50,400.30,207.80,626.10,1.0000,-1,-1,-1
385,50,976.20,418.30,129.70,522.80,1.0000,-1,-1,-1
385,62,835.10,472.50,53.50,76.90,1.0000,-1,-1,-1
385,65,545.30,412.20,142.90,360.60,1.0000,-1,-1,-1
385,66,796.70,476.80,55.60,60.30,1.0000,-1,-1,-1
385,67,354.70,439.40,122.40,306.30,1.0000,-1,-1,-1
385,70,224.70,444.50,155.60,362.20,1.0000,-1,-1,-1
385,71,469.30,454.10,38.70,105.40,1.0000,-1,-1,-1
385,72,3.00,438.10,204.60,374.10,1.0000,-1,-1,-1
385,73,514.60,460.70,26.70,64.80,1.0000,-1,-1,-1
386,4,1080.40,402.60,218.30,603.00,1.0000,-1,-1,-1
386,50,974.50,433.40,131.80,507.60,1.0000,-1,-1,-1
386,62,835.70,472.60,53.20,75.90,1.0000,-1,-1,-1
386,65,549.30,405.60,136.30,361.10,1.0000,-1,-1,-1
386,66,796.60,476.50,56.50,60.60,1.0000,-1,-1,-1
386,67,359.40,438.60,131.80,300.30,1.0000,-1,-1,-1
386,70,240.30,452.00,139.70,356.40,1.0000,-1,-1,-1
386,71,467.50,453.90,38.90,104.60,1.0000,-1,-1,-1
386,72,5.70,430.70,201.70,377.90,1.0000,-1,-1,-1
386,73,513.90,459.70,25.40,63.60,1.0000,-1,-1,-1
387,4,1079.00,394.70,215.10,630.80,1.0000,-1,-1,-1
387,50,972.50,424.50,138.80,524.90,1.0000,-1,-1,-1
387,62,835.60,471.70,52.80,77.30,1.0000,-1,-1,-1
387,65,547.20,413.30,147.30,354.00,1.0000,-1,-1,-1
387,66,796.40,475.90,56.40,61.60,1.0000,-1,-1,-1
387,67,359.00,438.40,150.40,304.90,1.0000,-1,-1,-1
387,70,261.00,449.40,123.90,353.40,1.0000,-1,-1,-1
387,71,470.10,455.00,38.80,104.30,1.0000,-1,-1,-1
387,72,13.50,428.90,198.80,377.20,1.0000,-1,-1,-1
387,73,515.70,459.70,24.10,64.70,1.0000,-1,-1,-1
388,4,1077.90,406.20,221.70,612.20,1.0000,-1,-1,-1
388,50,974.90,419.60,130.30,520.80,1.0000,-1,-1,-1
388,62,836.20,471.80,53.40,77.00,1.0000,-1,-1,-1
388,65,552.50,407.90,139.60,355.60,1.0000,-1,-1,-1
388,66,796.60,476.40,56.40,60.50,1.0000,-1,-1,-1
388,67,361.60,437.20,164.70,300.20,1.0000,-1,-1,-1
388,70,269.50,442.50,119.60,363.30,1.0000,-1,-1,-1
388,71,470.30,458.70,39.40,101.40,1.0000,-1,-1,-1
388,72,25.60,425.90,186.80,378.60,1.0000,-1,-1,-1
388,73,515.60,462.70,24.00,64.10,1.0000,-1,-1,-1
389,4,1080.30,405.40,219.80,616.30,1.0000,-1,-1,-1
389,50,974.00,419.60,131.60,521.20,1.0000,-1,-1,-1
389,62,836.00,472.30,53.50,76.00,1.0000,-1,-1,-1
389,65,554.50,413.20,138.00,351.10,1.0000,-1,-1,-1
389,66,796.60,476.50,56.40,60.40,1.0000,-1,-1,-1
389,67,358.50,439.60,175.10,310.50,1.0000,-1,-1,-1
389,70,277.30,441.80,116.10,361.00,1.0000,-1,-1,-1
389,71,490.60,461.40,29.00,81.20,1.0000,-1,-1,-1
389,72,35.10,422.60,178.40,381.00,1.0000,-1,-1,-1
389,73,519.20,462.60,23.40,63.20,1.0000,-1,-1,-1
390,4,1072.40,407.40,226.50,601.50,1.0000,-1,-1,-1
390,50,975.90,421.10,130.50,515.30,1.0000,-1,-1,-1
390,62,836.40,471.60,53.30,78.10,1.0000,-1,-1,-1
390,65,560.30,409.40,133.80,345.20,1.0000,-1,-1,-1
390,66,796.60,476.20,56.20,60.80,1.0000,-1,-1,-1
390,67,368.00,434.70,173.70,313.30,1.0000,-1,-1,-1
390,70,290.40,448.00,115.10,355.40,1.0000,-1,-1,-1
390,72,45.50,432.20,172.70,372.10,1.0000,-1,-1,-1
390,73,518.00,460.40,23.30,63.60,1.0000,-1,-1,-1
390,74,932.90,435.40,64.00,184.20,1.0000,-1,-1,-1
391,4,1075.80,414.10,229.90,605.30,1.0000,-1,-1,-1
391,50,978.70,418.00,128.60,519.30,1.0000,-1,-1,-1
391,62,836.90,471.70,53.10,77.80,1.0000,-1,-1,-1
391,65,567.90,405.80,125.70,357.00,1.0000,-1,-1,-1
391,66,796.70,475.90,55.90,61.20,1.0000,-1,-1,-1
391,67,370.20,436.50,177.30,306.90,1.0000,-1,-1,-1
391,70,299.70,452.30,124.00,341.30,1.0000,-1,-1,-1
391,72,58.90,436.20,170.40,362.80,1.0000,-1,-1,-1
391,73,524.90,459.90,23.50,63.80,1.0000,-1,-1,-1
391,74,929.10,435.10,66.20,180.20,1.0000,-1,-1,-1
392,4,1074.80,417.70,227.90,588.80,1.0000,-1,-1,-1
392,39,554.20,460.30,22.60,63.40,1.0000,-1,-1,-1
392,50,977.80,420.10,128.20,521.30,1.0000,-1,-1,-1
392,62,836.20,471.40,52.90,77.70,1.0000,-1,-1,-1
392,65,570.80,404.40,129.60,357.70,1.0000,-1,-1,-1
392,66,796.40,475.90,55.90,61.10,1.0000,-1,-1,-1
392,67,368.90,441.70,183.00,302.20,1.0000,-1,-1,-1
392,70,301.70,441.40,129.00,356.70,1.0000,-1,-1,-1
392,72,65.50,424.00,170.80,371.30,1.0000,-1,-1,-1
392,73,521.00,459.90,21.10,64.20,1.0000,-1,-1,-1
392,74,927.40,439.00,62.90,173.90,1.0000,-1,-1,-1
393,4,1069.30,419.90,231.70,591.60,1.0000,-1,-1,-1
393,39,554.10,458.90,23.10,64.30,1.0000,-1,-1,-1
393,50,975.10,424.60,132.20,511.40,1.0000,-1,-1,-1
393,62,836.40,471.00,53.10,78.50,1.0000,-1,-1,-1
393,65,579.10,407.40,125.70,348.50,1.0000,-1,-1,-1
393,66,796.50,475.90,56.30,61.60,1.0000,-1,-1,-1
393,67,377.30,434.00,183.20,314.60,1.0000,-1,-1,-1
393,70,301.80,444.00,140.10,353.80,1.0000,-1,-1,-1
393,72,75.70,430.50,170.90,362.00,1.0000,-1,-1,-1
393,73,532.40,458.90,22.70,63.90,1.0000,-1,-1,-1
393,74,926.60,437.10,63.50,181.10,1.0000,-1,-1,-1
394,4,1074.20,403.50,234.00,606.10,1.0000,-1,-1,-1
394,39,557.30,459.80,21.80,61.50,1.0000,-1,-1,-1
394,50,976.00,423.90,135.40,513.40,1.0000,-1,-1,-1
394,62,836.10,470.80,53.40,79.20,1.0000,-1,-1,-1
394,65,586.70,411.40,120.60,346.70,1.0000,-1,-1,-1
394,66,796.40,476.00,55.80,61.40,1.0000,-1,-1,-1
394,67,388.80,430.90,156.70,316.50,1.0000,-1,-1,-1
394,70,304.50,447.40,157.50,346.10,1.0000,-1,-1,-1
394,72,76.00,429.40,180.90,360.00,1.0000,-1,-1,-1
394,73,532.80,459.90,22.30,62.30,1.0000,-1,-1,-1
394,74,923.40,436.10,62.40,184.50,1.0000,-1,-1,-1
395,4,1072.00,406.20,234.00,605.20,1.0000,-1,-1,-1
395,39,558.50,460.50,20.80,59.50,1.0000,-1,-1,-1
395,50,977.60,420.20,128.30,522.90,1.0000,-1,-1,-1
395,62,836.30,471.60,54.00,78.50,1.0000,-1,-1,-1
395,65,593.00,406.80,121.10,345.00,1.0000,-1,-1,-1
395,66,797.20,476.20,55.90,62.00,1.0000,-1,-1,-1
395,70,306.60,446.10,169.80,355.80,1.0000,-1,-1,-1
395,72,82.30,429.50,182.50,365.20,1.0000,-1,-1,-1
395,73,529.70,460.80,21.70,61.30,1.0000,-1,-1,-1
395,74,920.20,436.90,61.60,180.60,1.0000,-1,-1,-1
396,4,1072.10,416.70,225.60,587.90,1.0000,-1,-1,-1
396,39,562.60,462.50,18.50,54.70,1.0000,-1,-1,-1
396,50,978.20,420.70,129.80,518.90,1.0000,-1,-1,-1
396,62,835.80,472.20,54.60,78.50,1.0000,-1,-1,-1
396,65,597.50,403.10,123.10,343.90,1.0000,-1,-1,-1
396,66,796.60,476.50,56.30,61.90,1.0000,-1,-1,-1
396,67,425.10,443.60,119.90,295.20,1.0000,-1,-1,-1
396,70,313.00,448.50,169.10,348.80,1.0000,-1,-1,-1
396,72,91.60,437.00,186.50,361.20,1.0000,-1,-1,-1
396,73,530.00,464.70,23.10,57.00,1.0000,-1,-1,-1
396,74,917.50,439.70,60.90,176.90,1.0000,-1,-1,-1
397,4,1078.50,406.80,216.80,596.90,1.0000,-1,-1,-1
397,39,557.40,462.60,19.50,55.10,1.0000,-1,-1,-1
397,50,977.50,424.50,132.00,511.60,1.0000,-1,-1,-1
397,62,835.20,472.60,54.00,77.30,1.0000,-1,-1,-1
397,65,606.30,407.20,120.80,345.90,1.0000,-1,-1,-1
397,66,796.70,476.10,55.60,61.90,1.0000,-1,-1,-1
397,67,426.70,444.20,119.70,299.90,1.0000,-1,-1,-1
397,70,313.40,446.90,169.60,355.90,1.0000,-1,-1,-1
397,72,106.80,434.40,183.10,363.90,1.0000,-1,-1,-1
397,73,532.10,465.10,23.50,55.30,1.0000,-1,-1,-1
397,74,915.40,439.60,59.60,178.10,1.0000,-1,-1,-1
398,4,1075.30,427.60,217.00,583.50,1.0000,-1,-1,-1
398,39,562.90,463.20,19.20,52.80,1.0000,-1,-1,-1
398,50,976.60,423.60,132.40,514.70,1.0000,-1,-1,-1
398,62,835.90,472.70,52.80,76.80,1.0000,-1,-1,-1
398,65,609.50,406.10,123.30,345.00,1.0000,-1,-1,-1
398,66,796.70,476.30,55.60,61.80,1.0000,-1,-1,-1
398,67,432.70,441.60,116.10,299.70,1.0000,-1,-1,-1
398,70,315.80,443.80,172.20,356.40,1.0000,-1,-1,-1
398,72,111.00,432.50,194.50,362.90,1.0000,-1,-1,-1
398,74,910.70,437.70,61.10,179.50,1.0000,-1,-1,-1
399,4,1077.70,407.10,213.60,600.20,1.0000,-1,-1,-1
399,39,562.30,462.20,21.30,56.20,1.0000,-1,-1,-1
399,48,579.60,460.50,22.40,60.10,1.0000,-1,-1,-1
399,50,978.50,423.40,130.20,512.70,1.0000,-1,-1,-1
399,62,835.40,473.20,52.70,76.10,1.0000,-1,-1,-1
399,65,620.40,408.40,122.90,339.60,1.0000,-1,-1,-1
399,66,796.50,476.40,56.00,61.40,1.0000,-1,-1,-1
399,67,450.00,431.60,111.30,306.70,1.0000,-1,-1,-1
399,70,317.00,455.40,167.10,341.00,1.0000,-1,-1,-1
399,72,124.00,434.20,198.20,360.80,1.0000,-1,-1,-1
399,74,909.30,436.90,60.90,179.70,1.0000,-1,-1,-1
400,4,1081.10,415.90,209.60,612.50,1.0000,-1,-1,-1
400,39,557.50,463.70,22.80,58.30,1.0000,-1,-1,-1
400,48,580.00,459.60,20.30,59.20,1.0000,-1,-1,-1
400,50,976.20,426.70,140.40,513.00,1.0000,-1,-1,-1
400,62,835.40,473.00,53.70,75.60,1.0000,-1,-1,-1
400,65,621.90,405.20,125.20,345.80,1.0000,-1,-1,-1
400,66,796.20,476.50,57.70,61.00,1.0000,-1,-1,-1
400,67,455.80,439.20,112.70,296.00,1.0000,-1,-1,-1
400,70,327.80,445.00,156.90,348.00,1.0000,-1,-1,-1
400,72,127.40,442.90,200.60,359.10,1.0000,-1,-1,-1
400,74,907.30,436.20,60.70,177.60,1.0000,-1,-1,-1
401,4,1081.60,411.00,209.40,615.70,1.0000,-1,-1,-1
401,39,558.70,464.30,21.70,56.60,1.0000,-1,-1,-1
401,48,582.20,460.40,19.10,56.00,1.0000,-1,-1,-1
401,50,977.10,427.70,140.10,511.00,1.0000,-1,-1,-1
401,62,836.00,472.90,53.10,76.20,1.0000,-1,-1,-1
401,65,626.50,406.50,136.30,346.30,1.0000,-1,-1,-1
401,66,797.00,476.00,56.10,62.70,1.0000,-1,-1,-1
401,67,471.10,436.30,104.50,299.90,1.0000,-1,-1,-1
401,70,334.60,455.70,146.70,335.30,1.0000,-1,-1,-1
401,72,129.20,430.80,207.70,369.70,1.0000,-1,-1,-1
401,74,907.10,435.80,58.60,175.00,1.0000,-1,-1,-1
402,4,1080.90,415.70,209.50,609.10,1.0000,-1,-1,-1
402,50,977.80,422.10,133.50,514.00,1.0000,-1,-1,-1
402,62,836.50,473.50,53.00,75.30,1.0000,-1,-1,-1
402,65,631.70,406.20,139.70,344.40,1.0000,-1,-1,-1
402,66,796.50,476.30,56.80,62.20,1.0000,-1,-1,-1
402,67,477.10,435.60,105.00,293.30,1.0000,-1,-1,-1
402,70,349.30,443.00,138.00,350.90,1.0000,-1,-1,-1
402,72,134.50,437.30,214.10,360.20,1.0000,-1,-1,-1
402,74,902.60,435.40,57.90,176.20,1.0000,-1,-1,-1
403,4,1080.40,413.90,207.70,612.30,1.0000,-1,-1,-1
403,50,980.10,423.70,132.70,506.50,1.0000,-1,-1,-1
403,62,836.00,473.90,52.90,75.30,1.0000,-1,-1,-1
403,65,636.80,413.90,143.70,340.10,1.0000,-1,-1,-1
403,66,796.10,476.20,56.70,62.00,1.0000,-1,-1,-1
403,67,484.60,433.60,111.00,291.60,1.0000,-1,-1,-1
403,70,361.00,439.40,128.30,353.70,1.0000,-1,-1,-1
403,72,144.70,436.00,206.00,356.40,1.0000,-1,-1,-1
403,74,898.10,437.10,59.30,176.50,1.0000,-1,-1,-1
404,4,1079.80,415.90,206.00,610.90,1.0000,-1,-1,-1
404,50,978.90,422.50,140.00,520.60,1.0000,-1,-1,-1
404,62,835.60,473.70,53.40,76.30,1.0000,-1,-1,-1
404,65,632.80,407.90,152.80,343.70,1.0000,-1,-1,-1
404,66,795.20,475.50,56.70,62.90,1.0000,-1,-1,-1
404,67,484.40,430.90,126.20,301.60,1.0000,-1,-1,-1
404,70,373.60,441.40,122.80,343.50,1.0000,-1,-1,-1
404,72,153.40,436.80,201.00,353.50,1.0000,-1,-1,-1
404,74,894.90,439.10,58.10,176.80,1.0000,-1,-1,-1
405,4,1075.30,419.00,209.20,596.70,1.0000,-1,-1,-1
405,50,981.50,422.10,131.20,512.90,1.0000,-1,-1,-1
405,62,835.20,472.90,54.50,78.60,1.0000,-1,-1,-1
405,65,634.30,410.00,155.90,340.60,1.0000,-1,-1,-1
405,66,795.40,475.90,56.10,61.90,1.0000,-1,-1,-1
405,67,487.30,440.10,138.40,291.30,1.0000,-1,-1,-1
405,70,381.70,441.10,115.00,344.10,1.0000,-1,-1,-1
405,72,162.60,435.50,193.80,353.80,1.0000,-1,-1,-1
405,74,892.60,436.60,59.10,177.60,1.0000,-1,-1,-1
406,4,1070.50,409.50,212.50,602.10,1.0000,-1,-1,-1
406,50,982.00,423.40,135.70,523.10,1.0000,-1,-1,-1
406,62,834.90,471.60,54.40,80.20,1.0000,-1,-1,-1
406,65,642.90,415.20,150.80,329.90,1.0000,-1,-1,-1
406,66,795.50,475.60,56.50,62.00,1.0000,-1,-1,-1
406,67,490.50,437.20,144.20,292.30,1.0000,-1,-1,-1
406,70,397.40,440.00,102.40,341.50,1.0000,-1,-1,-1
406,72,177.50,432.20,175.30,357.40,1.0000,-1,-1,-1
406,74,889.00,438.00,58.20,178.40,1.0000,-1,-1,-1
407,4,1073.30,416.30,206.70,601.80,1.0000,-1,-1,-1
407,50,984.70,423.60,133.50,523.20,1.0000,-1,-1,-1
407,62,835.00,471.80,54.30,79.90,1.0000,-1,-1,-1
407,65,637.50,413.70,155.80,334.60,1.0000,-1,-1,-1
407,66,794.70,475.40,58.00,61.60,1.0000,-1,-1,-1
407,67,493.10,433.20,148.60,298.30,1.0000,-1,-1,-1
407,70,406.00,440.60,101.40,340.70,1.0000,-1,-1,-1
407,72,186.20,429.00,168.60,359.50,1.0000,-1,-1,-1
407,74,884.70,441.30,60.80,172.40,1.0000,-1,-1,-1
408,4,1075.50,405.10,197.10,602.30,1.0000,-1,-1,-1
408,50,983.60,424.70,133.00,506.00,1.0000,-1,-1,-1
408,62,836.00,472.10,53.60,78.60,1.0000,-1,-1,-1
408,65,636.70,410.20,159.60,339.90,1.0000,-1,-1,-1
408,66,794.40,475.40,57.90,60.80,1.0000,-1,-1,-1
408,67,496.80,434.60,150.60,304.30,1.0000,-1,-1,-1
408,70,414.70,444.10,107.20,329.60,1.0000,-1,-1,-1
408,72,199.00,431.90,160.70,350.40,1.0000,-1,-1,-1
408,74,880.70,437.80,64.50,176.70,1.0000,-1,-1,-1
409,4,1075.20,408.60,193.20,592.60,1.0000,-1,-1,-1
409,50,983.40,426.60,135.70,514.70,1.0000,-1,-1,-1
409,62,833.50,471.70,56.70,79.50,1.0000,-1,-1,-1
409,65,642.80,410.80,155.40,338.00,1.0000,-1,-1,-1
409,66,793.90,476.20,61.10,59.10,1.0000,-1,-1,-1
409,67,502.10,429.80,144.40,296.60,1.0000,-1,-1,-1
409,70,419.20,443.50,116.80,321.60,1.0000,-1,-1,-1
409,72,214.70,431.90,150.20,345.50,1.0000,-1,-1,-1
409,74,879.90,440.70,62.00,175.00,1.0000,-1,-1,-1
410,4,1074.20,417.00,196.50,603.70,1.0000,-1,-1,-1
410,50,985.10,417.80,130.90,526.60,1.0000,-1,-1,-1
410,62,835.70,472.70,54.10,77.20,1.0000,-1,-1,-1
410,65,646.10,409.90,149.40,330.90,1.0000,-1,-1,-1
410,66,794.70,476.40,60.20,59.00,1.0000,-1,-1,-1
410,67,501.30,432.30,148.20,298.90,1.0000,-1,-1,-1
410,70,425.50,444.60,120.50,327.40,1.0000,-1,-1,-1
410,72,227.80,429.80,140.00,349.30,1.0000,-1,-1,-1
410,74,878.90,439.80,64.00,172.70,1.0000,-1,-1,-1
410,76,377.80,465.40,54.70,110.00,1.0000,-1,-1,-1
411,4,1071.40,410.20,193.00,600.00,1.0000,-1,-1,-1
411,50,985.40,415.50,128.30,533.20,1.0000,-1,-1,-1
411,62,836.50,471.70,56.20,81.60,1.0000,-1,-1,-1
411,65,643.00,408.30,153.10,338.20,1.0000,-1,-1,-1
411,66,794.50,476.70,60.70,59.30,1.0000,-1,-1,-1
411,67,505.10,432.30,149.10,300.40,1.0000,-1,-1,-1
411,70,430.70,445.80,132.40,327.50,1.0000,-1,-1,-1
411,72,243.40,427.90,133.30,348.10,1.0000,-1,-1,-1
411,74,875.70,440.50,64.50,169.20,1.0000,-1,-1,-1
411,76,379.90,465.80,52.30,112.30,1.0000,-1,-1,-1
412,4,1069.50,416.20,196.00,609.90,1.0000,-1,-1,-1
412,50,983.80,422.20,133.80,514.10,1.0000,-1,-1,-1
412,62,836.60,470.80,55.10,81.60,1.0000,-1,-1,-1
412,65,649.90,409.40,145.10,336.60,1.0000,-1,-1,-1
412,66,793.60,476.30,63.10,59.70,1.0000,-1,-1,-1
412,67,520.90,429.50,132.50,301.90,1.0000,-1,-1,-1
412,70,426.20,447.00,152.40,328.00,1.0000,-1,-1,-1
412,72,257.30,432.40,123.10,342.60,1.0000,-1,-1,-1
412,74,875.50,440.40,63.80,169.90,1.0000,-1,-1,-1
412,76,379.50,467.90,52.80,107.60,1.0000,-1,-1,-1
413,4,1071.00,415.10,192.40,587.80,1.0000,-1,-1,-1
413,50,985.30,420.90,134.10,529.00,1.0000,-1,-1,-1
413,62,835.80,471.80,56.10,79.50,1.0000,-1,-1,-1
413,65,653.90,405.90,144.40,339.30,1.0000,-1,-1,-1
413,66,791.70,477.40,66.20,59.70,1.0000,-1,-1,-1
413,67,534.80,434.70,121.80,284.30,1.0000,-1,-1,-1
413,70,427.30,444.50,166.90,331.50,1.0000,-1,-1,-1
413,72,267.80,433.10,119.10,345.20,1.0000,-1,-1,-1
413,74,875.10,440.50,64.40,170.40,1.0000,-1,-1,-1
413,76,378.60,468.40,54.10,108.40,1.0000,-1,-1,-1
414,4,1071.20,414.80,188.30,612.50,1.0000,-1,-1,-1
414,50,984.80,425.50,130.50,508.40,1.0000,-1,-1,-1
414,62,834.50,473.60,55.90,77.40,1.0000,-1,-1,-1
414,65,663.10,406.70,142.10,334.80,1.0000,-1,-1,-1
414,66,788.80,477.00,68.40,60.70,1.0000,-1,-1,-1
414,67,548.60,433.60,111.20,294.90,1.0000,-1,-1,-1
414,70,433.50,445.00,161.50,333.00,1.0000,-1,-1,-1
414,72,277.80,431.80,114.20,350.40,1.0000,-1,-1,-1
414,74,874.00,439.20,61.70,174.70,1.0000,-1,-1,-1
414,76,376.60,470.50,55.90,104.60,1.0000,-1,-1,-1
415,4,1059.90,411.80,197.30,604.30,1.0000,-1,-1,-1
415,50,996.10,425.90,119.90,509.20,1.0000,-1,-1,-1
415,62,832.70,473.30,58.40,76.00,1.0000,-1,-1,-1
415,65,665.10,405.00,140.40,336.90,1.0000,-1,-1,-1
415,66,793.80,476.40,56.10,61.10,1.0000,-1,-1,-1
415,67,549.30,428.20,102.20,299.50,1.0000,-1,-1,-1
415,70,436.50,445.10,164.10,329.90,1.0000,-1,-1,-1
415,72,282.50,433.20,120.10,341.80,1.0000,-1,-1,-1
415,74,872.20,438.80,61.30,172.80,1.0000,-1,-1,-1
415,76,377.50,467.90,46.30,114.50,1.0000,-1,-1,-1
416,4,1061.30,409.30,197.00,595.90,1.0000,-1,-1,-1
416,50,996.80,420.00,120.50,511.70,1.0000,-1,-1,-1
416,62,824.00,473.10,63.10,71.00,1.0000,-1,-1,-1
416,65,675.50,402.50,130.70,333.70,1.0000,-1,-1,-1
416,66,796.80,476.10,53.40,60.80,1.0000,-1,-1,-1
416,67,559.80,428.80,100.80,297.70,1.0000,-1,-1,-1
416,70,442.10,450.20,158.30,323.30,1.0000,-1,-1,-1
416,72,283.90,433.90,139.90,340.50,1.0000,-1,-1,-1
416,74,866.10,439.10,59.70,170.70,1.0000,-1,-1,-1
417,4,1055.10,402.70,199.30,616.10,1.0000,-1,-1,-1
417,65,681.20,405.70,128.20,330.70,1.0000,-1,-1,-1
417,66,793.40,477.60,67.30,59.40,1.0000,-1,-1,-1
417,67,569.80,430.40,102.20,290.60,1.0000,-1,-1,-1
417,70,437.70,449.40,165.20,325.10,1.0000,-1,-1,-1
417,72,286.80,440.50,151.20,331.30,1.0000,-1,-1,-1
417,74,863.00,436.40,59.50,176.50,1.0000,-1,-1,-1
417,77,913.00,482.60,95.20,112.00,1.0000,-1,-1,-1
418,4,1051.50,402.90,198.00,612.40,1.0000,-1,-1,-1
418,65,691.90,403.90,120.30,332.80,1.0000,-1,-1,-1
418,66,785.40,478.20,68.00,59.60,1.0000,-1,-1,-1
418,67,581.10,427.40,95.30,291.30,1.0000,-1,-1,-1
418,70,447.00,435.70,155.70,334.60,1.0000,-1,-1,-1
418,72,293.10,437.40,156.50,333.20,1.0000,-1,-1,-1
418,74,857.20,436.10,59.90,172.20,1.0000,-1,-1,-1
418,77,908.80,483.90,101.30,110.50,1.0000,-1,-1,-1
419,4,1051.50,403.30,191.30,605.00,1.0000,-1,-1,-1
419,65,693.50,403.20,121.90,334.50,1.0000,-1,-1,-1
419,67,588.80,428.20,97.50,294.50,1.0000,-1,-1,-1
419,70,448.40,440.20,158.20,328.70,1.0000,-1,-1,-1
419,72,292.80,432.20,172.70,344.90,1.0000,-1,-1,-1
419,74,856.40,436.40,56.50,172.80,1.0000,-1,-1,-1
419,77,909.60,483.50,103.70,111.10,1.0000,-1,-1,-1
420,4,1053.10,408.50,196.50,616.50,1.0000,-1,-1,-1
420,65,700.40,404.30,119.00,327.40,1.0000,-1,-1,-1
420,67,599.60,436.70,94.20,282.70,1.0000,-1,-1,-1
420,70,456.10,439.50,148.60,328.50,1.0000,-1,-1,-1
420,72,297.80,429.40,172.30,343.60,1.0000,-1,-1,-1
420,74,854.30,437.90,56.90,168.30,1.0000,-1,-1,-1
420,77,911.60,483.80,101.50,109.10,1.0000,-1,-1,-1
421,4,1054.00,406.10,191.40,611.80,1.0000,-1,-1,-1
421,65,699.10,406.00,121.40,329.40,1.0000,-1,-1,-1
421,67,602.00,433.80,110.30,284.40,1.0000,-1,-1,-1
421,70,460.30,439.10,143.60,324.90,1.0000,-1,-1,-1
421,72,298.00,435.60,183.80,334.10,1.0000,-1,-1,-1
421,74,851.30,434.50,58.50,170.50,1.0000,-1,-1,-1
421,77,912.70,484.60,99.30,108.20,1.0000,-1,-1,-1
422,4,1052.60,412.70,200.70,616.10,1.0000,-1,-1,-1
422,65,709.10,406.40,114.30,326.30,1.0000,-1,-1,-1
422,67,604.10,433.80,117.70,279.70,1.0000,-1,-1,-1
422,70,468.20,445.80,138.80,322.30,1.0000,-1,-1,-1
422,72,306.90,444.60,171.50,328.10,1.0000,-1,-1,-1
422,74,848.70,435.00,58.60,171.40,1.0000,-1,-1,-1
422,77,913.30,484.20,96.60,109.80,1.0000,-1,-1,-1
423,4,1056.00,410.70,189.70,630.00,1.0000,-1,-1,-1
423,65,713.70,402.80,116.00,329.10,1.0000,-1,-1,-1
423,67,603.90,438.00,133.00,282.20,1.0000,-1,-1,-1
423,70,479.20,442.70,129.00,319.90,1.0000,-1,-1,-1
423,72,305.00,439.00,179.20,327.70,1.0000,-1,-1,-1
423,74,846.90,436.30,56.70,169.40,1.0000,-1,-1,-1
423,77,912.00,484.20,101.60,110.50,1.0000,-1,-1,-1
424,4,1056.40,407.60,195.80,633.00,1.0000,-1,-1,-1
424,65,711.70,406.40,118.30,323.30,1.0000,-1,-1,-1
424,67,604.00,438.10,143.70,282.50,1.0000,-1,-1,-1
424,70,499.50,439.70,112.30,325.00,1.0000,-1,-1,-1
424,72,313.00,438.80,173.00,326.90,1.0000,-1,-1,-1
424,74,845.60,436.30,57.10,171.10,1.0000,-1,-1,-1
424,77,913.70,485.30,96.20,108.50,1.0000,-1,-1,-1
425,4,1057.10,403.40,199.60,642.80,1.0000,-1,-1,-1
425,65,719.10,406.60,115.60,324.40,1.0000,-1,-1,-1
425,67,608.20,434.60,142.60,286.20,1.0000,-1,-1,-1
425,70,505.50,437.60,111.00,323.50,1.0000,-1,-1,-1
425,72,319.70,435.40,172.20,325.60,1.0000,-1,-1,-1
425,74,843.60,438.40,54.80,167.70,1.0000,-1,-1,-1
425,77,913.60,484.10,97.20,109.30,1.0000,-1,-1,-1
426,4,1060.20,403.70,195.30,651.10,1.0000,-1,-1,-1
426,65,721.80,406.20,115.00,324.50,1.0000,-1,-1,-1
426,67,611.00,427.80,140.80,293.00,1.0000,-1,-1,-1
426,70,513.80,439.00,107.20,322.30,1.0000,-1,-1,-1
426,72,328.00,435.90,163.80,323.50,1.0000,-1,-1,-1
426,74,843.20,436.50,55.10,171.50,1.0000,-1,-1,-1
426,77,912.80,483.20,98.50,109.20,1.0000,-1,-1,-1
427,4,1060.60,395.00,190.30,663.50,1.0000,-1,-1,-1
427,65,724.10,405.80,117.30,325.60,1.0000,-1,-1,-1
427,67,617.10,432.80,136.50,287.90,1.0000,-1,-1,-1
427,70,524.20,442.60,96.00,320.20,1.0000,-1,-1,-1
427,72,341.00,436.00,148.50,323.50,1.0000,-1,-1,-1
427,74,841.30,436.30,55.80,171.50,1.0000,-1,-1,-1
427,77,912.90,482.80,96.60,109.40,1.0000,-1,-1,-1
428,4,1060.30,400.50,197.70,655.20,1.0000,-1,-1,-1
428,65,723.80,405.80,120.00,327.00,1.0000,-1,-1,-1
428,67,619.20,434.20,133.40,284.00,1.0000,-1,-1,-1
428,70,532.70,443.00,95.80,320.10,1.0000,-1,-1,-1
428,72,358.70,434.70,133.30,320.80,1.0000,-1,-1,-1
428,74,840.30,436.40,55.60,166.90,1.0000,-1,-1,-1
428,77,913.80,484.40,94.70,108.90,1.0000,-1,-1,-1
429,4,1057.40,400.00,197.90,669.60,1.0000,-1,-1,-1
429,65,727.10,409.00,119.10,322.20,1.0000,-1,-1,-1
429,67,620.10,433.10,134.50,281.00,1.0000,-1,-1,-1
429,70,531.00,441.30,113.10,317.90,1.0000,-1,-1,-1
429,72,375.40,437.90,115.30,312.30,1.0000,-1,-1,-1
429,74,837.10,440.50,55.50,155.80,1.0000,-1,-1,-1
429,77,913.80,484.40,94.50,109.00,1.0000,-1,-1,-1
430,4,1057.60,398.10,206.70,660.70,1.0000,-1,-1,-1
430,65,731.00,412.60,117.50,317.70,1.0000,-1,-1,-1
430,67,629.30,428.90,122.20,295.00,1.0000,-1,-1,-1
430,70,536.40,439.70,118.20,318.40,1.0000,-1,-1,-1
430,72,386.60,435.20,110.70,318.70,1.0000,-1,-1,-1
430,74,833.80,437.90,56.50,163.70,1.0000,-1,-1,-1
430,77,914.10,484.40,93.90,108.60,1.0000,-1,-1,-1
431,4,1066.10,390.30,203.50,689.40,1.0000,-1,-1,-1
431,65,734.60,414.80,118.20,313.20,1.0000,-1,-1,-1
431,67,640.90,429.80,110.10,287.20,1.0000,-1,-1,-1
431,70,538.00,439.20,124.60,319.20,1.0000,-1,-1,-1
431,72,397.30,434.40,106.20,311.80,1.0000,-1,-1,-1
431,74,830.80,436.90,56.00,164.80,1.0000,-1,-1,-1
431,77,914.80,484.80,94.60,108.70,1.0000,-1,-1,-1
432,4,1062.00,398.60,203.40,647.60,1.0000,-1,-1,-1
432,65,742.70,415.30,114.40,300.40,1.0000,-1,-1,-1
432,67,656.00,434.50,100.80,279.10,1.0000,-1,-1,-1
432,70,537.20,438.40,138.80,320.80,1.0000,-1,-1,-1
432,72,400.50,435.00,104.10,311.50,1.0000,-1,-1,-1
432,74,829.40,436.20,52.80,164.50,1.0000,-1,-1,-1
432,77,913.60,484.80,96.10,109.10,1.0000,-1,-1,-1
432,79,502.10,469.00,27.60,68.40,1.0000,-1,-1,-1
432,80,1477.00,329.50,444.00,751.50,1.0000,-1,-1,-1
433,4,1063.70,406.00,218.60,633.40,1.0000,-1,-1,-1
433,65,745.50,413.80,112.60,307.10,1.0000,-1,-1,-1
433,67,668.20,439.90,87.30,270.60,1.0000,-1,-1,-1
433,70,536.90,440.20,144.60,317.80,1.0000,-1,-1,-1
433,72,408.00,434.00,103.90,311.80,1.0000,-1,-1,-1
433,74,830.10,434.80,50.20,166.50,1.0000,-1,-1,-1
433,77,914.10,484.50,94.80,109.30,1.0000,-1,-1,-1
433,80,1420.50,292.80,496.90,788.20,1.0000,-1,-1,-1
433,81,519.70,465.70,22.50,67.90,1.0000,-1,-1,-1
434,4,1069.30,402.90,217.80,646.70,1.0000,-1,-1,-1
434,65,745.50,410.60,115.20,321.30,1.0000,-1,-1,-1
434,67,677.60,431.70,82.00,286.20,1.0000,-1,-1,-1
434,70,543.40,442.20,140.70,306.90,1.0000,-1,-1,-1
434,72,414.40,429.60,113.00,314.80,1.0000,-1,-1,-1
434,77,914.70,485.30,94.50,109.70,1.0000,-1,-1,-1
434,80,1372.30,260.10,510.40,820.90,1.0000,-1,-1,-1
434,81,519.80,464.10,25.40,70.20,1.0000,-1,-1,-1
435,4,1076.40,402.10,213.60,667.90,1.0000,-1,-1,-1
435,65,751.20,411.80,106.90,316.10,1.0000,-1,-1,-1
435,67,687.40,431.20,83.50,284.90,1.0000,-1,-1,-1
435,70,546.80,448.90,137.20,313.10,1.0000,-1,-1,-1
435,72,415.70,432.40,121.10,309.70,1.0000,-1,-1,-1
435,77,914.40,487.80,92.20,109.70,1.0000,-1,-1,-1
435,80,1314.90,295.30,497.90,785.70,1.0000,-1,-1,-1
435,81,526.50,465.30,22.50,70.20,1.0000,-1,-1,-1
436,4,1090.80,417.10,200.90,635.10,1.0000,-1,-1,-1
436,65,756.00,414.40,104.20,315.50,1.0000,-1,-1,-1
436,67,696.20,429.50,72.80,285.60,1.0000,-1,-1,-1
436,70,543.20,440.00,145.20,314.80,1.0000,-1,-1,-1
436,72,421.50,435.70,125.00,312.30,1.0000,-1,-1,-1
436,77,916.60,483.90,92.10,110.80,1.0000,-1,-1,-1
436,80,1286.10,300.30,479.90,780.70,1.0000,-1,-1,-1
436,81,528.80,466.70,24.20,71.60,1.0000,-1,-1,-1
437,4,1093.60,395.30,216.40,680.20,1.0000,-1,-1,-1
437,65,760.80,414.30,101.00,312.40,1.0000,-1,-1,-1
437,67,702.50,430.40,75.40,284.90,1.0000,-1,-1,-1
437,70,544.10,440.00,148.50,316.40,1.0000,-1,-1,-1
437,72,423.20,436.00,131.10,310.20,1.0000,-1,-1,-1
437,77,915.80,484.30,93.20,110.40,1.0000,-1,-1,-1
437,80,1210.50,312.90,474.90,768.10,1.0000,-1,-1,-1
438,4,1098.70,408.80,190.50,656.50,1.0000,-1,-1,-1
438,65,762.60,415.40,101.50,310.50,1.0000,-1,-1,-1
438,67,706.50,432.50,81.60,275.20,1.0000,-1,-1,-1
438,70,544.50,436.40,148.40,318.90,1.0000,-1,-1,-1
438,72,426.60,437.80,130.00,315.50,1.0000,-1,-1,-1
438,77,915.20,483.20,94.00,112.70,1.0000,-1,-1,-1
438,80,1150.20,328.30,488.30,752.70,1.0000,-1,-1,-1
439,65,767.10,418.10,99.80,307.40,1.0000,-1,-1,-1
439,67,710.80,436.70,86.60,270.50,1.0000,-1,-1,-1
439,70,548.30,441.70,146.50,314.60,1.0000,-1,-1,-1
439,72,431.10,433.00,130.30,313.70,1.0000,-1,-1,-1
439,77,914.70,484.10,94.60,112.60,1.0000,-1,-1,-1
439,80,1109.20,352.40,468.70,728.60,1.0000,-1,-1,-1
440,65,775.10,413.40,95.70,310.00,1.0000,-1,-1,-1
440,67,716.10,438.60,77.10,266.50,1.0000,-1,-1,-1
440,70,554.60,432.70,143.00,322.50,1.0000,-1,-1,-1
440,72,437.60,436.00,125.80,310.10,1.0000,-1,-1,-1
440,77,915.20,483.50,93.90,112.90,1.0000,-1,-1,-1
440,80,1081.80,347.00,407.80,734.00,1.0000,-1,-1,-1
441,65,776.80,415.20,95.00,298.40,1.0000,-1,-1,-1
441,67,717.90,432.90,87.50,272.20,1.0000,-1,-1,-1
441,70,559.20,434.90,137.40,319.10,1.0000,-1,-1,-1
441,72,438.40,433.60,128.20,311.20,1.0000,-1,-1,-1
441,77,914.60,483.60,94.90,111.90,1.0000,-1,-1,-1
441,80,1036.40,351.50,406.40,729.50,1.0000,-1,-1,-1
442,65,781.90,407.30,91.70,305.20,1.0000,-1,-1,-1
442,67,718.60,434.30,95.00,269.70,1.0000,-1,-1,-1
442,70,566.20,440.20,136.50,313.00,1.0000,-1,-1,-1
442,72,440.90,433.90,125.70,316.10,1.0000,-1,-1,-1
442,77,914.20,487.40,92.20,110.60,1.0000,-1,-1,-1
442,80,988.50,361.10,392.40,719.90,1.0000,-1,-1,-1
443,65,787.40,410.30,87.80,303.00,1.0000,-1,-1,-1
443,67,734.60,433.00,97.30,273.10,1.0000,-1,-1,-1
443,70,575.40,445.10,125.60,313.30,1.0000,-1,-1,-1
443,72,451.60,427.50,117.50,325.70,1.0000,-1,-1,-1
443,76,380.60,467.60,56.20,113.50,1.0000,-1,-1,-1
443,77,915.20,487.00,90.60,109.00,1.0000,-1,-1,-1
443,80,934.80,366.30,404.90,714.70,1.0000,-1,-1,-1
444,65,789.30,405.30,87.90,311.40,1.0000,-1,-1,-1
444,67,717.70,436.00,103.40,270.70,1.0000,-1,-1,-1
444,70,582.60,441.50,117.70,311.30,1.0000,-1,-1,-1
444,72,463.50,440.30,113.00,300.20,1.0000,-1,-1,-1
444,76,376.70,465.40,56.10,117.60,1.0000,-1,-1,-1
444,77,917.60,484.20,95.80,109.50,1.0000,-1,-1,-1
444,80,890.90,368.60,381.40,712.40,1.0000,-1,-1,-1
445,65,791.80,405.80,90.10,316.30,1.0000,-1,-1,-1
445,67,723.00,439.30,100.30,267.70,1.0000,-1,-1,-1
445,70,594.80,438.10,110.70,311.40,1.0000,-1,-1,-1
445,72,472.90,435.80,106.80,308.30,1.0000,-1,-1,-1
445,76,379.60,466.40,53.30,113.70,1.0000,-1,-1,-1
445,80,856.80,348.80,375.90,732.20,1.0000,-1,-1,-1
445,84,416.50,467.60,41.30,102.60,1.0000,-1,-1,-1
446,4,1132.90,409.80,238.70,624.50,1.0000,-1,-1,-1
446,65,794.90,412.90,92.00,310.60,1.0000,-1,-1,-1
446,70,606.40,439.60,104.70,308.60,1.0000,-1,-1,-1
446,72,479.80,437.40,104.70,293.60,1.0000,-1,-1,-1
446,76,375.70,464.20,55.70,117.20,1.0000,-1,-1,-1
446,80,836.10,335.50,354.70,745.50,1.0000,-1,-1,-1
446,84,415.00,468.80,43.20,104.30,1.0000,-1,-1,-1
447,4,1132.60,402.80,246.60,657.30,1.0000,-1,-1,-1
447,70,615.10,435.50,100.60,310.30,1.0000,-1,-1,-1
447,72,489.10,436.00,95.30,289.40,1.0000,-1,-1,-1
447,76,375.80,462.50,52.90,117.40,1.0000,-1,-1,-1
447,80,745.50,332.40,412.40,748.60,1.0000,-1,-1,-1
447,84,414.70,469.20,45.10,104.10,1.0000,-1,-1,-1
448,4,1130.30,406.60,259.20,660.10,1.0000,-1,-1,-1
448,70,623.20,439.20,89.60,310.60,1.0000,-1,-1,-1
448,72,493.80,435.50,98.70,291.80,1.0000,-1,-1,-1
448,76,376.00,463.20,54.50,115.10,1.0000,-1,-1,-1
448,80,738.30,317.50,392.50,763.50,1.0000,-1,-1,-1
448,84,413.40,470.30,46.50,102.90,1.0000,-1,-1,-1
449,4,1138.20,397.90,255.80,676.00,1.0000,-1,-1,-1
449,70,630.90,438.20,88.00,310.10,1.0000,-1,-1,-1
449,72,499.00,432.90,99.60,292.30,1.0000,-1,-1,-1
449,76,378.70,463.90,52.60,113.20,1.0000,-1,-1,-1
449,80,687.90,329.10,411.80,751.90,1.0000,-1,-1,-1
449,84,412.90,468.50,47.10,103.30,1.0000,-1,-1,-1
449,87,471.40,459.70,28.20,75.40,1.0000,-1,-1,-1
450,4,1145.30,405.10,245.00,672.90,1.0000,-1,-1,-1
450,70,640.80,436.20,80.40,333.30,1.0000,-1,-1,-1
450,72,502.40,430.30,105.70,300.10,1.0000,-1,-1,-1
450,76,378.70,464.00,51.70,114.30,1.0000,-1,-1,-1
450,80,675.60,333.30,386.60,747.70,1.0000,-1,-1,-1
450,84,412.60,467.50,47.00,103.30,1.0000,-1,-1,-1
450,87,473.60,458.80,28.50,78.60,1.0000,-1,-1,-1
451,4,1143.90,399.70,254.30,673.30,1.0000,-1,-1,-1
451,72,505.00,435.60,112.30,295.00,1.0000,-1,-1,-1
451,76,379.30,463.90,51.40,114.80,1.0000,-1,-1,-1
451,80,651.70,360.70,375.20,720.30,1.0000,-1,-1,-1
451,84,412.30,467.50,46.60,103.20,1.0000,-1,-1,-1
451,87,475.60,462.30,29.30,79.40,1.0000,-1,-1,-1
452,4,1147.70,395.60,258.00,685.40,1.0000,-1,-1,-1
452,72,508.30,434.80,118.00,293.50,1.0000,-1,-1,-1
452,76,379.00,463.70,51.20,114.70,1.0000,-1,-1,-1
452,77,913.00,485.10,96.50,110.40,1.0000,-1,-1,-1
452,80,602.70,356.40,382.20,724.60,1.0000,-1,-1,-1
452,84,412.30,467.90,46.00,105.10,1.0000,-1,-1,-1
452,87,473.60,460.10,28.00,78.50,1.0000,-1,-1,-1
452,88,1049.40,438.90,170.10,516.20,1.0000,-1,-1,-1
452,89,994.70,446.00,37.30,101.90,1.0000,-1,-1,-1
453,4,1148.00,399.10,263.00,681.80,1.0000,-1,-1,-1
453,72,512.30,429.30,130.60,309.80,1.0000,-1,-1,-1
453,76,379.20,463.80,51.90,115.00,1.0000,-1,-1,-1
453,77,915.40,483.40,97.50,110.50,1.0000,-1,-1,-1
453,80,579.30,361.50,365.60,719.50,1.0000,-1,-1,-1
453,84,412.70,467.80,45.40,104.20,1.0000,-1,-1,-1
453,87,476.20,462.30,28.20,78.80,1.0000,-1,-1,-1
453,88,1061.80,436.50,160.40,527.10,1.0000,-1,-1,-1
453,89,995.90,446.70,37.70,101.40,1.0000,-1,-1,-1
453,90,1032.20,438.60,25.20,85.90,1.0000,-1,-1,-1
453,91,1364.40,433.90,112.60,336.40,1.0000,-1,-1,-1
454,4,1149.80,397.90,270.00,683.10,1.0000,-1,-1,-1
454,76,378.20,463.50,51.90,115.70,1.0000,-1,-1,-1
454,77,915.00,483.10,98.30,111.00,1.0000,-1,-1,-1
454,80,542.90,363.20,381.60,717.80,1.0000,-1,-1,-1
454,84,413.90,468.80,43.70,102.70,1.0000,-1,-1,-1
454,87,478.40,458.70,28.30,84.30,1.0000,-1,-1,-1
454,88,1070.60,428.50,156.30,530.70,1.0000,-1,-1,-1
454,89,995.50,445.00,37.30,101.90,1.0000,-1,-1,-1
454,90,1037.50,440.20,26.20,83.10,1.0000,-1,-1,-1
454,91,1371.20,431.80,115.00,347.00,1.0000,-1,-1,-1
454,92,462.60,464.10,25.50,80.10,1.0000,-1,-1,-1
455,4,1154.30,398.80,269.90,682.20,1.0000,-1,-1,-1
455,65,812.90,400.10,86.70,328.20,1.0000,-1,-1,-1
455,76,378.10,463.00,51.20,115.70,1.0000,-1,-1,-1
455,77,915.20,484.00,97.10,110.60,1.0000,-1,-1,-1
455,80,497.00,372.40,394.70,708.60,1.0000,-1,-1,-1
455,84,414.80,467.80,41.50,104.00,1.0000,-1,-1,-1
455,87,477.80,460.50,28.10,85.40,1.0000,-1,-1,-1
455,89,994.80,445.10,37.50,101.90,1.0000,-1,-1,-1
455,90,1039.80,441.90,27.50,82.50,1.0000,-1,-1,-1
455,91,1378.10,429.40,116.30,347.60,1.0000,-1,-1,-1
455,92,453.70,464.10,27.30,85.30,1.0000,-1,-1,-1
456,4,1163.10,406.50,272.70,674.50,1.0000,-1,-1,-1
456,65,817.30,407.00,89.70,307.20,1.0000,-1,-1,-1
456,76,379.10,463.20,51.00,114.90,1.0000,-1,-1,-1
456,77,914.60,482.70,96.40,111.90,1.0000,-1,-1,-1
456,80,452.10,379.70,404.70,701.30,1.0000,-1,-1,-1
456,84,417.00,469.20,39.70,103.60,1.0000,-1,-1,-1
456,89,994.60,445.20,38.10,102.40,1.0000,-1,-1,-1
456,90,1047.90,444.90,29.70,90.40,1.0000,-1,-1,-1
456,91,1382.30,419.80,120.90,361.60,1.0000,-1,-1,-1
457,4,1163.30,406.50,276.00,674.50,1.0000,-1,-1,-1
457,65,821.30,406.60,86.80,302.50,1.0000,-1,-1,-1
457,76,379.80,462.40,51.00,116.10,1.0000,-1,-1,-1
457,77,913.70,483.80,97.20,110.30,1.0000,-1,-1,-1
457,80,417.00,384.60,388.30,696.40,1.0000,-1,-1,-1
457,84,413.60,466.50,41.70,106.70,1.0000,-1,-1,-1
457,89,994.60,446.00,37.60,99.50,1.0000,-1,-1,-1
457,90,1052.70,443.00,37.90,96.40,1.0000,-1,-1,-1
457,91,1383.80,424.00,124.70,354.10,1.0000,-1,-1,-1
458,4,1167.50,410.40,276.80,670.60,1.0000,-1,-1,-1
458,65,823.10,407.90,86.20,303.30,1.0000,-1,-1,-1
458,76,380.90,462.50,49.70,116.20,1.0000,-1,-1,-1
458,77,914.80,483.00,95.10,110.60,1.0000,-1,-1,-1
458,80,375.40,395.10,382.40,685.90,1.0000,-1,-1,-1
458,89,994.50,446.20,36.80,100.40,1.0000,-1,-1,-1
458,90,1052.50,440.70,39.00,111.90,1.0000,-1,-1,-1
458,91,1381.50,425.50,138.70,352.40,1.0000,-1,-1,-1
459,4,1167.50,408.60,283.60,672.40,1.0000,-1,-1,-1
459,65,826.40,411.50,83.40,301.00,1.0000,-1,-1,-1
459,70,665.40,439.20,122.10,316.80,1.0000,-1,-1,-1
459,76,383.60,463.50,55.10,127.90,1.0000,-1,-1,-1
459,77,914.20,483.30,95.50,110.10,1.0000,-1,-1,-1
459,80,341.60,385.20,379.00,695.80,1.0000,-1,-1,-1
459,89,994.40,445.60,37.50,102.00,1.0000,-1,-1,-1
459,90,1052.50,440.30,39.40,113.20,1.0000,-1,-1,-1
459,91,1387.90,425.40,146.70,351.60,1.0000,-1,-1,-1
460,4,1173.60,385.80,277.60,695.20,1.0000,-1,-1,-1
460,65,830.80,410.10,80.10,304.80,1.0000,-1,-1,-1
460,70,654.80,438.40,136.10,302.50,1.0000,-1,-1,-1
460,77,912.20,483.70,98.40,109.80,1.0000,-1,-1,-1
460,80,312.80,380.20,374.70,700.80,1.0000,-1,-1,-1
460,89,996.60,445.50,37.50,102.80,1.0000,-1,-1,-1
460,90,1050.50,440.50,38.50,110.70,1.0000,-1,-1,-1
460,91,1395.50,424.80,156.70,357.70,1.0000,-1,-1,-1
461,4,1173.20,388.70,294.60,692.30,1.0000,-1,-1,-1
461,65,825.80,408.20,90.40,302.40,1.0000,-1,-1,-1
461,70,665.10,434.50,133.30,306.80,1.0000,-1,-1,-1
461,77,911.60,484.60,98.90,109.30,1.0000,-1,-1,-1
461,80,281.40,370.90,396.90,710.10,1.0000,-1,-1,-1
461,89,996.00,446.00,36.60,102.70,1.0000,-1,-1,-1
461,90,1052.00,439.50,37.60,112.70,1.0000,-1,-1,-1
461,91,1396.90,430.90,165.40,362.90,1.0000,-1,-1,-1
462,4,1167.30,405.70,309.80,675.30,1.0000,-1,-1,-1
462,65,827.40,406.50,90.10,305.00,1.0000,-1,-1,-1
462,70,677.50,434.90,120.20,304.90,1.0000,-1,-1,-1
462,72,569.50,421.80,88.60,345.60,1.0000,-1,-1,-1
462,77,913.30,484.20,97.80,109.10,1.0000,-1,-1,-1
462,80,251.70,369.50,386.30,711.50,1.0000,-1,-1,-1
462,89,995.60,445.30,37.10,103.00,1.0000,-1,-1,-1
462,90,1051.20,440.90,37.70,109.60,1.0000,-1,-1,-1
462,91,1398.60,431.70,170.70,360.00,1.0000,-1,-1,-1
463,4,1198.60,405.50,267.90,675.50,1.0000,-1,-1,-1
463,65,830.90,403.60,88.10,305.30,1.0000,-1,-1,-1
463,70,682.20,440.60,117.20,294.40,1.0000,-1,-1,-1
463,72,573.20,425.30,91.40,288.00,1.0000,-1,-1,-1
463,77,911.50,484.00,100.20,109.20,1.0000,-1,-1,-1
463,80,237.60,341.50,371.40,739.50,1.0000,-1,-1,-1
463,89,995.70,446.60,36.40,100.80,1.0000,-1,-1,-1
463,90,1051.80,441.70,38.40,108.10,1.0000,-1,-1,-1
463,91,1405.70,428.40,165.00,367.30,1.0000,-1,-1,-1
464,4,1215.70,400.10,248.50,680.90,1.0000,-1,-1,-1
464,65,831.60,404.00,88.40,304.70,1.0000,-1,-1,-1
464,70,690.00,437.50,111.50,301.50,1.0000,-1,-1,-1
464,72,554.60,427.90,120.70,290.10,1.0000,-1,-1,-1
464,77,911.20,484.50,99.50,108.80,1.0000,-1,-1,-1
464,80,203.00,353.00,375.40,728.00,1.0000,-1,-1,-1
464,88,1131.60,419.80,143.90,552.90,1.0000,-1,-1,-1
464,89,996.30,445.60,36.30,99.90,1.0000,-1,-1,-1
464,90,1050.10,438.60,38.50,110.80,1.0000,-1,-1,-1
464,91,1410.40,419.40,165.10,382.40,1.0000,-1,-1,-1
464,93,1081.60,483.90,47.20,115.80,1.0000,-1,-1,-1
465,4,1219.40,396.80,248.20,684.20,1.0000,-1,-1,-1
465,65,831.10,408.60,89.60,300.20,1.0000,-1,-1,-1
465,70,703.30,441.20,98.70,300.10,1.0000,-1,-1,-1
465,72,554.40,429.90,118.50,284.10,1.0000,-1,-1,-1
465,77,911.20,484.80,98.80,108.50,1.0000,-1,-1,-1
465,80,167.90,355.60,389.20,725.40,1.0000,-1,-1,-1
465,88,1131.00,418.40,154.60,562.20,1.0000,-1,-1,-1
465,89,996.10,445.60,37.60,101.40,1.0000,-1,-1,-1
465,90,1048.70,438.00,40.00,109.80,1.0000,-1,-1,-1
465,91,1418.90,419.20,160.40,383.40,1.0000,-1,-1,-1
465,93,1082.10,484.20,44.30,112.90,1.0000,-1,-1,-1
466,4,1237.90,392.20,234.60,688.60,1.0000,-1,-1,-1
466,65,830.90,402.40,90.00,309.40,1.0000,-1,-1,-1
466,70,716.10,437.50,89.40,298.40,1.0000,-1,-1,-1
466,72,562.40,429.30,111.10,284.50,1.0000,-1,-1,-1
466,77,909.80,483.20,101.20,109.70,1.0000,-1,-1,-1
466,80,137.20,363.50,397.30,717.50,1.0000,-1,-1,-1
466,87,468.50,458.10,28.10,72.30,1.0000,-1,-1,-1
466,88,1129.80,421.00,150.60,562.30,1.0000,-1,-1,-1
466,89,995.20,445.20,37.20,100.50,1.0000,-1,-1,-1
466,90,1047.90,438.60,40.40,110.60,1.0000,-1,-1,-1
466,91,1421.60,423.40,161.40,373.60,1.0000,-1,-1,-1
466,93,1083.90,484.70,45.70,113.50,1.0000,-1,-1,-1
467,4,1250.00,397.30,222.20,683.70,1.0000,-1,-1,-1
467,65,833.60,404.80,86.80,312.00,1.0000,-1,-1,-1
467,70,724.10,438.60,89.70,296.90,1.0000,-1,-1,-1
467,72,576.80,424.60,98.90,291.50,1.0000,-1,-1,-1
467,77,911.10,483.80,100.30,109.20,1.0000,-1,-1,-1
467,80,87.70,376.60,424.90,704.40,1.0000,-1,-1,-1
467,88,1130.20,422.20,149.80,570.10,1.0000,-1,-1,-1
467,89,994.70,446.50,37.90,98.60,1.0000,-1,-1,-1
467,90,1047.90,438.90,39.70,108.20,1.0000,-1,-1,-1
467,91,1430.70,418.00,153.60,384.40,1.0000,-1,-1,-1
467,93,1084.50,483.00,44.80,117.10,1.0000,-1,-1,-1
467,94,673.00,472.20,25.60,72.30,1.0000,-1,-1,-1
468,4,1250.90,396.20,226.30,684.80,1.0000,-1,-1,-1
468,65,833.30,407.40,89.20,306.00,1.0000,-1,-1,-1
468,70,725.20,433.30,94.50,305.30,1.0000,-1,-1,-1
468,72,585.30,427.50,91.40,286.70,1.0000,-1,-1,-1
468,77,912.50,482.90,99.20,110.80,1.0000,-1,-1,-1
468,80,60.70,387.20,412.30,693.80,1.0000,-1,-1,-1
468,88,1132.40,422.00,154.50,574.30,1.0000,-1,-1,-1
468,89,994.80,446.50,36.90,97.90,1.0000,-1,-1,-1
468,90,1047.70,441.00,40.10,107.60,1.0000,-1,-1,-1
468,91,1450.70,419.70,132.70,373.50,1.0000,-1,-1,-1
468,93,1084.90,478.10,43.70,121.60,1.0000,-1,-1,-1
468,94,675.80,470.20,27.60,73.90,1.0000,-1,-1,-1
469,4,1278.20,392.00,202.60,689.00,1.0000,-1,-1,-1
469,65,835.10,406.80,86.60,303.50,1.0000,-1,-1,-1
469,70,731.90,434.50,90.50,305.20,1.0000,-1,-1,-1
469,72,595.00,431.20,85.40,280.80,1.0000,-1,-1,-1
469,76,379.60,463.10,42.70,117.80,1.0000,-1,-1,-1
469,77,912.90,482.40,98.60,111.60,1.0000,-1,-1,-1
469,80,25.50,389.80,429.80,691.20,1.0000,-1,-1,-1
469,88,1135.60,418.20,149.80,577.50,1.0000,-1,-1,-1
469,89,994.40,446.20,37.40,98.90,1.0000,-1,-1,-1
469,90,1047.40,439.80,40.80,110.90,1.0000,-1,-1,-1
469,91,1466.30,418.90,121.20,371.60,1.0000,-1,-1,-1
469,93,1083.90,475.30,44.70,122.00,1.0000,-1,-1,-1
470,4,1294.70,392.10,194.80,688.90,1.0000,-1,-1,-1
470,65,837.70,404.40,84.60,303.00,1.0000,-1,-1,-1
470,70,735.10,436.60,96.20,301.20,1.0000,-1,-1,-1
470,72,601.70,431.30,81.50,278.30,1.0000,-1,-1,-1
470,76,380.50,461.90,45.70,116.30,1.0000,-1,-1,-1
470,77,914.50,483.70,96.50,110.60,1.0000,-1,-1,-1
470,80,25.70,387.20,398.10,693.80,1.0000,-1,-1,-1
470,88,1139.20,424.40,147.80,574.50,1.0000,-1,-1,-1
470,89,995.20,446.20,37.30,99.60,1.0000,-1,-1,-1
470,90,1047.90,439.70,39.70,110.10,1.0000,-1,-1,-1
470,91,1476.50,421.20,111.50,379.70,1.0000,-1,-1,-1
470,93,1082.90,472.70,45.20,124.40,1.0000,-1,-1,-1
470,95,563.60,453.70,29.30,79.60,1.0000,-1,-1,-1
471,4,1300.50,396.60,201.30,677.70,1.0000,-1,-1,-1
471,65,836.20,407.50,86.40,300.20,1.0000,-1,-1,-1
471,70,741.00,438.90,96.90,300.30,1.0000,-1,-1,-1
471,72,604.30,429.80,81.80,280.60,1.0000,-1,-1,-1
471,76,381.70,460.60,42.50,114.10,1.0000,-1,-1,-1
471,77,915.90,484.10,94.40,110.50,1.0000,-1,-1,-1
471,80,8.60,368.40,384.80,712.60,1.0000,-1,-1,-1
471,88,1143.90,422.20,149.60,569.00,1.0000,-1,-1,-1
471,89,994.10,447.10,37.40,97.90,1.0000,-1,-1,-1
471,90,1047.40,440.30,40.10,111.60,1.0000,-1,-1,-1
471,91,1485.40,421.60,114.50,378.00,1.0000,-1,-1,-1
471,93,1082.70,475.50,44.90,122.20,1.0000,-1,-1,-1
471,95,562.30,456.40,32.90,77.40,1.0000,-1,-1,-1
471,96,713.00,473.50,21.90,67.60,1.0000,-1,-1,-1
472,4,1315.10,390.50,188.10,686.90,1.0000,-1,-1,-1
472,65,834.00,405.30,89.40,304.60,1.0000,-1,-1,-1
472,70,742.70,435.50,99.90,297.00,1.0000,-1,-1,-1
472,72,609.10,429.00,79.80,281.30,1.0000,-1,-1,-1
472,76,379.80,465.00,43.70,104.80,1.0000,-1,-1,-1
472,77,914.80,486.40,96.40,108.30,1.0000,-1,-1,-1
472,80,3.50,373.80,365.60,707.20,1.0000,-1,-1,-1
472,88,1145.20,419.80,148.60,588.50,1.0000,-1,-1,-1
472,89,992.70,446.30,37.80,98.70,1.0000,-1,-1,-1
472,90,1045.10,440.70,40.30,111.80,1.0000,-1,-1,-1
472,91,1490.40,411.40,115.40,387.70,1.0000,-1,-1,-1
472,93,1083.70,474.70,44.70,124.50,1.0000,-1,-1,-1
472,95,563.70,457.30,31.80,76.00,1.0000,-1,-1,-1
472,96,712.70,474.20,21.20,63.40,1.0000,-1,-1,-1
473,4,1314.90,391.10,196.00,689.90,1.0000,-1,-1,-1
473,65,837.00,407.40,86.50,298.50,1.0000,-1,-1,-1
473,70,745.60,440.10,100.50,292.60,1.0000,-1,-1,-1
473,72,613.70,427.70,78.20,284.20,1.0000,-1,-1,-1
473,76,377.10,463.40,44.70,101.40,1.0000,-1,-1,-1
473,77,915.90,487.30,95.40,107.10,1.0000,-1,-1,-1
473,80,1.00,383.30,334.80,697.70,1.0000,-1,-1,-1
473,88,1143.60,421.70,158.20,583.80,1.0000,-1,-1,-1
473,89,992.90,445.90,37.90,99.90,1.0000,-1,-1,-1
473,90,1044.90,441.50,41.10,111.30,1.0000,-1,-1,-1
473,91,1494.40,417.40,118.90,375.50,1.0000,-1,-1,-1
473,93,1083.50,476.60,42.20,121.00,1.0000,-1,-1,-1
473,95,562.20,454.90,33.70,81.40,1.0000,-1,-1,-1
473,96,716.00,469.60,24.80,71.70,1.0000,-1,-1,-1
473,97,1112.70,439.90,40.30,137.70,1.0000,-1,-1,-1
474,4,1327.40,383.50,193.00,697.50,1.0000,-1,-1,-1
474,65,836.70,411.40,86.00,296.70,1.0000,-1,-1,-1
474,70,745.30,439.40,99.90,289.00,1.0000,-1,-1,-1
474,72,617.20,431.50,77.10,278.50,1.0000,-1,-1,-1
474,77,911.00,489.90,100.90,107.90,1.0000,-1,-1,-1
474,80,1.00,420.00,303.90,661.00,1.0000,-1,-1,-1
474,88,1149.70,415.30,156.50,595.60,1.0000,-1,-1,-1
474,89,992.20,447.00,38.10,100.20,1.0000,-1,-1,-1
474,90,1044.60,442.60,40.60,108.70,1.0000,-1,-1,-1
474,91,1502.40,417.60,127.50,386.40,1.0000,-1,-1,-1
474,93,1084.60,470.80,42.40,127.50,1.0000,-1,-1,-1
474,95,562.80,455.50,32.30,78.40,1.0000,-1,-1,-1
474,96,717.00,471.40,20.90,65.60,1.0000,-1,-1,-1
474,97,1111.10,440.20,42.60,140.90,1.0000,-1,-1,-1
475,4,1335.10,387.80,200.00,693.20,1.0000,-1,-1,-1
475,65,838.30,407.70,86.50,302.70,1.0000,-1,-1,-1
475,70,747.80,443.30,100.30,292.70,1.0000,-1,-1,-1
475,72,620.70,437.70,81.30,271.90,1.0000,-1,-1,-1
475,80,1.00,382.20,267.30,698.80,1.0000,-1,-1,-1
475,88,1153.90,418.00,158.30,585.00,1.0000,-1,-1,-1
475,89,991.20,448.30,38.10,98.30,1.0000,-1,-1,-1
475,90,1044.60,439.90,40.00,108.30,1.0000,-1,-1,-1
475,91,1503.80,411.00,143.10,394.00,1.0000,-1,-1,-1
475,93,1085.80,469.90,40.30,127.00,1.0000,-1,-1,-1
475,95,565.30,453.30,32.30,81.10,1.0000,-1,-1,-1
475,96,714.40,470.30,21.60,66.60,1.0000,-1,-1,-1
475,97,1109.50,438.40,44.50,145.80,1.0000,-1,-1,-1
475,98,524.80,458.60,33.20,75.90,1.0000,-1,-1,-1
476,4,1336.60,390.40,211.50,690.60,1.0000,-1,-1,-1
476,65,840.80,409.50,85.70,306.20,1.0000,-1,-1,-1
476,67,910.60,456.00,71.20,219.80,1.0000,-1,-1,-1
476,70,751.50,432.50,103.20,304.50,1.0000,-1,-1,-1
476,72,620.90,436.30,86.30,270.70,1.0000,-1,-1,-1
476,80,1.50,398.50,265.10,682.50,1.0000,-1,-1,-1
476,88,1152.80,419.50,171.10,586.70,1.0000,-1,-1,-1
476,89,992.50,448.90,37.50,97.30,1.0000,-1,-1,-1
476,90,1040.10,439.10,40.10,105.70,1.0000,-1,-1,-1
476,91,1507.20,414.90,162.40,394.00,1.0000,-1,-1,-1
476,93,1085.40,466.50,40.90,131.80,1.0000,-1,-1,-1
476,95,565.50,454.60,33.00,80.10,1.0000,-1,-1,-1
476,96,713.20,467.50,21.90,69.20,1.0000,-1,-1,-1
476,97,1111.30,435.60,43.30,148.40,1.0000,-1,-1,-1
476,98,527.10,458.40,32.50,75.00,1.0000,-1,-1,-1
477,4,1344.30,389.20,217.00,691.80,1.0000,-1,-1,-1
477,65,839.10,415.70,85.60,296.20,1.0000,-1,-1,-1
477,67,915.20,452.80,67.50,228.30,1.0000,-1,-1,-1
477,70,752.00,439.80,103.90,297.40,1.0000,-1,-1,-1
477,72,622.70,438.70,87.10,268.30,1.0000,-1,-1,-1
477,88,1161.80,414.40,161.00,591.20,1.0000,-1,-1,-1
477,89,991.30,447.80,37.00,98.20,1.0000,-1,-1,-1
477,90,1039.20,437.30,41.10,107.10,1.0000,-1,-1,-1
477,91,1506.60,406.60,182.30,417.20,1.0000,-1,-1,-1
477,93,1085.30,469.80,40.70,130.00,1.0000,-1,-1,-1
477,95,564.70,453.70,33.80,81.50,1.0000,-1,-1,-1
477,96,715.60,463.70,22.40,71.30,1.0000,-1,-1,-1
477,97,1112.10,434.90,41.20,149.60,1.0000,-1,-1,-1
477,98,528.90,458.30,30.60,73.80,1.0000,-1,-1,-1
478,4,1345.30,387.60,227.20,693.40,1.0000,-1,-1,-1
478,65,840.40,408.00,83.30,303.20,1.0000,-1,-1,-1
478,67,898.90,443.60,88.70,234.10,1.0000,-1,-1,-1
478,70,753.90,430.70,102.40,305.10,1.0000,-1,-1,-1
478,72,627.50,442.20,86.40,264.60,1.0000,-1,-1,-1
478,88,1163.10,419.20,166.20,582.90,1.0000,-1,-1,-1
478,89,990.90,449.00,34.90,97.00,1.0000,-1,-1,-1
478,90,1039.00,439.20,40.10,107.60,1.0000,-1,-1,-1
478,91,1508.20,403.90,186.00,414.80,1.0000,-1,-1,-1
478,93,1085.90,470.80,39.90,128.00,1.0000,-1,-1,-1
478,95,563.90,454.00,34.30,81.90,1.0000,-1,-1,-1
478,96,708.10,464.10,24.30,78.80,1.0000,-1,-1,-1
478,97,1111.70,436.10,40.40,150.30,1.0000,-1,-1,-1
478,98,526.70,457.70,31.30,76.90,1.0000,-1,-1,-1
479,4,1349.10,395.20,242.10,685.80,1.0000,-1,-1,-1
479,65,842.20,408.20,79.50,308.00,1.0000,-1,-1,-1
479,67,894.40,434.80,99.60,246.00,1.0000,-1,-1,-1
479,70,760.20,440.20,101.80,293.90,1.0000,-1,-1,-1
479,72,630.10,435.90,89.00,275.40,1.0000,-1,-1,-1
479,88,1171.70,416.50,162.50,587.80,1.0000,-1,-1,-1
479,89,991.40,447.80,34.20,98.00,1.0000,-1,-1,-1
479,90,1040.10,438.70,40.10,107.80,1.0000,-1,-1,-1
479,91,1514.20,415.40,188.10,398.90,1.0000,-1,-1,-1
479,93,1084.90,472.10,40.20,127.00,1.0000,-1,-1,-1
479,95,564.00,454.60,34.60,81.70,1.0000,-1,-1,-1
479,97,1113.00,438.00,40.80,146.10,1.0000,-1,-1,-1
479,98,526.50,458.40,30.30,75.10,1.0000,-1,-1,-1
480,4,1350.70,391.00,249.80,690.00,1.0000,-1,-1,-1
480,65,843.80,409.90,80.10,305.10,1.0000,-1,-1,-1
480,67,870.50,435.10,140.00,252.90,1.0000,-1,-1,-1
480,70,771.00,436.40,95.80,299.00,1.0000,-1,-1,-1
480,72,632.70,431.60,85.80,273.30,1.0000,-1,-1,-1
480,88,1175.80,420.80,159.20,589.80,1.0000,-1,-1,-1
480,89,991.60,450.70,32.10,97.80,1.0000,-1,-1,-1
480,90,1038.80,440.50,38.60,107.20,1.0000,-1,-1,-1
480,91,1516.40,420.30,201.40,397.80,1.0000,-1,-1,-1
480,93,1085.90,465.30,39.40,132.90,1.0000,-1,-1,-1
480,95,563.70,454.70,36.20,82.00,1.0000,-1,-1,-1
480,97,1112.70,435.60,40.50,149.70,1.0000,-1,-1,-1
480,98,532.60,460.40,28.00,72.00,1.0000,-1,-1,-1
481,4,1353.40,386.60,262.80,694.40,1.0000,-1,-1,-1
481,67,868.90,435.10,138.50,254.90,1.0000,-1,-1,-1
481,70,775.50,438.10,97.60,290.00,1.0000,-1,-1,-1
481,72,637.10,436.40,83.80,266.50,1.0000,-1,-1,-1
481,88,1180.40,418.10,161.90,584.10,1.0000,-1,-1,-1
481,89,995.50,450.00,29.80,94.50,1.0000,-1,-1,-1
481,90,1041.00,440.20,36.70,108.20,1.0000,-1,-1,-1
481,91,1518.90,410.40,193.40,429.50,1.0000,-1,-1,-1
481,93,1086.10,463.40,39.90,135.90,1.0000,-1,-1,-1
481,95,564.20,455.20,35.70,81.90,1.0000,-1,-1,-1
481,97,1111.40,437.90,40.70,149.90,1.0000,-1,-1,-1
481,98,533.50,459.70,26.70,73.00,1.0000,-1,-1,-1
482,4,1358.60,385.40,268.00,695.60,1.0000,-1,-1,-1
482,65,851.50,411.10,73.60,308.30,1.0000,-1,-1,-1
482,67,875.30,433.00,133.40,257.00,1.0000,-1,-1,-1
482,70,783.80,436.30,94.80,290.50,1.0000,-1,-1,-1
482,72,638.30,435.30,86.40,271.30,1.0000,-1,-1,-1
482,87,463.60,462.60,32.00,73.40,1.0000,-1,-1,-1
482,88,1182.80,419.80,166.30,586.00,1.0000,-1,-1,-1
482,89,997.80,450.40,27.70,91.50,1.0000,-1,-1,-1
482,90,1038.20,441.50,37.70,105.30,1.0000,-1,-1,-1
482,91,1523.20,416.00,202.60,409.60,1.0000,-1,-1,-1
482,93,1086.20,465.70,40.60,132.90,1.0000,-1,-1,-1
482,95,564.90,454.20,34.90,82.10,1.0000,-1,-1,-1
482,97,1114.20,441.10,39.70,145.20,1.0000,-1,-1,-1
482,98,534.90,459.40,26.20,73.10,1.0000,-1,-1,-1
482,100,747.40,446.50,45.20,129.80,1.0000,-1,-1,-1
483,4,1355.20,386.50,279.20,694.50,1.0000,-1,-1,-1
483,65,855.80,418.20,64.40,287.10,1.0000,-1,-1,-1
483,67,880.50,434.70,129.20,253.50,1.0000,-1,-1,-1
483,70,790.80,435.80,99.50,296.60,1.0000,-1,-1,-1
483,72,640.70,436.90,92.90,270.90,1.0000,-1,-1,-1
483,87,467.50,459.90,28.60,77.50,1.0000,-1,-1,-1
483,88,1188.00,419.60,163.20,589.80,1.0000,-1,-1,-1
483,89,1001.60,448.40,27.10,94.20,1.0000,-1,-1,-1
483,90,1036.70,440.00,38.60,106.30,1.0000,-1,-1,-1
483,91,1544.50,410.60,184.50,421.30,1.0000,-1,-1,-1
483,93,1086.00,468.40,39.30,131.60,1.0000,-1,-1,-1
483,95,565.00,454.70,34.90,81.90,1.0000,-1,-1,-1
483,97,1113.20,442.70,40.10,142.70,1.0000,-1,-1,-1
483,98,535.20,459.30,26.50,72.10,1.0000,-1,-1,-1
483,100,744.00,446.60,44.70,131.00,1.0000,-1,-1,-1
484,4,1362.70,383.90,282.90,697.10,1.0000,-1,-1,-1
484,67,881.20,430.90,128.10,256.20,1.0000,-1,-1,-1
484,70,795.20,438.20,101.60,292.10,1.0000,-1,-1,-1
484,72,644.50,433.10,94.90,275.80,1.0000,-1,-1,-1
484,87,463.10,459.90,29.30,79.70,1.0000,-1,-1,-1
484,88,1192.60,418.00,165.30,601.40,1.0000,-1,-1,-1
484,89,999.50,450.80,27.10,94.70,1.0000,-1,-1,-1
484,90,1035.70,440.80,39.10,107.60,1.0000,-1,-1,-1
484,91,1540.00,407.90,204.70,428.40,1.0000,-1,-1,-1
484,93,1086.10,469.60,38.60,131.00,1.0000,-1,-1,-1
484,95,566.90,453.70,34.10,81.40,1.0000,-1,-1,-1
484,97,1111.00,440.40,41.50,145.90,1.0000,-1,-1,-1
484,98,533.40,457.80,28.20,73.40,1.0000,-1,-1,-1
484,100,742.50,445.50,47.30,135.40,1.0000,-1,-1,-1
485,4,1364.50,396.70,285.20,684.30,1.0000,-1,-1,-1
485,67,884.90,432.50,126.50,255.60,1.0000,-1,-1,-1
485,70,800.60,435.90,103.80,294.40,1.0000,-1,-1,-1
485,72,645.30,434.00,101.40,267.80,1.0000,-1,-1,-1
485,87,462.90,460.40,29.00,80.90,1.0000,-1,-1,-1
485,88,1193.10,419.10,167.40,594.00,1.0000,-1,-1,-1
485,90,1036.20,440.10,39.70,108.20,1.0000,-1,-1,-1
485,91,1542.00,407.70,215.80,428.60,1.0000,-1,-1,-1
485,93,1086.80,464.80,37.50,135.00,1.0000,-1,-1,-1
485,95,566.50,453.80,35.10,81.70,1.0000,-1,-1,-1
485,97,1111.90,440.20,39.70,146.00,1.0000,-1,-1,-1
485,98,533.10,456.80,26.80,73.70,1.0000,-1,-1,-1
485,100,742.10,445.00,46.80,135.30,1.0000,-1,-1,-1
486,4,1362.40,399.90,287.20,681.10,1.0000,-1,-1,-1
486,67,890.90,432.10,123.40,253.70,1.0000,-1,-1,-1
486,70,802.30,438.10,108.90,288.80,1.0000,-1,-1,-1
486,72,647.00,433.00,104.90,266.00,1.0000,-1,-1,-1
486,87,463.80,460.20,28.50,80.00,1.0000,-1,-1,-1
486,88,1195.60,425.70,172.40,596.40,1.0000,-1,-1,-1
486,90,1034.10,439.20,39.80,110.80,1.0000,-1,-1,-1
486,91,1567.60,412.00,180.80,421.90,1.0000,-1,-1,-1
486,93,1086.30,460.30,39.10,138.10,1.0000,-1,-1,-1
486,94,625.00,462.10,27.70,77.70,1.0000,-1,-1,-1
486,95,566.20,453.50,36.20,82.70,1.0000,-1,-1,-1
486,97,1111.90,438.40,40.10,149.20,1.0000,-1,-1,-1
486,98,532.10,456.80,27.40,74.80,1.0000,-1,-1,-1
486,100,741.20,443.30,45.30,130.60,1.0000,-1,-1,-1
487,4,1365.90,384.90,281.70,696.10,1.0000,-1,-1,-1
487,67,901.40,431.10,116.50,254.50,1.0000,-1,-1,-1
487,70,805.50,438.90,114.70,292.70,1.0000,-1,-1,-1
487,72,647.00,431.50,116.10,275.90,1.0000,-1,-1,-1
487,87,461.10,461.00,28.40,76.50,1.0000,-1,-1,-1
487,88,1198.30,425.00,176.90,574.60,1.0000,-1,-1,-1
487,90,1032.70,439.80,41.00,109.80,1.0000,-1,-1,-1
487,91,1575.90,414.90,179.20,418.20,1.0000,-1,-1,-1
487,93,1087.60,457.50,39.40,141.10,1.0000,-1,-1,-1
487,94,630.30,461.80,27.80,75.00,1.0000,-1,-1,-1
487,95,567.40,453.90,35.00,82.80,1.0000,-1,-1,-1
487,97,1110.70,438.00,39.60,150.40,1.0000,-1,-1,-1
487,98,532.40,456.80,28.10,75.60,1.0000,-1,-1,-1
488,4,1368.20,389.50,287.30,691.50,1.0000,-1,-1,-1
488,67,907.60,433.60,113.60,252.10,1.0000,-1,-1,-1
488,70,805.80,441.00,122.20,289.60,1.0000,-1,-1,-1
488,72,644.80,432.80,121.70,273.30,1.0000,-1,-1,-1
488,87,460.00,461.50,28.80,77.50,1.0000,-1,-1,-1
488,88,1199.60,424.00,190.80,600.60,1.0000,-1,-1,-1
488,90,1031.60,440.50,39.80,112.50,1.0000,-1,-1,-1
488,91,1590.30,411.20,168.70,424.90,1.0000,-1,-1,-1
488,93,1086.40,458.90,39.40,139.50,1.0000,-1,-1,-1
488,94,627.30,460.60,27.20,74.20,1.0000,-1,-1,-1
488,95,568.30,455.40,34.50,81.10,1.0000,-1,-1,-1
488,97,1111.10,437.90,39.30,149.30,1.0000,-1,-1,-1
488,98,532.80,456.80,27.30,76.60,1.0000,-1,-1,-1
489,4,1376.60,392.60,279.40,688.40,1.0000,-1,-1,-1
489,67,921.30,434.90,105.30,241.60,1.0000,-1,-1,-1
489,70,808.30,443.40,125.60,283.80,1.0000,-1,-1,-1
489,72,648.60,433.00,120.50,274.20,1.0000,-1,-1,-1
489,87,461.30,458.50,26.30,80.30,1.0000,-1,-1,-1
489,88,1200.40,428.20,198.70,592.90,1.0000,-1,-1,-1
489,90,1031.90,439.30,41.60,114.50,1.0000,-1,-1,-1
489,91,1598.20,412.00,156.50,426.20,1.0000,-1,-1,-1
489,93,1084.70,455.30,41.60,142.40,1.0000,-1,-1,-1
489,94,629.40,460.90,27.50,70.30,1.0000,-1,-1,-1
489,95,568.00,456.00,34.10,80.60,1.0000,-1,-1,-1
489,97,1112.70,437.20,38.80,150.00,1.0000,-1,-1,-1
489,98,533.60,457.60,27.80,74.50,1.0000,-1,-1,-1
489,102,1183.70,450.00,33.80,90.30,1.0000,-1,-1,-1
490,4,1375.60,391.20,283.10,689.80,1.0000,-1,-1,-1
490,67,934.40,433.50,97.80,246.10,1.0000,-1,-1,-1
490,70,807.40,443.30,135.00,287.80,1.0000,-1,-1,-1
490,72,650.40,435.00,115.90,269.60,1.0000,-1,-1,-1
490,87,462.70,459.80,26.50,80.50,1.0000,-1,-1,-1
490,88,1203.10,424.90,197.50,581.40,1.0000,-1,-1,-1
490,90,1031.00,439.50,41.40,116.00,1.0000,-1,-1,-1
490,91,1607.70,409.50,150.80,435.60,1.0000,-1,-1,-1
490,93,1085.70,458.20,39.90,141.40,1.0000,-1,-1,-1
490,94,631.60,460.70,28.80,76.00,1.0000,-1,-1,-1
490,95,568.80,456.40,34.00,80.90,1.0000,-1,-1,-1
490,97,1112.90,435.90,40.30,155.70,1.0000,-1,-1,-1
490,98,534.50,457.90,27.80,74.30,1.0000,-1,-1,-1
490,102,1182.90,449.70,35.00,89.60,1.0000,-1,-1,-1
491,4,1379.90,393.30,284.50,687.70,1.0000,-1,-1,-1
491,67,937.90,435.50,100.40,234.80,1.0000,-1,-1,-1
491,70,809.20,440.40,136.00,289.70,1.0000,-1,-1,-1
491,72,648.20,434.60,123.90,273.10,1.0000,-1,-1,-1
491,87,463.50,460.20,25.60,80.70,1.0000,-1,-1,-1
491,88,1200.80,430.00,206.70,584.00,1.0000,-1,-1,-1
491,90,1030.50,441.40,39.30,113.10,1.0000,-1,-1,-1
491,91,1613.30,408.30,153.50,434.90,1.0000,-1,-1,-1
491,93,1084.90,451.90,42.20,147.20,1.0000,-1,-1,-1
491,94,632.50,459.90,29.50,78.70,1.0000,-1,-1,-1
491,95,569.20,456.30,34.70,81.10,1.0000,-1,-1,-1
491,97,1112.30,439.80,40.10,150.10,1.0000,-1,-1,-1
491,98,536.10,459.40,28.00,73.20,1.0000,-1,-1,-1
491,102,1182.20,448.80,35.50,89.10,1.0000,-1,-1,-1
491,103,407.60,471.70,43.30,101.50,1.0000,-1,-1,-1
492,4,1386.60,379.10,281.10,701.90,1.0000,-1,-1,-1
492,67,945.00,437.40,99.20,234.80,1.0000,-1,-1,-1
492,70,809.20,437.60,140.90,292.00,1.0000,-1,-1,-1
492,72,651.70,431.40,117.70,273.70,1.0000,-1,-1,-1
492,76,382.60,464.60,55.70,116.10,1.0000,-1,-1,-1
492,87,462.50,460.70,25.60,79.00,1.0000,-1,-1,-1
492,88,1207.80,425.50,209.80,603.80,1.0000,-1,-1,-1
492,90,1034.60,443.30,34.10,121.20,1.0000,-1,-1,-1
492,91,1620.40,408.40,154.50,436.00,1.0000,-1,-1,-1
492,93,1089.30,449.00,41.00,150.30,1.0000,-1,-1,-1
492,94,632.90,455.90,32.00,86.60,1.0000,-1,-1,-1
492,95,568.70,456.00,34.80,81.90,1.0000,-1,-1,-1
492,97,1112.10,439.70,38.90,151.90,1.0000,-1,-1,-1
492,98,537.70,460.10,28.00,72.90,1.0000,-1,-1,-1
492,102,1181.30,448.50,35.80,88.70,1.0000,-1,-1,-1
493,4,1396.20,384.70,269.40,696.30,1.0000,-1,-1,-1
493,67,952.20,434.20,96.60,242.80,1.0000,-1,-1,-1
493,70,813.30,440.10,135.70,289.70,1.0000,-1,-1,-1
493,72,654.30,434.10,117.00,272.90,1.0000,-1,-1,-1
493,76,380.60,463.40,54.20,117.70,1.0000,-1,-1,-1
493,87,460.80,459.70,25.30,81.10,1.0000,-1,-1,-1
493,88,1208.40,429.50,214.80,595.90,1.0000,-1,-1,-1
493,90,1039.00,447.20,32.30,121.40,1.0000,-1,-1,-1
493,91,1632.90,401.10,149.70,458.60,1.0000,-1,-1,-1
493,93,1084.20,450.80,42.80,147.90,1.0000,-1,-1,-1
493,94,632.20,456.50,34.50,86.10,1.0000,-1,-1,-1
493,95,568.20,457.40,35.40,81.10,1.0000,-1,-1,-1
493,97,1113.20,447.60,37.70,141.00,1.0000,-1,-1,-1
493,98,540.00,461.30,27.30,71.50,1.0000,-1,-1,-1
493,102,1180.90,450.70,35.80,84.20,1.0000,-1,-1,-1
494,4,1399.70,376.70,264.30,704.30,1.0000,-1,-1,-1
494,67,955.70,432.50,96.40,252.40,1.0000,-1,-1,-1
494,70,815.30,440.60,137.70,292.30,1.0000,-1,-1,-1
494,72,654.30,437.80,116.30,265.00,1.0000,-1,-1,-1
494,76,382.00,463.50,53.20,115.00,1.0000,-1,-1,-1
494,87,460.40,459.80,25.40,79.20,1.0000,-1,-1,-1
494,88,1214.20,437.70,211.40,571.50,1.0000,-1,-1,-1
494,91,1631.60,403.00,156.60,446.90,1.0000,-1,-1,-1
494,93,1083.90,450.60,45.80,148.60,1.0000,-1,-1,-1
494,94,634.20,454.90,34.50,90.40,1.0000,-1,-1,-1
494,95,568.10,457.50,35.10,81.20,1.0000,-1,-1,-1
494,97,1111.60,449.70,37.90,136.50,1.0000,-1,-1,-1
494,98,538.70,461.10,27.60,71.30,1.0000,-1,-1,-1
494,102,1181.30,450.10,35.20,84.10,1.0000,-1,-1,-1
495,4,1409.80,372.70,272.60,708.30,1.0000,-1,-1,-1
495,67,959.10,431.70,99.30,251.20,1.0000,-1,-1,-1
495,70,818.20,440.10,137.40,293.20,1.0000,-1,-1,-1
495,72,658.10,437.50,118.30,270.90,1.0000,-1,-1,-1
495,76,382.50,462.90,51.90,115.40,1.0000,-1,-1,-1
495,87,461.00,459.00,26.00,78.30,1.0000,-1,-1,-1
495,88,1214.60,435.60,225.10,579.80,1.0000,-1,-1,-1
495,91,1641.60,415.80,155.80,424.70,1.0000,-1,-1,-1
495,93,1082.90,448.80,48.50,149.80,1.0000,-1,-1,-1
495,94,635.00,454.50,33.60,93.50,1.0000,-1,-1,-1
495,95,568.40,456.30,34.10,82.80,1.0000,-1,-1,-1
495,97,1117.30,447.30,36.00,117.80,1.0000,-1,-1,-1
495,98,537.50,460.30,27.80,72.40,1.0000,-1,-1,-1
495,102,1179.10,449.80,36.30,84.30,1.0000,-1,-1,-1
496,4,1419.10,373.20,269.10,707.80,1.0000,-1,-1,-1
496,67,963.30,432.90,102.80,250.20,1.0000,-1,-1,-1
496,70,823.30,436.60,138.40,299.30,1.0000,-1,-1,-1
496,72,660.70,434.80,112.70,270.60,1.0000,-1,-1,-1
496,76,382.60,462.90,53.10,116.30,1.0000,-1,-1,-1
496,87,461.60,459.40,25.60,78.30,1.0000,-1,-1,-1
496,88,1216.20,431.40,220.30,581.70,1.0000,-1,-1,-1
496,91,1644.20,415.50,164.70,433.80,1.0000,-1,-1,-1
496,93,1082.40,448.80,52.20,149.50,1.0000,-1,-1,-1
496,94,636.90,455.20,33.40,91.70,1.0000,-1,-1,-1
496,95,569.20,455.40,33.80,82.90,1.0000,-1,-1,-1
496,98,538.50,460.50,27.50,71.80,1.0000,-1,-1,-1
496,102,1177.50,449.00,36.50,84.80,1.0000,-1,-1,-1
497,4,1429.20,378.20,261.70,702.80,1.0000,-1,-1,-1
497,67,967.80,428.00,105.50,253.70,1.0000,-1,-1,-1
497,70,830.00,442.00,135.60,292.10,1.0000,-1,-1,-1
497,72,670.20,438.50,103.80,264.70,1.0000,-1,-1,-1
497,76,381.90,462.10,53.50,120.00,1.0000,-1,-1,-1
497,87,460.00,459.00,25.10,78.00,1.0000,-1,-1,-1
497,88,1219.60,417.70,216.30,602.80,1.0000,-1,-1,-1
497,91,1653.10,407.40,166.70,450.00,1.0000,-1,-1,-1
497,93,1080.90,445.30,55.90,153.00,1.0000,-1,-1,-1
497,94,634.30,454.20,33.60,90.70,1.0000,-1,-1,-1
497,95,569.00,455.70,33.90,83.50,1.0000,-1,-1,-1
497,98,538.90,460.60,27.80,72.80,1.0000,-1,-1,-1
497,102,1177.80,450.50,36.90,83.10,1.0000,-1,-1,-1
498,4,1444.60,370.20,249.00,710.80,1.0000,-1,-1,-1
498,67,966.60,429.90,112.30,252.40,1.0000,-1,-1,-1
498,70,836.80,440.30,133.70,290.50,1.0000,-1,-1,-1
498,72,675.60,431.50,99.80,276.90,1.0000,-1,-1,-1
498,76,381.40,462.30,54.00,119.60,1.0000,-1,-1,-1
498,87,460.40,459.40,25.40,76.50,1.0000,-1,-1,-1
498,88,1217.60,428.00,228.40,592.30,1.0000,-1,-1,-1
498,91,1658.60,401.60,184.10,467.30,1.0000,-1,-1,-1
498,93,1081.80,449.30,54.50,152.70,1.0000,-1,-1,-1
498,94,635.10,454.30,33.10,90.00,1.0000,-1,-1,-1
498,95,570.30,455.80,33.40,83.30,1.0000,-1,-1,-1
498,98,536.90,459.60,28.80,75.30,1.0000,-1,-1,-1
498,102,1178.00,448.60,37.10,86.10,1.0000,-1,-1,-1
498,104,798.10,478.00,56.80,58.20,1.0000,-1,-1,-1
499,4,1452.50,377.40,252.00,703.60,1.0000,-1,-1,-1
499,67,967.00,434.50,115.20,246.70,1.0000,-1,-1,-1
499,70,845.30,437.40,128.40,292.80,1.0000,-1,-1,-1
499,72,682.50,432.90,94.10,274.10,1.0000,-1,-1,-1
499,76,381.50,463.40,53.40,117.80,1.0000,-1,-1,-1
499,87,460.50,459.50,25.20,76.20,1.0000,-1,-1,-1
499,88,1221.70,435.70,225.30,579.70,1.0000,-1,-1,-1
499,91,1661.70,415.80,196.00,469.50,1.0000,-1,-1,-1
499,93,1081.30,445.10,56.80,154.90,1.0000,-1,-1,-1
499,94,635.40,454.00,33.40,88.50,1.0000,-1,-1,-1
499,95,570.60,456.00,33.00,82.80,1.0000,-1,-1,-1
499,98,536.40,459.90,29.40,74.80,1.0000,-1,-1,-1
499,102,1177.90,448.60,37.20,87.00,1.0000,-1,-1,-1
499,104,796.90,477.20,57.70,59.60,1.0000,-1,-1,-1
500,4,1467.60,374.60,241.50,706.40,1.0000,-1,-1,-1
500,67,966.50,434.60,116.40,248.60,1.0000,-1,-1,-1
500,70,849.80,433.80,131.00,298.00,1.0000,-1,-1,-1
500,72,689.60,432.30,89.10,276.10,1.0000,-1,-1,-1
500,76,381.50,463.20,53.80,118.00,1.0000,-1,-1,-1
500,87,460.20,459.80,25.90,76.00,1.0000,-1,-1,-1
500,88,1227.00,435.50,221.20,581.80,1.0000,-1,-1,-1
500,91,1675.50,402.90,209.80,483.10,1.0000,-1,-1,-1
500,93,1081.90,444.00,56.50,157.00,1.0000,-1,-1,-1
500,94,635.80,454.30,33.70,90.20,1.0000,-1,-1,-1
500,95,569.90,457.40,32.90,82.00,1.0000,-1,-1,-1
500,98,536.60,460.10,30.40,75.50,1.0000,-1,-1,-1
500,102,1178.40,450.10,35.90,85.20,1.0000,-1,-1,-1
500,104,796.90,476.50,57.40,61.10,1.0000,-1,-1,-1
501,4,1477.50,372.60,239.90,708.40,1.0000,-1,-1,-1
501,67,969.90,438.70,115.50,245.70,1.0000,-1,-1,-1
501,70,857.70,438.20,128.10,291.60,1.0000,-1,-1,-1
501,72,695.60,431.90,86.30,277.40,1.0000,-1,-1,-1
501,76,382.30,463.60,53.20,117.50,1.0000,-1,-1,-1
501,87,460.00,459.40,26.40,76.70,1.0000,-1,-1,-1
501,88,1241.70,411.80,214.50,616.10,1.0000,-1,-1,-1
501,91,1683.20,406.90,215.20,479.90,1.0000,-1,-1,-1
501,93,1083.20,448.40,56.70,151.80,1.0000,-1,-1,-1
501,94,637.90,456.40,34.00,87.50,1.0000,-1,-1,-1
501,95,570.40,457.70,32.10,81.70,1.0000,-1,-1,-1
501,98,537.90,460.80,29.90,74.20,1.0000,-1,-1,-1
501,102,1177.90,449.50,35.80,86.20,1.0000,-1,-1,-1
501,104,796.30,476.90,58.40,60.20,1.0000,-1,-1,-1
502,4,1488.00,374.30,236.30,706.70,1.0000,-1,-1,-1
502,67,975.30,434.90,111.40,246.00,1.0000,-1,-1,-1
502,70,864.60,437.30,127.80,292.80,1.0000,-1,-1,-1
502,72,700.20,434.20,82.20,272.70,1.0000,-1,-1,-1
502,76,383.00,463.70,52.20,116.60,1.0000,-1,-1,-1
502,87,459.90,459.60,26.40,77.70,1.0000,-1,-1,-1
502,88,1260.40,419.60,193.30,606.70,1.0000,-1,-1,-1
502,91,1689.00,408.30,219.70,484.40,1.0000,-1,-1,-1
502,93,1084.50,446.30,57.20,151.90,1.0000,-1,-1,-1
502,94,636.60,456.10,33.30,87.70,1.0000,-1,-1,-1
502,95,571.20,457.50,32.80,82.00,1.0000,-1,-1,-1
502,98,537.10,461.10,30.30,74.20,1.0000,-1,-1,-1
502,102,1178.70,450.10,35.50,84.80,1.0000,-1,-1,-1
502,104,795.10,477.30,57.80,59.70,1.0000,-1,-1,-1
503,4,1504.80,374.20,223.30,706.80,1.0000,-1,-1,-1
503,67,977.70,436.40,106.20,245.70,1.0000,-1,-1,-1
503,70,868.40,437.30,132.00,293.30,1.0000,-1,-1,-1
503,72,705.00,432.40,77.50,270.80,1.0000,-1,-1,-1
503,76,383.00,463.70,51.80,115.90,1.0000,-1,-1,-1
503,87,459.00,460.00,25.80,75.90,1.0000,-1,-1,-1
503,88,1273.80,422.50,185.90,599.70,1.0000,-1,-1,-1
503,91,1692.80,406.70,219.70,488.50,1.0000,-1,-1,-1
503,93,1085.50,449.00,57.40,150.50,1.0000,-1,-1,-1
503,94,636.70,455.80,34.70,87.70,1.0000,-1,-1,-1
503,95,570.50,457.70,32.60,81.10,1.0000,-1,-1,-1
503,96,678.90,464.90,31.90,82.90,1.0000,-1,-1,-1
503,98,537.70,460.70,30.50,75.30,1.0000,-1,-1,-1
503,102,1177.80,449.80,36.10,85.60,1.0000,-1,-1,-1
503,104,795.90,478.20,59.30,59.70,1.0000,-1,-1,-1
504,4,1508.60,380.90,240.70,700.10,1.0000,-1,-1,-1
504,67,987.30,438.80,98.20,240.60,1.0000,-1,-1,-1
504,70,873.70,435.60,131.40,296.50,1.0000,-1,-1,-1
504,72,708.30,433.80,79.10,268.40,1.0000,-1,-1,-1
504,76,383.00,463.10,52.10,116.60,1.0000,-1,-1,-1
504,87,459.90,459.50,25.40,74.70,1.0000,-1,-1,-1
504,88,1282.90,417.90,190.00,607.10,1.0000,-1,-1,-1
504,91,1707.30,417.50,209.80,471.30,1.0000,-1,-1,-1
504,93,1085.00,449.30,61.80,149.50,1.0000,-1,-1,-1
504,94,636.60,455.30,34.90,88.30,1.0000,-1,-1,-1
504,95,571.80,456.00,33.50,83.10,1.0000,-1,-1,-1
504,96,668.20,460.10,27.70,78.10,1.0000,-1,-1,-1
504,98,536.70,460.50,30.70,75.30,1.0000,-1,-1,-1
504,102,1177.50,450.00,36.40,85.50,1.0000,-1,-1,-1
504,104,794.20,478.10,59.50,59.80,1.0000,-1,-1,-1
505,4,1503.90,375.40,258.70,705.60,1.0000,-1,-1,-1
505,67,996.40,447.00,91.10,236.60,1.0000,-1,-1,-1
505,70,885.30,436.20,125.80,292.60,1.0000,-1,-1,-1
505,72,711.00,436.20,81.60,269.60,1.0000,-1,-1,-1
505,76,382.90,463.40,52.00,116.20,1.0000,-1,-1,-1
505,87,459.50,459.50,25.20,75.20,1.0000,-1,-1,-1
505,88,1292.50,418.90,194.20,595.30,1.0000,-1,-1,-1
505,91,1713.70,406.90,207.10,497.40,1.0000,-1,-1,-1
505,93,1092.60,446.60,54.80,147.90,1.0000,-1,-1,-1
505,94,637.10,456.00,35.70,87.80,1.0000,-1,-1,-1
505,95,571.10,457.20,32.60,82.20,1.0000,-1,-1,-1
505,96,669.90,460.80,28.90,79.60,1.0000,-1,-1,-1
505,98,536.60,460.20,30.70,76.20,1.0000,-1,-1,-1
505,102,1177.20,449.70,36.40,87.20,1.0000,-1,-1,-1
505,104,793.80,477.90,59.20,60.20,1.0000,-1,-1,-1
505,105,834.90,473.50,52.50,73.20,1.0000,-1,-1,-1
506,4,1513.70,374.80,261.70,706.20,1.0000,-1,-1,-1
506,67,1004.20,442.10,87.50,240.80,1.0000,-1,-1,-1
506,70,888.70,430.60,130.50,299.20,1.0000,-1,-1,-1
506,72,716.50,432.70,83.10,271.40,1.0000,-1,-1,-1
506,76,382.80,463.50,51.70,116.10,1.0000,-1,-1,-1
506,87,459.20,459.20,25.30,74.50,1.0000,-1,-1,-1
506,88,1306.30,416.30,176.50,613.60,1.0000,-1,-1,-1
506,91,1729.10,417.80,190.90,485.30,1.0000,-1,-1,-1
506,93,1092.80,447.70,54.90,147.90,1.0000,-1,-1,-1
506,94,638.10,456.50,35.10,87.60,1.0000,-1,-1,-1
506,95,572.20,456.60,33.30,83.00,1.0000,-1,-1,-1
506,98,536.80,460.70,30.60,75.70,1.0000,-1,-1,-1
506,102,1177.20,449.10,36.90,88.30,1.0000,-1,-1,-1
506,104,794.30,478.50,61.10,59.20,1.0000,-1,-1,-1
506,105,833.90,471.80,51.90,77.10,1.0000,-1,-1,-1
507,4,1514.70,383.30,273.70,697.70,1.0000,-1,-1,-1
507,67,1010.10,438.80,85.30,243.00,1.0000,-1,-1,-1
507,70,883.30,439.80,145.50,290.80,1.0000,-1,-1,-1
507,72,718.40,434.20,86.70,266.10,1.0000,-1,-1,-1
507,76,382.60,463.20,51.40,116.50,1.0000,-1,-1,-1
507,87,460.20,459.00,25.20,73.30,1.0000,-1,-1,-1
507,88,1311.10,415.90,177.50,609.90,1.0000,-1,-1,-1
507,91,1738.30,403.40,177.00,503.00,1.0000,-1,-1,-1
507,93,1090.30,447.60,57.80,148.30,1.0000,-1,-1,-1
507,94,638.80,456.40,35.60,87.50,1.0000,-1,-1,-1
507,95,572.30,457.30,32.20,82.50,1.0000,-1,-1,-1
507,96,670.50,457.20,28.90,78.20,1.0000,-1,-1,-1
507,98,538.00,462.20,30.30,74.50,1.0000,-1,-1,-1
507,102,1176.90,449.00,36.80,88.10,1.0000,-1,-1,-1
507,104,801.90,478.20,55.00,60.60,1.0000,-1,-1,-1
507,105,835.30,471.70,50.90,77.80,1.0000,-1,-1,-1
508,4,1519.70,387.10,286.20,693.90,1.0000,-1,-1,-1
508,67,1022.80,435.90,75.70,241.90,1.0000,-1,-1,-1
508,70,892.00,437.20,149.50,289.90,1.0000,-1,-1,-1
508,72,717.40,435.60,98.60,261.70,1.0000,-1,-1,-1
508,76,382.10,463.10,52.30,116.90,1.0000,-1,-1,-1
508,87,459.70,459.60,25.20,73.50,1.0000,-1,-1,-1
508,88,1313.90,420.90,193.00,631.20,1.0000,-1,-1,-1
508,91,1746.30,404.10,173.40,515.90,1.0000,-1,-1,-1
508,93,1091.40,451.80,57.30,143.80,1.0000,-1,-1,-1
508,94,637.90,456.10,35.70,88.60,1.0000,-1,-1,-1
508,95,571.80,458.20,33.30,81.70,1.0000,-1,-1,-1
508,96,675.80,457.00,28.30,79.10,1.0000,-1,-1,-1
508,98,538.60,462.10,30.40,75.20,1.0000,-1,-1,-1
508,102,1176.80,449.10,37.50,88.80,1.0000,-1,-1,-1
508,104,802.90,479.70,50.40,59.40,1.0000,-1,-1,-1
508,105,834.40,472.40,51.80,78.00,1.0000,-1,-1,-1
509,4,1524.70,376.20,288.60,704.80,1.0000,-1,-1,-1
509,67,1028.80,436.20,70.60,232.30,1.0000,-1,-1,-1
509,70,895.70,441.90,151.10,284.10,1.0000,-1,-1,-1
509,72,720.20,433.40,103.40,268.10,1.0000,-1,-1,-1
509,76,382.30,463.20,52.90,116.50,1.0000,-1,-1,-1
509,87,460.30,459.60,25.40,73.00,1.0000,-1,-1,-1
509,88,1319.30,412.10,194.70,647.70,1.0000,-1,-1,-1
509,91,1752.80,398.40,168.20,518.60,1.0000,-1,-1,-1
509,93,1095.40,447.00,55.50,149.30,1.0000,-1,-1,-1
509,94,637.50,456.00,34.80,89.10,1.0000,-1,-1,-1
509,95,572.00,457.70,33.50,82.20,1.0000,-1,-1,-1
509,96,675.60,456.60,25.80,81.20,1.0000,-1,-1,-1
509,98,538.80,462.00,29.80,75.60,1.0000,-1,-1,-1
509,102,1177.40,449.50,37.10,87.70,1.0000,-1,-1,-1
509,105,835.30,471.90,50.40,78.10,1.0000,-1,-1,-1
510,4,1521.10,383.80,315.90,697.20,1.0000,-1,-1,-1
510,67,1032.30,439.40,77.10,241.70,1.0000,-1,-1,-1
510,70,901.80,441.30,145.80,285.90,1.0000,-1,-1,-1
510,72,722.20,430.50,108.30,268.50,1.0000,-1,-1,-1
510,76,382.20,463.40,52.60,116.30,1.0000,-1,-1,-1
510,87,462.10,460.40,24.80,72.80,1.0000,-1,-1,-1
510,88,1315.80,430.50,214.20,620.80,1.0000,-1,-1,-1
510,91,1755.20,394.40,165.80,523.10,1.0000,-1,-1,-1
510,93,1097.60,452.10,51.70,139.90,1.0000,-1,-1,-1
510,94,637.60,456.90,34.70,89.30,1.0000,-1,-1,-1
510,95,572.40,456.70,33.90,83.50,1.0000,-1,-1,-1
510,98,539.00,461.50,29.70,75.40,1.0000,-1,-1,-1
510,100,697.00,456.30,39.70,110.20,1.0000,-1,-1,-1
510,102,1178.40,449.30,36.00,86.30,1.0000,-1,-1,-1
510,105,835.60,470.60,51.20,81.70,1.0000,-1,-1,-1
511,4,1528.60,378.90,323.40,702.10,1.0000,-1,-1,-1
511,67,1033.50,439.50,81.00,238.30,1.0000,-1,-1,-1
511,70,902.60,441.90,148.90,288.10,1.0000,-1,-1,-1
511,72,722.50,434.20,111.20,265.60,1.0000,-1,-1,-1
511,76,382.40,462.60,52.00,116.90,1.0000,-1,-1,-1
511,87,460.90,460.20,25.30,72.90,1.0000,-1,-1,-1
511,88,1317.80,412.90,213.90,638.20,1.0000,-1,-1,-1
511,91,1759.40,398.50,161.60,514.40,1.0000,-1,-1,-1
511,93,1097.20,451.30,51.70,146.60,1.0000,-1,-1,-1
511,94,637.80,457.20,34.60,88.20,1.0000,-1,-1,-1
511,95,572.60,457.30,32.30,82.30,1.0000,-1,-1,-1
511,98,539.30,460.80,29.40,76.40,1.0000,-1,-1,-1
511,100,696.40,452.70,42.40,119.80,1.0000,-1,-1,-1
511,102,1178.00,449.50,35.70,86.20,1.0000,-1,-1,-1
511,105,834.10,471.30,53.60,81.90,1.0000,-1,-1,-1
512,4,1534.70,375.10,317.10,705.90,1.0000,-1,-1,-1
512,67,1034.90,437.70,92.00,242.40,1.0000,-1,-1,-1
512,70,905.30,443.10,145.40,286.20,1.0000,-1,-1,-1
512,72,723.20,435.80,111.90,263.80,1.0000,-1,-1,-1
512,76,382.30,463.90,51.80,115.70,1.0000,-1,-1,-1
512,87,460.80,460.40,24.90,72.40,1.0000,-1,-1,-1
512,88,1316.60,418.00,224.00,633.80,1.0000,-1,-1,-1
512,91,1759.90,401.00,161.10,513.20,1.0000,-1,-1,-1
512,94,638.80,455.70,34.90,89.70,1.0000,-1,-1,-1
512,95,572.60,455.60,33.70,83.80,1.0000,-1,-1,-1
512,98,538.30,461.00,29.40,76.20,1.0000,-1,-1,-1
512,100,694.80,449.90,43.00,125.90,1.0000,-1,-1,-1
512,102,1177.70,448.20,36.00,89.00,1.0000,-1,-1,-1
512,105,834.10,471.60,53.70,78.50,1.0000,-1,-1,-1
513,4,1540.70,379.80,319.20,701.20,1.0000,-1,-1,-1
513,67,1035.70,437.20,99.10,242.50,1.0000,-1,-1,-1
513,70,907.30,444.00,142.80,285.50,1.0000,-1,-1,-1
513,72,723.10,433.10,115.70,271.00,1.0000,-1,-1,-1
513,76,382.00,463.70,51.90,116.00,1.0000,-1,-1,-1
513,87,460.70,460.50,25.00,72.20,1.0000,-1,-1,-1
513,88,1333.40,408.80,225.70,666.80,1.0000,-1,-1,-1
513,94,640.60,456.10,34.60,88.40,1.0000,-1,-1,-1
513,95,572.30,456.00,33.50,83.30,1.0000,-1,-1,-1
513,98,538.80,461.40,29.30,75.10,1.0000,-1,-1,-1
513,100,693.30,448.80,42.40,128.90,1.0000,-1,-1,-1
513,102,1178.20,448.70,35.90,88.60,1.0000,-1,-1,-1
513,105,835.00,471.60,53.40,78.40,1.0000,-1,-1,-1
514,4,1543.00,379.20,317.60,701.80,1.0000,-1,-1,-1
514,67,1042.90,441.40,97.30,238.60,1.0000,-1,-1,-1
514,70,905.40,443.60,147.60,283.40,1.0000,-1,-1,-1
514,72,725.00,437.40,118.10,265.80,1.0000,-1,-1,-1
514,76,381.50,463.30,51.70,116.70,1.0000,-1,-1,-1
514,87,459.30,460.10,25.60,73.60,1.0000,-1,-1,-1
514,88,1332.30,427.10,238.90,650.70,1.0000,-1,-1,-1
514,94,641.50,455.60,34.60,89.90,1.0000,-1,-1,-1
514,95,572.30,455.30,33.20,84.10,1.0000,-1,-1,-1
514,98,539.30,460.90,28.90,75.60,1.0000,-1,-1,-1
514,100,691.70,446.60,43.50,130.70,1.0000,-1,-1,-1
514,102,1178.50,448.30,35.90,88.70,1.0000,-1,-1,-1
514,105,837.50,469.60,51.10,81.10,1.0000,-1,-1,-1
515,4,1546.90,376.50,323.30,704.50,1.0000,-1,-1,-1
515,67,1042.50,442.60,102.80,238.70,1.0000,-1,-1,-1
515,70,913.20,444.80,143.10,280.00,1.0000,-1,-1,-1
515,72,726.60,434.50,115.60,267.40,1.0000,-1,-1,-1
515,76,382.60,463.80,51.00,115.70,1.0000,-1,-1,-1
515,87,458.60,460.10,26.10,73.70,1.0000,-1,-1,-1
515,88,1328.70,424.20,244.00,646.50,1.0000,-1,-1,-1
515,91,1787.30,373.00,133.70,549.80,1.0000,-1,-1,-1
515,94,641.80,454.60,34.30,92.70,1.0000,-1,-1,-1
515,95,572.20,455.50,32.70,84.30,1.0000,-1,-1,-1
515,98,539.00,461.80,29.30,74.50,1.0000,-1,-1,-1
515,100,689.20,448.30,42.90,127.90,1.0000,-1,-1,-1
515,102,1178.50,448.10,36.20,89.10,1.0000,-1,-1,-1
515,105,836.40,472.20,54.10,78.90,1.0000,-1,-1,-1
515,110,413.00,471.40,48.30,96.70,1.0000,-1,-1,-1
516,4,1553.00,378.90,314.10,702.10,1.0000,-1,-1,-1
516,67,1044.60,436.80,104.50,244.90,1.0000,-1,-1,-1
516,70,915.90,441.60,140.70,282.80,1.0000,-1,-1,-1
516,72,731.80,436.40,113.20,263.90,1.0000,-1,-1,-1
516,76,382.50,463.70,51.50,116.30,1.0000,-1,-1,-1
516,87,458.20,460.20,26.20,73.90,1.0000,-1,-1,-1
516,88,1332.70,424.60,243.60,646.70,1.0000,-1,-1,-1
516,94,643.30,453.50,34.50,95.60,1.0000,-1,-1,-1
516,95,572.30,456.80,32.00,83.00,1.0000,-1,-1,-1
516,98,539.80,461.80,28.90,74.30,1.0000,-1,-1,-1
516,100,688.50,447.80,43.50,128.40,1.0000,-1,-1,-1
516,102,1178.70,448.20,36.10,88.30,1.0000,-1,-1,-1
516,105,837.50,472.50,53.50,78.10,1.0000,-1,-1,-1
516,110,410.60,470.40,49.10,98.70,1.0000,-1,-1,-1
517,4,1556.70,370.30,307.60,710.70,1.0000,-1,-1,-1
517,67,1048.50,436.30,101.70,243.90,1.0000,-1,-1,-1
517,70,916.00,442.80,142.50,282.00,1.0000,-1,-1,-1
517,72,738.70,437.90,107.20,259.80,1.0000,-1,-1,-1
517,76,382.80,463.70,51.10,115.90,1.0000,-1,-1,-1
517,87,459.40,460.20,25.80,73.90,1.0000,-1,-1,-1
517,88,1330.70,427.20,247.20,644.00,1.0000,-1,-1,-1
517,94,643.90,453.70,33.30,96.60,1.0000,-1,-1,-1
517,95,572.50,458.00,32.70,81.80,1.0000,-1,-1,-1
517,98,539.90,462.10,29.10,74.90,1.0000,-1,-1,-1
517,100,689.50,448.50,39.90,124.90,1.0000,-1,-1,-1
517,102,1179.30,447.90,35.30,86.50,1.0000,-1,-1,-1
517,105,835.90,473.40,53.60,75.50,1.0000,-1,-1,-1
517,110,412.10,471.50,48.50,97.60,1.0000,-1,-1,-1
518,4,1560.30,376.50,296.70,704.50,1.0000,-1,-1,-1
518,67,1045.80,443.10,103.30,238.90,1.0000,-1,-1,-1
518,70,918.40,439.90,141.20,288.80,1.0000,-1,-1,-1
518,72,741.50,433.80,106.60,263.00,1.0000,-1,-1,-1
518,76,382.90,463.80,51.10,115.90,1.0000,-1,-1,-1
518,87,456.50,460.50,26.60,74.60,1.0000,-1,-1,-1
518,88,1323.20,440.80,253.20,613.40,1.0000,-1,-1,-1
518,94,645.40,452.90,33.20,98.30,1.0000,-1,-1,-1
518,95,572.70,458.10,32.90,82.10,1.0000,-1,-1,-1
518,98,540.50,462.30,29.10,74.90,1.0000,-1,-1,-1
518,100,688.30,451.30,40.00,121.40,1.0000,-1,-1,-1
518,102,1179.10,448.10,36.10,87.50,1.0000,-1,-1,-1
518,105,835.50,472.40,52.80,79.20,1.0000,-1,-1,-1
518,110,413.10,471.10,42.50,100.00,1.0000,-1,-1,-1
519,4,1561.30,372.80,307.10,708.20,1.0000,-1,-1,-1
519,67,1051.40,441.80,100.70,237.00,1.0000,-1,-1,-1
519,70,925.50,439.50,136.70,288.10,1.0000,-1,-1,-1
519,72,749.50,434.50,96.70,263.40,1.0000,-1,-1,-1
519,76,382.90,463.90,50.70,115.60,1.0000,-1,-1,-1
519,87,456.20,460.00,26.80,75.60,1.0000,-1,-1,-1
519,88,1323.30,430.90,261.60,616.60,1.0000,-1,-1,-1
519,94,647.10,453.30,31.60,97.10,1.0000,-1,-1,-1
519,95,572.20,459.20,32.80,81.20,1.0000,-1,-1,-1
519,98,540.40,462.80,28.90,73.90,1.0000,-1,-1,-1
519,100,688.10,452.30,39.70,122.70,1.0000,-1,-1,-1
519,102,1178.70,447.90,36.50,88.40,1.0000,-1,-1,-1
519,105,835.70,471.90,52.70,79.30,1.0000,-1,-1,-1
519,110,413.10,471.50,47.50,97.60,1.0000,-1,-1,-1
520,4,1566.50,375.70,302.30,705.30,1.0000,-1,-1,-1
520,67,1050.10,442.10,102.30,234.90,1.0000,-1,-1,-1
520,70,927.60,443.20,139.30,284.90,1.0000,-1,-1,-1
520,72,751.80,434.30,95.70,261.70,1.0000,-1,-1,-1
520,76,382.40,462.80,50.50,116.20,1.0000,-1,-1,-1
520,87,448.90,462.90,29.40,78.20,1.0000,-1,-1,-1
520,88,1330.80,432.70,259.20,623.50,1.0000,-1,-1,-1
520,94,647.30,452.50,29.70,99.60,1.0000,-1,-1,-1
520,95,572.20,459.00,33.80,81.40,1.0000,-1,-1,-1
520,98,540.50,462.90,29.80,74.30,1.0000,-1,-1,-1
520,100,685.10,451.20,40.60,122.70,1.0000,-1,-1,-1
520,102,1179.70,449.30,34.80,86.00,1.0000,-1,-1,-1
520,105,835.50,472.60,53.50,75.50,1.0000,-1,-1,-1
520,110,415.80,471.00,46.00,97.50,1.0000,-1,-1,-1
521,4,1567.40,375.70,305.10,705.30,1.0000,-1,-1,-1
521,67,1050.80,442.30,102.30,235.50,1.0000,-1,-1,-1
521,70,941.50,443.60,123.10,282.60,1.0000,-1,-1,-1
521,72,759.40,433.10,92.60,262.90,1.0000,-1,-1,-1
521,76,382.40,462.20,49.90,116.80,1.0000,-1,-1,-1
521,87,447.20,462.70,30.70,79.00,1.0000,-1,-1,-1
521,88,1335.10,419.70,256.40,645.20,1.0000,-1,-1,-1
521,94,647.60,452.70,32.70,98.40,1.0000,-1,-1,-1
521,95,571.90,458.90,33.20,81.40,1.0000,-1,-1,-1
521,98,541.90,463.40,29.40,73.80,1.0000,-1,-1,-1
521,100,683.20,451.20,40.60,123.70,1.0000,-1,-1,-1
521,102,1180.10,449.20,34.60,86.10,1.0000,-1,-1,-1
521,105,835.30,472.80,55.90,77.60,1.0000,-1,-1,-1
521,110,417.80,470.60,45.00,97.10,1.0000,-1,-1,-1
522,4,1573.50,377.50,308.40,703.50,1.0000,-1,-1,-1
522,67,1051.40,441.30,105.30,234.20,1.0000,-1,-1,-1
522,70,952.00,447.90,112.70,279.60,1.0000,-1,-1,-1
522,72,767.80,431.90,85.20,263.30,1.0000,-1,-1,-1
522,76,382.00,462.50,50.10,116.20,1.0000,-1,-1,-1
522,87,447.80,462.30,30.20,78.60,1.0000,-1,-1,-1
522,88,1341.20,425.40,255.10,644.60,1.0000,-1,-1,-1
522,94,648.20,452.80,30.00,99.50,1.0000,-1,-1,-1
522,95,572.00,459.00,32.80,81.30,1.0000,-1,-1,-1
522,98,542.30,463.60,28.90,73.50,1.0000,-1,-1,-1
522,100,682.00,451.40,40.90,123.60,1.0000,-1,-1,-1
522,102,1179.60,448.80,35.60,86.50,1.0000,-1,-1,-1
522,105,836.80,474.40,58.80,88.20,1.0000,-1,-1,-1
522,110,416.60,471.10,45.60,96.90,1.0000,-1,-1,-1
522,111,720.80,449.90,29.70,89.90,1.0000,-1,-1,-1
522,112,881.30,409.60,93.10,297.30,1.0000,-1,-1,-1
523,4,1574.10,379.70,309.30,701.30,1.0000,-1,-1,-1
523,67,1056.00,441.50,105.90,236.50,1.0000,-1,-1,-1
523,70,959.40,446.90,109.10,281.90,1.0000,-1,-1,-1
523,72,777.40,433.70,80.50,262.40,1.0000,-1,-1,-1
523,76,382.00,462.20,49.10,116.30,1.0000,-1,-1,-1
523,87,438.60,464.50,33.30,86.80,1.0000,-1,-1,-1
523,88,1358.70,423.30,240.40,647.00,1.0000,-1,-1,-1
523,94,650.30,453.60,28.70,95.40,1.0000,-1,-1,-1
523,95,572.60,458.60,33.70,82.60,1.0000,-1,-1,-1
523,98,543.70,463.10,28.20,74.10,1.0000,-1,-1,-1
523,100,679.20,450.90,43.70,124.30,1.0000,-1,-1,-1
523,102,1179.90,447.80,35.60,89.10,1.0000,-1,-1,-1
523,110,414.60,469.80,44.50,102.60,1.0000,-1,-1,-1
523,111,723.70,449.00,32.00,90.30,1.0000,-1,-1,-1
523,112,881.00,408.70,98.20,295.20,1.0000,-1,-1,-1
524,4,1576.80,380.70,316.20,700.30,1.0000,-1,-1,-1
524,67,1060.40,438.20,103.70,240.00,1.0000,-1,-1,-1
524,70,969.30,444.50,103.60,279.40,1.0000,-1,-1,-1
524,72,782.60,431.80,78.40,264.50,1.0000,-1,-1,-1
524,76,381.60,461.50,49.90,117.20,1.0000,-1,-1,-1
524,88,1365.20,429.70,237.30,633.30,1.0000,-1,-1,-1
524,94,647.70,454.00,32.00,94.10,1.0000,-1,-1,-1
524,95,572.50,457.50,33.70,84.70,1.0000,-1,-1,-1
524,98,544.00,462.30,28.20,75.20,1.0000,-1,-1,-1
524,100,677.00,449.60,45.60,123.90,1.0000,-1,-1,-1
524,102,1180.60,447.50,35.50,87.40,1.0000,-1,-1,-1
524,110,416.30,469.10,44.50,102.10,1.0000,-1,-1,-1
524,111,719.80,447.10,32.70,93.90,1.0000,-1,-1,-1
524,112,890.00,407.00,93.20,302.40,1.0000,-1,-1,-1
524,114,461.60,461.20,27.50,69.70,1.0000,-1,-1,-1
525,4,1583.90,374.50,311.00,706.50,1.0000,-1,-1,-1
525,67,1067.20,437.80,97.10,241.90,1.0000,-1,-1,-1
525,70,973.30,443.80,105.20,278.80,1.0000,-1,-1,-1
525,72,786.10,434.80,83.90,259.60,1.0000,-1,-1,-1
525,76,382.00,461.90,49.50,116.20,1.0000,-1,-1,-1
525,88,1391.40,426.00,216.70,636.90,1.0000,-1,-1,-1
525,94,648.60,455.00,31.00,93.20,1.0000,-1,-1,-1
525,95,572.70,458.00,33.60,84.00,1.0000,-1,-1,-1
525,96,666.60,454.00,27.00,106.30,1.0000,-1,-1,-1
525,98,542.30,461.90,29.30,76.00,1.0000,-1,-1,-1
525,100,676.50,450.30,45.40,122.80,1.0000,-1,-1,-1
525,102,1181.50,447.00,36.30,85.90,1.0000,-1,-1,-1
525,110,416.60,468.10,45.50,103.20,1.0000,-1,-1,-1
525,111,718.50,448.60,32.00,91.80,1.0000,-1,-1,-1
525,112,894.40,412.30,89.80,296.50,1.0000,-1,-1,-1
525,114,459.80,461.20,28.40,70.80,1.0000,-1,-1,-1
526,4,1580.40,369.20,339.10,711.80,1.0000,-1,-1,-1
526,67,1067.00,438.80,102.60,239.20,1.0000,-1,-1,-1
526,70,980.00,442.00,105.60,281.60,1.0000,-1,-1,-1
526,72,790.90,433.30,86.90,264.00,1.0000,-1,-1,-1
526,76,381.90,461.60,49.50,116.70,1.0000,-1,-1,-1
526,88,1394.00,421.50,216.90,639.40,1.0000,-1,-1,-1
526,94,650.20,454.70,31.40,91.40,1.0000,-1,-1,-1
526,95,573.10,456.20,33.50,85.60,1.0000,-1,-1,-1
526,98,542.40,461.10,29.30,76.70,1.0000,-1,-1,-1
526,100,675.60,451.50,45.20,121.00,1.0000,-1,-1,-1
526,102,1178.60,447.10,37.10,90.70,1.0000,-1,-1,-1
526,110,416.50,467.80,45.60,104.00,1.0000,-1,-1,-1
526,111,719.60,448.70,32.30,92.10,1.0000,-1,-1,-1
526,112,895.60,406.90,89.20,305.10,1.0000,-1,-1,-1
526,114,460.30,460.60,28.40,70.60,1.0000,-1,-1,-1
527,4,1595.20,378.40,325.80,702.60,1.0000,-1,-1,-1
527,67,1071.30,437.50,105.50,239.00,1.0000,-1,-1,-1
527,70,985.60,443.80,100.80,278.60,1.0000,-1,-1,-1
527,72,793.70,435.70,94.10,258.90,1.0000,-1,-1,-1
527,76,381.90,461.60,49.50,116.60,1.0000,-1,-1,-1
527,88,1409.20,419.40,206.50,650.70,1.0000,-1,-1,-1
527,94,652.10,452.90,32.00,95.00,1.0000,-1,-1,-1
527,95,573.30,456.10,33.80,85.70,1.0000,-1,-1,-1
527,98,543.10,461.20,29.40,76.50,1.0000,-1,-1,-1
527,100,673.00,453.00,46.50,117.90,1.0000,-1,-1,-1
527,102,1178.90,446.40,36.20,88.70,1.0000,-1,-1,-1
527,110,416.40,467.70,46.00,103.80,1.0000,-1,-1,-1
527,111,717.20,448.70,34.60,93.60,1.0000,-1,-1,-1
527,112,901.00,406.40,84.70,311.20,1.0000,-1,-1,-1
527,114,459.90,460.90,28.50,70.80,1.0000,-1,-1,-1
528,4,1593.20,368.70,327.80,712.30,1.0000,-1,-1,-1
528,67,1072.50,434.30,106.30,243.10,1.0000,-1,-1,-1
528,70,990.50,435.20,101.40,289.50,1.0000,-1,-1,-1
528,72,795.20,435.30,102.80,258.70,1.0000,-1,-1,-1
528,76,381.90,463.00,50.30,115.70,1.0000,-1,-1,-1
528,88,1421.40,413.00,206.80,661.00,1.0000,-1,-1,-1
528,94,647.70,455.20,30.40,91.50,1.0000,-1,-1,-1
528,95,573.60,455.80,34.50,85.60,1.0000,-1,-1,-1
528,98,546.40,461.90,27.40,75.70,1.0000,-1,-1,-1
528,100,673.10,452.90,44.00,118.90,1.0000,-1,-1,-1
528,102,1178.40,446.60,36.40,88.60,1.0000,-1,-1,-1
528,110,416.60,467.90,46.10,102.30,1.0000,-1,-1,-1
528,111,718.10,449.30,33.70,92.80,1.0000,-1,-1,-1
528,112,904.40,406.30,80.40,303.10,1.0000,-1,-1,-1
528,114,455.80,463.30,30.70,72.80,1.0000,-1,-1,-1
529,4,1613.40,366.50,307.60,714.50,1.0000,-1,-1,-1
529,67,1086.70,440.00,93.00,229.10,1.0000,-1,-1,-1
529,70,996.60,439.60,102.20,287.90,1.0000,-1,-1,-1
529,72,795.90,431.60,110.50,265.20,1.0000,-1,-1,-1
529,76,382.50,463.50,49.50,114.80,1.0000,-1,-1,-1
529,88,1435.70,422.30,194.00,636.00,1.0000,-1,-1,-1
529,95,574.20,455.70,34.40,85.90,1.0000,-1,-1,-1
529,98,544.70,461.80,28.10,75.80,1.0000,-1,-1,-1
529,100,671.90,454.70,43.40,117.20,1.0000,-1,-1,-1
529,102,1178.50,448.00,36.30,89.50,1.0000,-1,-1,-1
529,110,416.20,467.80,45.40,103.30,1.0000,-1,-1,-1
529,111,717.60,452.30,32.30,89.90,1.0000,-1,-1,-1
529,112,908.60,405.90,81.60,305.60,1.0000,-1,-1,-1
529,114,458.50,462.20,28.90,71.00,1.0000,-1,-1,-1
530,4,1625.10,344.30,295.90,736.70,1.0000,-1,-1,-1
530,67,1087.80,430.50,98.00,240.70,1.0000,-1,-1,-1
530,70,997.40,436.10,108.30,291.80,1.0000,-1,-1,-1
530,72,797.80,433.90,117.80,264.00,1.0000,-1,-1,-1
530,76,382.00,463.20,49.00,115.40,1.0000,-1,-1,-1
530,88,1437.50,420.50,196.60,656.90,1.0000,-1,-1,-1
530,95,573.70,454.60,34.60,87.30,1.0000,-1,-1,-1
530,98,544.70,461.30,28.70,76.60,1.0000,-1,-1,-1
530,100,669.20,453.80,42.00,117.20,1.0000,-1,-1,-1
530,102,1179.50,449.00,35.60,88.00,1.0000,-1,-1,-1
530,110,415.50,468.00,45.40,103.00,1.0000,-1,-1,-1
530,111,715.40,450.80,33.10,93.60,1.0000,-1,-1,-1
530,112,910.80,401.90,83.00,308.40,1.0000,-1,-1,-1
530,114,461.00,461.90,27.60,68.00,1.0000,-1,-1,-1
531,4,1641.70,362.30,279.30,718.70,1.0000,-1,-1,-1
531,67,1087.90,438.20,99.40,234.90,1.0000,-1,-1,-1
531,70,999.90,441.20,113.70,286.00,1.0000,-1,-1,-1
531,72,796.40,431.60,126.60,260.90,1.0000,-1,-1,-1
531,76,381.80,463.50,50.00,115.00,1.0000,-1,-1,-1
531,88,1446.00,417.60,193.90,663.40,1.0000,-1,-1,-1
531,95,573.40,456.10,33.40,84.90,1.0000,-1,-1,-1
531,98,543.40,461.50,29.10,76.30,1.0000,-1,-1,-1
531,100,668.30,453.20,41.40,117.30,1.0000,-1,-1,-1
531,102,1180.90,445.80,35.90,91.00,1.0000,-1,-1,-1
531,110,414.30,468.30,46.00,103.00,1.0000,-1,-1,-1
531,111,715.70,451.50,33.10,92.50,1.0000,-1,-1,-1
531,112,911.40,409.60,87.80,302.80,1.0000,-1,-1,-1
531,114,463.70,462.60,25.90,65.00,1.0000,-1,-1,-1
532,4,1656.50,378.30,264.50,702.70,1.0000,-1,-1,-1
532,67,1091.20,435.00,92.60,240.30,1.0000,-1,-1,-1
532,70,1000.40,442.30,121.60,283.90,1.0000,-1,-1,-1
532,72,801.70,431.00,122.80,267.20,1.0000,-1,-1,-1
532,76,381.70,463.20,49.70,115.10,1.0000,-1,-1,-1
532,88,1447.00,418.30,204.30,662.70,1.0000,-1,-1,-1
532,95,573.60,455.50,34.30,85.90,1.0000,-1,-1,-1
532,98,543.20,461.70,29.50,76.80,1.0000,-1,-1,-1
532,100,666.20,451.30,42.40,120.10,1.0000,-1,-1,-1
532,102,1179.70,446.70,35.80,90.80,1.0000,-1,-1,-1
532,110,414.50,468.30,45.70,102.90,1.0000,-1,-1,-1
532,111,715.30,452.60,33.70,91.10,1.0000,-1,-1,-1
532,112,915.30,412.00,88.80,302.10,1.0000,-1,-1,-1
532,114,462.00,462.80,26.80,65.70,1.0000,-1,-1,-1
533,4,1662.00,375.20,259.00,705.80,1.0000,-1,-1,-1
533,67,1093.80,435.40,94.00,237.10,1.0000,-1,-1,-1
533,70,1001.90,441.60,121.00,282.00,1.0000,-1,-1,-1
533,72,804.80,434.20,120.00,260.20,1.0000,-1,-1,-1
533,76,381.30,462.60,50.10,115.80,1.0000,-1,-1,-1
533,88,1449.50,418.60,212.70,662.40,1.0000,-1,-1,-1
533,95,574.20,454.90,34.40,86.40,1.0000,-1,-1,-1
533,98,543.70,462.00,29.40,77.00,1.0000,-1,-1,-1
533,100,665.20,450.20,42.00,121.60,1.0000,-1,-1,-1
533,102,1178.40,447.60,35.90,87.10,1.0000,-1,-1,-1
533,110,414.70,468.50,45.20,102.90,1.0000,-1,-1,-1
533,111,716.50,452.80,33.00,94.20,1.0000,-1,-1,-1
533,112,918.40,412.20,90.60,302.10,1.0000,-1,-1,-1
533,114,461.90,462.40,26.60,66.10,1.0000,-1,-1,-1
534,4,1681.90,367.10,239.10,713.90,1.0000,-1,-1,-1
534,67,1095.40,435.60,90.20,235.00,1.0000,-1,-1,-1
534,70,1009.70,441.20,119.70,285.20,1.0000,-1,-1,-1
534,72,803.20,437.60,126.20,254.60,1.0000,-1,-1,-1
534,76,381.30,462.80,50.50,116.00,1.0000,-1,-1,-1
534,88,1453.30,427.50,214.80,652.70,1.0000,-1,-1,-1
534,95,574.90,454.60,35.60,86.50,1.0000,-1,-1,-1
534,98,543.70,461.40,30.00,77.20,1.0000,-1,-1,-1
534,100,664.60,451.10,41.20,119.40,1.0000,-1,-1,-1
534,102,1177.10,445.00,37.00,88.40,1.0000,-1,-1,-1
534,110,415.10,467.70,46.00,103.10,1.0000,-1,-1,-1
534,111,717.90,452.90,32.10,93.70,1.0000,-1,-1,-1
534,112,920.10,415.60,98.10,298.50,1.0000,-1,-1,-1
534,114,460.10,462.10,27.90,68.80,1.0000,-1,-1,-1
535,4,1695.50,368.10,225.50,712.90,1.0000,-1,-1,-1
535,67,1099.60,438.40,85.80,238.20,1.0000,-1,-1,-1
535,70,1014.20,446.60,115.00,274.30,1.0000,-1,-1,-1
535,72,806.10,428.10,123.10,266.20,1.0000,-1,-1,-1
535,76,381.30,462.70,50.60,115.80,1.0000,-1,-1,-1
535,88,1458.80,421.20,214.40,659.80,1.0000,-1,-1,-1
535,95,574.70,455.20,36.00,85.70,1.0000,-1,-1,-1
535,98,544.70,462.00,28.70,76.20,1.0000,-1,-1,-1
535,100,662.60,450.60,42.10,119.90,1.0000,-1,-1,-1
535,102,1173.10,443.00,40.00,98.20,1.0000,-1,-1,-1
535,110,414.50,467.20,46.50,103.70,1.0000,-1,-1,-1
535,111,717.30,452.70,31.60,94.00,1.0000,-1,-1,-1
535,112,916.50,410.60,104.60,301.30,1.0000,-1,-1,-1
535,114,459.10,461.50,28.60,70.80,1.0000,-1,-1,-1
536,4,1708.40,370.50,212.60,710.50,1.0000,-1,-1,-1
536,67,1101.20,444.30,86.80,230.90,1.0000,-1,-1,-1
536,70,1015.00,444.80,118.20,278.40,1.0000,-1,-1,-1
536,72,807.10,438.00,124.50,255.00,1.0000,-1,-1,-1
536,76,380.90,462.90,49.90,115.20,1.0000,-1,-1,-1
536,88,1459.60,420.10,222.60,660.90,1.0000,-1,-1,-1
536,95,574.90,454.90,36.10,85.70,1.0000,-1,-1,-1
536,98,544.10,461.20,28.50,77.00,1.0000,-1,-1,-1
536,100,661.60,450.20,42.40,119.60,1.0000,-1,-1,-1
536,102,1173.80,449.30,38.00,86.50,1.0000,-1,-1,-1
536,110,414.80,467.70,46.70,103.70,1.0000,-1,-1,-1
536,111,716.90,451.80,32.10,94.30,1.0000,-1,-1,-1
536,112,916.90,407.80,113.70,307.30,1.0000,-1,-1,-1
536,114,457.10,462.10,29.30,72.00,1.0000,-1,-1,-1
537,4,1729.20,385.30,191.80,695.70,1.0000,-1,-1,-1
537,67,1104.20,443.70,85.20,228.40,1.0000,-1,-1,-1
537,70,1020.00,444.70,114.60,278.30,1.0000,-1,-1,-1
537,72,808.70,431.60,122.00,259.90,1.0000,-1,-1,-1
537,76,381.00,463.00,50.30,115.20,1.0000,-1,-1,-1
537,88,1461.10,419.70,225.00,661.30,1.0000,-1,-1,-1
537,95,574.90,453.70,35.20,87.20,1.0000,-1,-1,-1
537,98,544.50,460.40,27.90,77.80,1.0000,-1,-1,-1
537,100,660.70,449.90,42.00,119.00,1.0000,-1,-1,-1
537,110,414.50,467.70,46.60,103.70,1.0000,-1,-1,-1
537,111,716.10,450.60,33.10,94.90,1.0000,-1,-1,-1
537,112,923.20,411.70,118.00,299.30,1.0000,-1,-1,-1
537,114,458.10,461.70,28.80,70.90,1.0000,-1,-1,-1
538,4,1733.90,365.90,187.10,715.10,1.0000,-1,-1,-1
538,67,1099.30,444.10,87.70,231.60,1.0000,-1,-1,-1
538,70,1024.10,445.90,114.70,275.20,1.0000,-1,-1,-1
538,72,809.00,429.50,127.10,262.50,1.0000,-1,-1,-1
538,76,381.10,463.00,50.50,115.90,1.0000,-1,-1,-1
538,88,1456.90,412.00,237.60,669.00,1.0000,-1,-1,-1
538,95,574.20,454.70,36.00,86.60,1.0000,-1,-1,-1
538,98,545.00,460.30,29.10,78.70,1.0000,-1,-1,-1
538,100,658.60,450.70,42.70,118.70,1.0000,-1,-1,-1
538,110,415.00,467.90,46.40,103.10,1.0000,-1,-1,-1
538,111,716.20,450.40,33.20,94.30,1.0000,-1,-1,-1
538,112,918.30,414.30,128.00,301.80,1.0000,-1,-1,-1
538,114,456.10,462.00,30.00,72.50,1.0000,-1,-1,-1
539,4,1752.90,374.10,168.10,706.90,1.0000,-1,-1,-1
539,67,1100.30,449.40,82.80,226.40,1.0000,-1,-1,-1
539,70,1027.80,442.90,110.30,280.20,1.0000,-1,-1,-1
539,72,811.70,432.90,125.60,253.10,1.0000,-1,-1,-1
539,76,381.10,462.80,49.70,115.40,1.0000,-1,-1,-1
539,88,1458.10,412.10,237.20,668.90,1.0000,-1,-1,-1
539,95,574.10,454.30,35.60,87.70,1.0000,-1,-1,-1
539,98,544.40,460.40,29.10,78.20,1.0000,-1,-1,-1
539,100,657.90,451.00,42.20,119.00,1.0000,-1,-1,-1
539,102,1171.00,447.60,43.30,94.80,1.0000,-1,-1,-1
539,110,414.80,468.50,45.80,102.80,1.0000,-1,-1,-1
539,111,715.50,450.10,34.10,94.80,1.0000,-1,-1,-1
539,112,922.10,415.20,134.50,298.20,1.0000,-1,-1,-1
539,114,457.70,462.10,29.20,70.90,1.0000,-1,-1,-1
540,4,1753.20,376.70,167.80,704.30,1.0000,-1,-1,-1
540,67,1106.60,451.20,77.80,223.70,1.0000,-1,-1,-1
540,70,1032.60,438.80,111.00,285.00,1.0000,-1,-1,-1
540,72,816.90,425.80,116.90,262.90,1.0000,-1,-1,-1
540,76,381.70,463.20,49.60,115.40,1.0000,-1,-1,-1
540,88,1463.00,404.60,237.20,676.40,1.0000,-1,-1,-1
540,95,574.70,454.50,37.70,87.00,1.0000,-1,-1,-1
540,98,543.90,459.90,30.40,78.70,1.0000,-1,-1,-1
540,100,656.70,451.60,41.90,118.80,1.0000,-1,-1,-1
540,110,415.20,468.00,44.40,103.30,1.0000,-1,-1,-1
540,111,714.50,450.70,34.30,93.60,1.0000,-1,-1,-1
540,112,923.70,407.30,128.80,305.60,1.0000,-1,-1,-1
540,114,458.00,463.00,29.00,68.60,1.0000,-1,-1,-1
541,4,1762.20,372.30,158.80,708.70,1.0000,-1,-1,-1
541,70,1031.90,442.50,113.90,282.80,1.0000,-1,-1,-1
541,72,816.80,433.80,117.30,252.00,1.0000,-1,-1,-1
541,76,381.70,463.00,49.80,116.00,1.0000,-1,-1,-1
541,88,1466.10,411.20,238.80,666.80,1.0000,-1,-1,-1
541,95,574.90,454.30,37.90,87.40,1.0000,-1,-1,-1
541,98,543.60,459.50,30.20,79.10,1.0000,-1,-1,-1
541,100,656.10,452.30,40.80,117.00,1.0000,-1,-1,-1
541,102,1172.70,445.80,45.70,102.10,1.0000,-1,-1,-1
541,110,415.70,468.10,44.70,102.80,1.0000,-1,-1,-1
541,111,714.00,450.90,35.50,95.30,1.0000,-1,-1,-1
541,112,918.30,414.20,134.20,298.10,1.0000,-1,-1,-1
541,114,459.70,462.20,28.60,68.20,1.0000,-1,-1,-1
542,70,1037.70,438.20,112.50,285.20,1.0000,-1,-1,-1
542,72,824.50,429.80,110.90,260.80,1.0000,-1,-1,-1
542,76,381.90,463.20,49.40,115.10,1.0000,-1,-1,-1
542,88,1478.80,404.60,236.40,669.50,1.0000,-1,-1,-1
542,95,574.60,454.80,38.90,87.00,1.0000,-1,-1,-1
542,98,544.90,460.30,30.20,78.20,1.0000,-1,-1,-1
542,100,655.60,452.90,39.90,116.00,1.0000,-1,-1,-1
542,102,1172.60,444.70,48.30,105.80,1.0000,-1,-1,-1
542,110,415.70,468.20,44.70,103.10,1.0000,-1,-1,-1
542,111,713.60,450.10,36.30,96.70,1.0000,-1,-1,-1
542,112,919.20,414.20,135.60,299.40,1.0000,-1,-1,-1
542,114,461.90,461.30,28.10,66.90,1.0000,-1,-1,-1
542,115,501.30,458.60,21.80,54.60,1.0000,-1,-1,-1
543,67,1117.80,450.50,69.50,222.60,1.0000,-1,-1,-1
543,70,1038.40,441.40,110.60,284.30,1.0000,-1,-1,-1
543,72,829.60,432.70,107.20,254.80,1.0000,-1,-1,-1
543,76,381.80,463.00,49.70,115.70,1.0000,-1,-1,-1
543,88,1489.90,398.10,227.60,682.90,1.0000,-1,-1,-1
543,95,574.70,455.00,39.20,86.70,1.0000,-1,-1,-1
543,98,545.60,460.20,30.90,79.50,1.0000,-1,-1,-1
543,100,655.10,452.50,39.90,117.50,1.0000,-1,-1,-1
543,102,1175.00,441.70,50.50,112.00,1.0000,-1,-1,-1
543,110,415.90,467.80,44.50,102.90,1.0000,-1,-1,-1
543,111,713.00,450.50,35.90,96.10,1.0000,-1,-1,-1
543,112,922.70,410.50,132.10,299.20,1.0000,-1,-1,-1
543,114,462.10,462.30,28.50,67.60,1.0000,-1,-1,-1
543,115,503.50,458.60,22.50,55.50,1.0000,-1,-1,-1
543,116,794.80,477.30,60.20,60.10,1.0000,-1,-1,-1
544,67,1117.80,448.20,72.60,225.20,1.0000,-1,-1,-1
544,70,1050.40,441.70,100.30,281.30,1.0000,-1,-1,-1
544,72,837.90,433.80,103.70,252.00,1.0000,-1,-1,-1
544,76,381.70,463.30,49.50,114.90,1.0000,-1,-1,-1
544,88,1497.60,405.30,223.50,674.00,1.0000,-1,-1,-1
544,95,577.10,455.20,38.60,85.30,1.0000,-1,-1,-1
544,98,546.20,459.60,31.20,80.10,1.0000,-1,-1,-1
544,100,654.70,451.60,39.80,118.30,1.0000,-1,-1,-1
544,102,1174.00,441.80,53.60,112.80,1.0000,-1,-1,-1
544,110,415.60,468.10,44.50,103.00,1.0000,-1,-1,-1
544,111,714.00,450.60,35.50,94.70,1.0000,-1,-1,-1
544,112,928.90,408.30,125.50,299.00,1.0000,-1,-1,-1
544,114,461.30,462.90,28.80,67.90,1.0000,-1,-1,-1
544,115,503.60,458.10,22.40,56.00,1.0000,-1,-1,-1
544,116,794.40,477.60,59.80,57.40,1.0000,-1,-1,-1
545,67,1118.10,443.60,67.40,234.00,1.0000,-1,-1,-1
545,70,1058.30,441.50,95.40,280.60,1.0000,-1,-1,-1
545,72,845.40,433.80,102.60,250.80,1.0000,-1,-1,-1
545,76,381.40,463.80,49.70,114.30,1.0000,-1,-1,-1
545,88,1511.70,407.50,213.20,668.10,1.0000,-1,-1,-1
545,95,577.80,455.20,37.30,85.40,1.0000,-1,-1,-1
545,98,546.10,460.50,30.50,79.00,1.0000,-1,-1,-1
545,100,654.40,451.90,39.40,116.80,1.0000,-1,-1,-1
545,102,1177.10,441.60,52.80,110.70,1.0000,-1,-1,-1
545,110,415.30,468.10,44.80,103.60,1.0000,-1,-1,-1
545,111,714.40,450.20,36.20,96.30,1.0000,-1,-1,-1
545,112,930.30,412.70,123.10,294.40,1.0000,-1,-1,-1
545,114,458.70,463.00,30.10,70.60,1.0000,-1,-1,-1
545,115,503.80,458.00,22.60,56.50,1.0000,-1,-1,-1
545,116,795.60,477.90,60.40,57.40,1.0000,-1,-1,-1
546,70,1066.70,444.30,92.90,275.90,1.0000,-1,-1,-1
546,72,858.20,441.40,90.70,242.30,1.0000,-1,-1,-1
546,76,381.50,463.60,49.70,114.40,1.0000,-1,-1,-1
546,88,1523.60,405.40,209.90,662.20,1.0000,-1,-1,-1
546,95,579.30,455.30,37.60,85.60,1.0000,-1,-1,-1
546,98,546.10,459.80,30.40,79.40,1.0000,-1,-1,-1
546,100,654.00,453.30,39.30,114.60,1.0000,-1,-1,-1
546,102,1179.70,443.90,51.30,107.30,1.0000,-1,-1,-1
546,105,832.60,474.70,60.60,73.40,1.0000,-1,-1,-1
546,110,415.40,468.40,45.10,102.80,1.0000,-1,-1,-1
546,111,716.40,450.00,35.50,97.90,1.0000,-1,-1,-1
546,112,935.70,414.80,119.10,294.30,1.0000,-1,-1,-1
546,114,457.50,462.60,30.70,71.40,1.0000,-1,-1,-1
546,115,504.10,458.00,22.60,56.40,1.0000,-1,-1,-1
546,116,795.90,477.10,60.10,59.30,1.0000,-1,-1,-1
547,70,1075.80,442.30,92.90,280.40,1.0000,-1,-1,-1
547,72,870.30,437.70,82.30,245.90,1.0000,-1,-1,-1
547,76,380.80,464.00,50.20,113.60,1.0000,-1,-1,-1
547,88,1532.90,407.70,209.90,658.30,1.0000,-1,-1,-1
547,95,579.20,455.00,38.10,86.20,1.0000,-1,-1,-1
547,98,545.80,460.70,29.90,78.20,1.0000,-1,-1,-1
547,100,653.80,452.60,38.70,115.80,1.0000,-1,-1,-1
547,102,1181.40,442.10,50.80,108.60,1.0000,-1,-1,-1
547,105,835.80,470.90,52.80,78.60,1.0000,-1,-1,-1
547,110,415.20,468.30,45.70,103.30,1.0000,-1,-1,-1
547,111,715.80,450.20,35.50,97.80,1.0000,-1,-1,-1
547,112,938.70,408.40,112.10,301.10,1.0000,-1,-1,-1
547,114,455.60,463.30,31.70,72.90,1.0000,-1,-1,-1
547,115,504.30,457.70,23.00,56.50,1.0000,-1,-1,-1
547,116,794.30,476.00,60.10,60.20,1.0000,-1,-1,-1
548,70,1080.20,439.30,92.30,282.80,1.0000,-1,-1,-1
548,72,878.00,437.00,76.60,249.10,1.0000,-1,-1,-1
548,76,381.20,463.70,49.40,114.20,1.0000,-1,-1,-1
548,88,1543.60,405.40,203.70,675.60,1.0000,-1,-1,-1
548,95,579.50,455.60,38.00,85.20,1.0000,-1,-1,-1
548,98,546.30,460.70,30.10,78.50,1.0000,-1,-1,-1
548,100,653.30,453.20,38.70,115.50,1.0000,-1,-1,-1
548,102,1185.40,440.20,47.70,108.40,1.0000,-1,-1,-1
548,105,834.80,472.60,54.10,76.70,1.0000,-1,-1,-1
548,110,415.00,468.00,45.40,103.50,1.0000,-1,-1,-1
548,111,715.40,450.20,36.30,96.10,1.0000,-1,-1,-1
548,112,944.50,415.00,109.10,298.00,1.0000,-1,-1,-1
548,114,456.60,462.80,31.20,72.30,1.0000,-1,-1,-1
548,115,505.50,457.50,23.20,57.30,1.0000,-1,-1,-1
548,116,794.00,476.20,59.30,60.20,1.0000,-1,-1,-1
548,117,1044.10,445.50,35.10,94.00,1.0000,-1,-1,-1
549,70,1080.20,437.60,99.10,286.90,1.0000,-1,-1,-1
549,72,879.90,434.60,82.40,250.80,1.0000,-1,-1,-1
549,76,381.40,464.00,49.50,114.10,1.0000,-1,-1,-1
549,88,1546.40,408.60,208.70,672.40,1.0000,-1,-1,-1
549,95,578.70,455.80,38.50,85.00,1.0000,-1,-1,-1
549,98,547.30,460.20,30.10,78.20,1.0000,-1,-1,-1
549,100,652.40,452.90,38.50,114.30,1.0000,-1,-1,-1
549,102,1186.60,439.10,47.50,109.90,1.0000,-1,-1,-1
549,105,834.80,471.90,53.50,78.00,1.0000,-1,-1,-1
549,110,415.30,467.90,45.70,103.20,1.0000,-1,-1,-1
549,111,715.20,450.20,37.10,97.60,1.0000,-1,-1,-1
549,112,951.50,416.50,102.80,292.10,1.0000,-1,-1,-1
549,114,455.60,462.30,31.50,73.60,1.0000,-1,-1,-1
549,115,507.50,456.70,23.40,57.70,1.0000,-1,-1,-1
549,116,794.20,475.90,57.80,61.10,1.0000,-1,-1,-1
549,117,1045.10,446.30,37.30,92.10,1.0000,-1,-1,-1
550,70,1084.10,440.90,103.70,281.20,1.0000,-1,-1,-1
550,72,883.60,436.10,79.90,249.60,1.0000,-1,-1,-1
550,76,381.30,464.20,49.20,113.70,1.0000,-1,-1,-1
550,88,1543.20,396.30,217.90,684.70,1.0000,-1,-1,-1
550,95,578.80,455.90,38.60,84.50,1.0000,-1,-1,-1
550,98,547.30,461.10,29.80,77.90,1.0000,-1,-1,-1
550,100,651.80,452.50,38.30,113.00,1.0000,-1,-1,-1
550,102,1188.40,436.40,47.90,113.70,1.0000,-1,-1,-1
550,105,835.60,471.20,53.20,79.90,1.0000,-1,-1,-1
550,110,415.70,468.10,45.60,102.60,1.0000,-1,-1,-1
550,111,715.80,450.00,37.30,98.50,1.0000,-1,-1,-1
550,112,958.60,421.30,98.20,286.60,1.0000,-1,-1,-1
550,115,510.70,456.50,23.50,57.50,1.0000,-1,-1,-1
550,116,794.10,475.90,57.90,60.80,1.0000,-1,-1,-1
550,117,1049.30,446.70,35.70,95.90,1.0000,-1,-1,-1
551,70,1084.20,440.00,110.50,282.90,1.0000,-1,-1,-1
551,72,885.00,435.10,82.40,250.00,1.0000,-1,-1,-1
551,76,382.00,463.90,49.50,114.70,1.0000,-1,-1,-1
551,88,1546.10,398.20,223.90,682.80,1.0000,-1,-1,-1
551,95,579.40,456.20,38.40,84.90,1.0000,-1,-1,-1
551,98,548.70,460.30,29.50,78.60,1.0000,-1,-1,-1
551,100,651.10,451.40,39.40,114.10,1.0000,-1,-1,-1
551,102,1190.10,438.50,44.50,111.50,1.0000,-1,-1,-1
551,105,834.90,472.40,52.80,76.80,1.0000,-1,-1,-1
551,110,416.50,467.70,44.90,102.30,1.0000,-1,-1,-1
551,111,715.30,449.40,36.90,99.70,1.0000,-1,-1,-1
551,112,968.70,412.10,90.50,296.70,1.0000,-1,-1,-1
551,115,511.00,456.60,23.40,57.30,1.0000,-1,-1,-1
551,116,796.10,476.10,57.00,60.50,1.0000,-1,-1,-1
551,117,1046.40,442.60,37.70,100.60,1.0000,-1,-1,-1
552,70,1085.10,439.90,111.10,284.50,1.0000,-1,-1,-1
552,72,890.40,435.60,83.20,250.50,1.0000,-1,-1,-1
552,76,381.40,463.90,49.90,114.80,1.0000,-1,-1,-1
552,88,1553.70,394.60,228.70,686.40,1.0000,-1,-1,-1
552,95,579.70,456.30,38.60,85.60,1.0000,-1,-1,-1
552,98,549.20,460.50,29.80,78.80,1.0000,-1,-1,-1
552,100,651.30,450.40,38.40,115.50,1.0000,-1,-1,-1
552,102,1194.00,439.80,40.90,110.30,1.0000,-1,-1,-1
552,105,836.90,472.00,51.60,78.70,1.0000,-1,-1,-1
552,110,415.70,467.20,45.90,103.50,1.0000,-1,-1,-1
552,111,715.20,448.60,37.80,101.00,1.0000,-1,-1,-1
552,112,977.90,415.20,83.40,287.70,1.0000,-1,-1,-1
552,115,502.40,457.50,24.00,59.00,1.0000,-1,-1,-1
552,116,795.90,475.90,55.60,61.90,1.0000,-1,-1,-1
553,70,1087.60,442.00,110.30,281.20,1.0000,-1,-1,-1
553,72,891.50,433.10,90.10,253.10,1.0000,-1,-1,-1
553,76,381.40,463.60,49.60,114.90,1.0000,-1,-1,-1
553,88,1559.10,393.10,228.70,687.90,1.0000,-1,-1,-1
553,95,581.20,456.60,38.10,85.30,1.0000,-1,-1,-1
553,98,548.10,460.80,30.30,79.10,1.0000,-1,-1,-1
553,100,651.10,451.50,38.40,115.00,1.0000,-1,-1,-1
553,102,1195.60,437.20,40.90,113.70,1.0000,-1,-1,-1
553,105,837.20,471.80,52.00,79.80,1.0000,-1,-1,-1
553,110,415.70,467.30,45.90,103.10,1.0000,-1,-1,-1
553,111,716.20,448.00,37.90,100.90,1.0000,-1,-1,-1
553,112,986.80,414.20,76.90,292.80,1.0000,-1,-1,-1
553,115,501.60,457.70,24.00,58.30,1.0000,-1,-1,-1
553,116,795.50,476.00,56.00,61.80,1.0000,-1,-1,-1
554,70,1088.40,442.10,109.10,281.70,1.0000,-1,-1,-1
554,72,892.80,434.20,95.80,255.00,1.0000,-1,-1,-1
554,76,381.50,463.70,49.50,114.90,1.0000,-1,-1,-1
554,88,1560.10,402.30,235.20,678.70,1.0000,-1,-1,-1
554,95,581.80,457.20,37.50,84.80,1.0000,-1,-1,-1
554,98,548.40,461.20,29.40,77.80,1.0000,-1,-1,-1
554,100,649.30,452.60,38.30,114.10,1.0000,-1,-1,-1
554,102,1195.10,439.70,42.00,113.80,1.0000,-1,-1,-1
554,105,837.50,472.90,51.70,78.90,1.0000,-1,-1,-1
554,110,416.30,467.50,44.90,102.50,1.0000,-1,-1,-1
554,111,716.90,447.70,38.40,101.30,1.0000,-1,-1,-1
554,112,989.90,409.90,82.10,298.90,1.0000,-1,-1,-1
554,115,507.00,457.10,23.90,57.60,1.0000,-1,-1,-1
554,116,796.00,476.00,55.60,62.60,1.0000,-1,-1,-1
555,70,1091.10,441.60,109.50,282.10,1.0000,-1,-1,-1
555,72,893.40,428.20,96.10,261.40,1.0000,-1,-1,-1
555,76,381.50,463.40,49.30,115.10,1.0000,-1,-1,-1
555,88,1558.40,412.40,246.90,668.60,1.0000,-1,-1,-1
555,95,581.20,457.00,37.40,84.20,1.0000,-1,-1,-1
555,98,548.30,461.10,29.40,78.60,1.0000,-1,-1,-1
555,100,648.40,453.20,38.40,113.70,1.0000,-1,-1,-1
555,102,1190.80,441.70,45.50,110.00,1.0000,-1,-1,-1
555,105,836.10,473.80,52.90,77.20,1.0000,-1,-1,-1
555,110,415.80,466.80,45.10,103.50,1.0000,-1,-1,-1
555,111,716.90,447.40,38.30,101.80,1.0000,-1,-1,-1
555,112,993.70,411.00,83.90,296.30,1.0000,-1,-1,-1
555,115,506.70,457.40,23.90,57.30,1.0000,-1,-1,-1
555,116,796.80,476.10,54.40,61.70,1.0000,-1,-1,-1
556,70,1091.10,444.30,111.90,279.30,1.0000,-1,-1,-1
556,72,893.60,432.70,96.60,251.70,1.0000,-1,-1,-1
556,76,381.20,463.20,49.20,115.10,1.0000,-1,-1,-1
556,88,1562.10,398.10,243.30,682.90,1.0000,-1,-1,-1
556,95,580.40,456.70,38.10,84.80,1.0000,-1,-1,-1
556,98,547.80,461.00,28.80,78.60,1.0000,-1,-1,-1
556,100,647.20,452.10,39.10,115.40,1.0000,-1,-1,-1
556,102,1189.80,443.10,49.10,112.70,1.0000,-1,-1,-1
556,105,836.30,474.20,53.50,75.90,1.0000,-1,-1,-1
556,110,416.00,467.10,45.30,103.40,1.0000,-1,-1,-1
556,111,717.10,447.80,38.90,101.30,1.0000,-1,-1,-1
556,112,994.30,411.80,91.80,293.40,1.0000,-1,-1,-1
556,115,506.90,457.80,23.80,56.20,1.0000,-1,-1,-1
556,116,796.80,476.40,55.20,61.40,1.0000,-1,-1,-1
557,70,1092.00,445.90,111.50,279.20,1.0000,-1,-1,-1
557,72,892.90,437.30,100.70,252.80,1.0000,-1,-1,-1
557,76,381.80,464.00,49.30,114.30,1.0000,-1,-1,-1
557,88,1564.10,394.90,246.50,686.10,1.0000,-1,-1,-1
557,95,580.00,456.70,38.70,85.20,1.0000,-1,-1,-1
557,98,548.50,460.60,28.60,78.60,1.0000,-1,-1,-1
557,100,646.40,452.30,39.80,115.00,1.0000,-1,-1,-1
557,102,1190.20,442.30,48.90,116.30,1.0000,-1,-1,-1
557,105,836.40,473.70,53.90,76.70,1.0000,-1,-1,-1
557,110,415.80,467.30,45.00,102.80,1.0000,-1,-1,-1
557,111,717.30,447.60,39.40,102.60,1.0000,-1,-1,-1
557,112,999.80,413.30,94.40,292.10,1.0000,-1,-1,-1
557,115,507.90,456.50,23.90,56.30,1.0000,-1,-1,-1
557,116,797.10,476.00,55.40,61.70,1.0000,-1,-1,-1
558,70,1091.40,444.90,115.40,279.60,1.0000,-1,-1,-1
558,72,895.80,435.40,100.10,255.40,1.0000,-1,-1,-1
558,76,381.90,464.00,48.60,114.10,1.0000,-1,-1,-1
558,88,1566.90,395.20,254.80,685.80,1.0000,-1,-1,-1
558,95,578.70,456.10,39.40,86.40,1.0000,-1,-1,-1
558,98,547.70,460.60,29.00,78.70,1.0000,-1,-1,-1
558,100,645.40,452.40,39.00,114.20,1.0000,-1,-1,-1
558,102,1193.60,444.60,49.50,114.00,1.0000,-1,-1,-1
558,105,836.10,472.60,53.90,77.80,1.0000,-1,-1,-1
558,110,415.70,466.70,44.90,103.30,1.0000,-1,-1,-1
558,111,717.30,448.20,39.40,101.70,1.0000,-1,-1,-1
558,112,1000.50,413.00,99.00,292.20,1.0000,-1,-1,-1
558,115,508.00,456.20,24.40,57.10,1.0000,-1,-1,-1
558,116,797.10,476.10,55.70,61.40,1.0000,-1,-1,-1
559,70,1091.50,444.10,121.50,278.10,1.0000,-1,-1,-1
559,72,896.30,435.20,101.50,253.30,1.0000,-1,-1,-1
559,76,381.80,464.10,48.80,113.90,1.0000,-1,-1,-1
559,88,1570.90,386.50,259.90,694.50,1.0000,-1,-1,-1
559,95,578.10,456.80,39.90,84.90,1.0000,-1,-1,-1
559,98,547.80,461.20,29.00,77.90,1.0000,-1,-1,-1
559,100,644.60,452.40,38.90,113.50,1.0000,-1,-1,-1
559,105,836.30,472.70,54.60,77.70,1.0000,-1,-1,-1
559,110,415.70,467.30,44.90,102.80,1.0000,-1,-1,-1
559,111,717.70,448.00,39.10,101.30,1.0000,-1,-1,-1
559,112,1001.90,414.40,107.40,289.60,1.0000,-1,-1,-1
559,115,509.80,455.90,24.80,57.40,1.0000,-1,-1,-1
559,116,796.80,476.10,55.80,61.50,1.0000,-1,-1,-1
560,70,1093.50,439.50,121.10,276.30,1.0000,-1,-1,-1
560,72,900.50,432.10,95.00,251.30,1.0000,-1,-1,-1
560,76,381.60,464.10,48.70,113.90,1.0000,-1,-1,-1
560,88,1570.60,385.80,266.60,695.20,1.0000,-1,-1,-1
560,95,578.70,456.80,40.00,84.60,1.0000,-1,-1,-1
560,98,547.70,460.80,30.00,80.10,1.0000,-1,-1,-1
560,100,643.40,452.90,38.70,112.80,1.0000,-1,-1,-1
560,105,836.40,472.80,54.50,76.70,1.0000,-1,-1,-1
560,110,415.70,467.20,45.20,103.50,1.0000,-1,-1,-1
560,111,718.10,448.70,37.80,99.50,1.0000,-1,-1,-1
560,112,1000.10,414.10,116.20,281.50,1.0000,-1,-1,-1
560,115,509.80,457.80,24.00,55.60,1.0000,-1,-1,-1
560,116,797.00,476.40,56.50,61.20,1.0000,-1,-1,-1
561,70,1101.60,441.20,116.80,277.90,1.0000,-1,-1,-1
561,72,905.40,429.70,95.90,251.90,1.0000,-1,-1,-1
561,76,382.20,463.80,48.90,114.70,1.0000,-1,-1,-1
561,88,1574.30,384.70,265.60,696.30,1.0000,-1,-1,-1
561,95,581.00,456.70,38.80,84.20,1.0000,-1,-1,-1
561,98,547.70,461.10,30.10,80.20,1.0000,-1,-1,-1
561,100,644.40,454.40,36.00,111.10,1.0000,-1,-1,-1
561,102,1202.60,444.40,46.60,112.30,1.0000,-1,-1,-1
561,105,836.40,473.10,54.50,77.20,1.0000,-1,-1,-1
561,110,415.60,466.80,46.00,104.20,1.0000,-1,-1,-1
561,111,718.60,448.90,38.50,100.50,1.0000,-1,-1,-1
561,112,1001.20,413.40,121.40,288.20,1.0000,-1,-1,-1
561,115,505.00,457.90,24.20,57.10,1.0000,-1,-1,-1
561,116,797.10,476.70,56.00,61.50,1.0000,-1,-1,-1
562,70,1108.70,441.30,110.20,276.00,1.0000,-1,-1,-1
562,72,906.40,433.40,95.70,252.70,1.0000,-1,-1,-1
562,76,382.10,464.20,48.80,114.40,1.0000,-1,-1,-1
562,88,1581.00,385.80,267.30,695.20,1.0000,-1,-1,-1
562,95,581.00,457.60,39.20,83.50,1.0000,-1,-1,-1
562,98,548.90,461.30,29.90,79.90,1.0000,-1,-1,-1
562,100,644.10,454.70,35.10,110.00,1.0000,-1,-1,-1
562,102,1212.40,443.70,45.40,109.50,1.0000,-1,-1,-1
562,105,837.10,473.40,54.00,76.60,1.0000,-1,-1,-1
562,110,416.20,467.40,45.00,103.70,1.0000,-1,-1,-1
562,111,718.50,448.30,38.80,101.00,1.0000,-1,-1,-1
562,112,1000.50,416.20,133.40,289.00,1.0000,-1,-1,-1
562,115,505.60,458.00,23.80,55.90,1.0000,-1,-1,-1
562,116,797.00,477.20,55.20,59.60,1.0000,-1,-1,-1
563,70,1117.00,440.40,110.40,275.00,1.0000,-1,-1,-1
563,72,913.10,430.90,90.70,248.70,1.0000,-1,-1,-1
563,76,381.80,464.10,48.40,113.30,1.0000,-1,-1,-1
563,88,1583.00,387.10,272.20,693.90,1.0000,-1,-1,-1
563,95,581.90,457.20,39.90,83.90,1.0000,-1,-1,-1
563,98,549.20,460.70,29.70,79.10,1.0000,-1,-1,-1
563,100,642.70,453.50,36.30,110.60,1.0000,-1,-1,-1
563,102,1216.00,444.30,46.20,108.10,1.0000,-1,-1,-1
563,105,836.70,473.70,53.60,75.90,1.0000,-1,-1,-1
563,110,416.70,466.90,44.80,104.00,1.0000,-1,-1,-1
563,111,718.90,448.40,39.50,101.40,1.0000,-1,-1,-1
563,112,1003.60,417.40,133.20,287.80,1.0000,-1,-1,-1
563,115,510.20,458.70,23.50,54.10,1.0000,-1,-1,-1
563,116,797.10,477.00,55.00,60.70,1.0000,-1,-1,-1
564,70,1122.90,439.90,108.00,272.60,1.0000,-1,-1,-1
564,72,918.10,428.90,89.30,254.50,1.0000,-1,-1,-1
564,76,381.80,463.80,48.80,113.60,1.0000,-1,-1,-1
564,88,1586.40,400.00,278.10,681.00,1.0000,-1,-1,-1
564,95,581.80,457.00,40.30,83.80,1.0000,-1,-1,-1
564,98,549.40,460.00,29.60,80.00,1.0000,-1,-1,-1
564,100,642.90,451.50,38.10,113.90,1.0000,-1,-1,-1
564,102,1217.80,443.70,47.70,109.10,1.0000,-1,-1,-1
564,105,836.20,474.00,53.30,76.20,1.0000,-1,-1,-1
564,110,416.70,466.10,45.40,104.30,1.0000,-1,-1,-1
564,111,719.00,447.70,40.10,102.60,1.0000,-1,-1,-1
564,112,1003.30,417.80,133.60,291.30,1.0000,-1,-1,-1
564,115,510.20,458.80,23.20,53.30,1.0000,-1,-1,-1
564,116,797.60,477.30,54.80,60.30,1.0000,-1,-1,-1
565,70,1133.80,438.10,99.90,278.20,1.0000,-1,-1,-1
565,72,924.30,432.20,85.10,244.60,1.0000,-1,-1,-1
565,76,381.80,464.00,49.20,113.60,1.0000,-1,-1,-1
565,88,1598.80,403.70,285.80,677.30,1.0000,-1,-1,-1
565,95,582.10,457.10,40.30,82.90,1.0000,-1,-1,-1
565,98,550.60,458.60,30.40,81.10,1.0000,-1,-1,-1
565,100,643.40,452.70,37.30,111.80,1.0000,-1,-1,-1
565,102,1219.10,444.40,46.10,108.60,1.0000,-1,-1,-1
565,105,836.30,473.60,53.20,76.70,1.0000,-1,-1,-1
565,110,416.50,466.10,45.10,103.80,1.0000,-1,-1,-1
565,111,719.40,447.80,40.00,102.10,1.0000,-1,-1,-1
565,112,1006.60,414.20,131.60,294.30,1.0000,-1,-1,-1
565,115,503.90,457.50,23.20,56.40,1.0000,-1,-1,-1
565,116,797.50,477.20,54.70,60.20,1.0000,-1,-1,-1
566,70,1140.70,439.70,95.40,277.10,1.0000,-1,-1,-1
566,72,934.00,435.80,81.20,238.80,1.0000,-1,-1,-1
566,76,381.40,463.40,48.80,114.10,1.0000,-1,-1,-1
566,88,1609.00,392.50,268.10,688.50,1.0000,-1,-1,-1
566,95,581.70,457.90,41.20,82.90,1.0000,-1,-1,-1
566,98,550.80,458.70,30.80,82.20,1.0000,-1,-1,-1
566,100,642.00,451.90,38.20,112.90,1.0000,-1,-1,-1
566,102,1217.80,441.70,48.10,112.80,1.0000,-1,-1,-1
566,105,836.30,472.90,52.80,76.90,1.0000,-1,-1,-1
566,110,416.20,466.00,44.50,105.50,1.0000,-1,-1,-1
566,111,719.30,447.60,41.20,103.80,1.0000,-1,-1,-1
566,112,1007.90,412.20,129.50,293.30,1.0000,-1,-1,-1
566,115,507.10,458.00,23.10,55.10,1.0000,-1,-1,-1
566,116,797.60,476.90,54.00,60.60,1.0000,-1,-1,-1
567,70,1144.30,440.60,97.80,279.20,1.0000,-1,-1,-1
567,72,937.20,433.80,79.50,236.40,1.0000,-1,-1,-1
567,76,382.30,463.40,48.20,114.60,1.0000,-1,-1,-1
567,88,1626.50,399.10,260.30,681.90,1.0000,-1,-1,-1
567,95,581.20,458.30,41.40,82.80,1.0000,-1,-1,-1
567,98,551.70,458.30,30.30,83.10,1.0000,-1,-1,-1
567,100,642.90,453.20,36.50,109.40,1.0000,-1,-1,-1
567,102,1214.90,444.30,52.60,113.90,1.0000,-1,-1,-1
567,105,836.40,472.90,52.30,76.80,1.0000,-1,-1,-1
567,110,416.70,466.10,44.10,105.20,1.0000,-1,-1,-1
567,111,719.90,448.40,40.50,102.40,1.0000,-1,-1,-1
567,112,1009.70,415.90,130.80,287.60,1.0000,-1,-1,-1
567,115,503.30,458.90,22.70,56.20,1.0000,-1,-1,-1
567,116,797.70,476.80,54.00,60.60,1.0000,-1,-1,-1
567,120,520.30,458.30,21.60,54.80,1.0000,-1,-1,-1
568,70,1145.70,439.10,101.50,281.30,1.0000,-1,-1,-1
568,72,946.10,432.00,73.30,240.30,1.0000,-1,-1,-1
568,76,382.50,465.30,48.80,112.90,1.0000,-1,-1,-1
568,88,1639.40,407.70,248.00,673.30,1.0000,-1,-1,-1
568,95,580.40,458.60,42.10,83.30,1.0000,-1,-1,-1
568,98,552.20,459.30,29.70,82.90,1.0000,-1,-1,-1
568,100,641.00,452.60,38.70,111.30,1.0000,-1,-1,-1
568,105,837.20,472.60,52.00,76.30,1.0000,-1,-1,-1
568,110,416.80,467.70,44.20,103.80,1.0000,-1,-1,-1
568,111,720.30,447.90,40.40,102.30,1.0000,-1,-1,-1
568,112,1012.70,417.80,129.90,284.80,1.0000,-1,-1,-1
568,115,498.80,461.90,22.70,54.70,1.0000,-1,-1,-1
568,116,797.40,475.90,54.70,61.90,1.0000,-1,-1,-1
568,120,517.40,458.30,21.10,53.60,1.0000,-1,-1,-1
568,121,665.60,450.90,35.90,102.50,1.0000,-1,-1,-1
569,70,1146.10,445.70,110.90,272.60,1.0000,-1,-1,-1
569,72,951.00,432.60,77.00,245.60,1.0000,-1,-1,-1
569,76,381.90,465.20,49.00,113.20,1.0000,-1,-1,-1
569,88,1654.80,400.30,238.10,680.70,1.0000,-1,-1,-1
569,95,583.20,456.90,38.80,83.60,1.0000,-1,-1,-1
569,98,552.30,458.90,30.20,83.60,1.0000,-1,-1,-1
569,100,641.80,452.50,37.30,108.60,1.0000,-1,-1,-1
569,105,836.90,472.00,51.70,77.30,1.0000,-1,-1,-1
569,110,417.20,466.50,44.30,105.70,1.0000,-1,-1,-1
569,111,720.70,447.50,40.80,103.30,1.0000,-1,-1,-1
569,112,1013.20,414.30,130.00,286.90,1.0000,-1,-1,-1
569,115,499.50,462.20,22.60,54.30,1.0000,-1,-1,-1
569,116,797.50,476.10,54.60,61.40,1.0000,-1,-1,-1
569,120,516.20,458.50,21.20,53.30,1.0000,-1,-1,-1
569,121,665.20,450.70,37.50,103.60,1.0000,-1,-1,-1
570,70,1147.20,442.20,114.50,277.10,1.0000,-1,-1,-1
570,72,954.80,432.70,77.80,247.10,1.0000,-1,-1,-1
570,76,382.10,465.10,48.70,114.00,1.0000,-1,-1,-1
570,88,1653.80,412.60,247.10,668.40,1.0000,-1,-1,-1
570,95,582.40,458.40,40.10,82.80,1.0000,-1,-1,-1
570,98,552.00,459.50,30.00,82.60,1.0000,-1,-1,-1
570,100,639.80,452.90,36.20,108.10,1.0000,-1,-1,-1
570,105,836.70,471.80,52.30,77.10,1.0000,-1,-1,-1
570,110,417.50,466.80,43.90,104.50,1.0000,-1,-1,-1
570,111,720.00,447.10,41.10,104.30,1.0000,-1,-1,-1
570,112,1018.10,413.80,123.50,292.40,1.0000,-1,-1,-1
570,115,502.50,461.90,22.40,53.70,1.0000,-1,-1,-1
570,116,797.30,476.60,54.40,60.20,1.0000,-1,-1,-1
570,120,517.00,459.10,21.10,53.30,1.0000,-1,-1,-1
570,121,666.70,451.30,37.40,103.40,1.0000,-1,-1,-1
571,70,1149.70,442.00,119.50,277.00,1.0000,-1,-1,-1
571,72,955.00,430.20,86.60,257.30,1.0000,-1,-1,-1
571,76,382.20,464.20,49.00,115.10,1.0000,-1,-1,-1
571,88,1653.90,404.10,254.80,676.90,1.0000,-1,-1,-1
571,95,581.90,457.80,40.00,83.80,1.0000,-1,-1,-1
571,98,551.90,459.00,30.00,82.90,1.0000,-1,-1,-1
571,100,640.60,451.70,36.60,109.80,1.0000,-1,-1,-1
571,105,836.20,472.30,52.70,76.50,1.0000,-1,-1,-1
571,110,416.50,467.00,43.40,104.50,1.0000,-1,-1,-1
571,111,720.00,447.80,41.00,102.60,1.0000,-1,-1,-1
571,112,1020.20,412.20,121.40,294.80,1.0000,-1,-1,-1
571,116,797.20,476.60,55.10,60.30,1.0000,-1,-1,-1
571,121,666.60,450.90,37.20,103.50,1.0000,-1,-1,-1
572,70,1153.00,441.70,125.30,278.30,1.0000,-1,-1,-1
572,72,958.10,431.50,89.50,251.40,1.0000,-1,-1,-1
572,76,382.30,464.30,48.50,114.20,1.0000,-1,-1,-1
572,88,1662.10,400.00,245.70,681.00,1.0000,-1,-1,-1
572,95,582.90,458.30,40.70,82.60,1.0000,-1,-1,-1
572,98,552.20,458.70,30.80,83.30,1.0000,-1,-1,-1
572,100,639.40,452.60,36.20,107.50,1.0000,-1,-1,-1
572,105,836.40,472.20,52.00,77.00,1.0000,-1,-1,-1
572,110,416.50,467.10,43.20,104.70,1.0000,-1,-1,-1
572,111,719.50,447.10,41.60,104.60,1.0000,-1,-1,-1
572,112,1018.40,416.80,127.40,284.70,1.0000,-1,-1,-1
572,116,797.40,476.30,54.70,61.00,1.0000,-1,-1,-1
572,121,665.70,451.70,38.20,102.90,1.0000,-1,-1,-1
573,70,1155.00,440.80,128.90,278.20,1.0000,-1,-1,-1
573,72,958.10,434.30,100.20,251.10,1.0000,-1,-1,-1
573,76,381.80,464.60,48.70,113.70,1.0000,-1,-1,-1
573,88,1662.70,396.50,254.20,684.50,1.0000,-1,-1,-1
573,95,580.80,459.10,42.70,82.30,1.0000,-1,-1,-1
573,98,553.00,459.20,30.60,83.30,1.0000,-1,-1,-1
573,100,639.80,452.70,36.60,107.10,1.0000,-1,-1,-1
573,105,836.50,472.20,53.30,77.80,1.0000,-1,-1,-1
573,110,416.30,467.70,42.50,104.50,1.0000,-1,-1,-1
573,111,720.10,446.90,41.10,105.10,1.0000,-1,-1,-1
573,112,1022.00,413.50,124.70,287.30,1.0000,-1,-1,-1
573,116,797.40,476.20,54.70,61.10,1.0000,-1,-1,-1
573,121,664.90,452.00,38.40,103.90,1.0000,-1,-1,-1
574,70,1157.20,437.30,128.30,279.90,1.0000,-1,-1,-1
574,72,960.60,432.50,106.90,249.30,1.0000,-1,-1,-1
574,76,381.60,465.30,48.30,113.10,1.0000,-1,-1,-1
574,88,1664.20,387.70,256.80,693.30,1.0000,-1,-1,-1
574,95,583.90,457.80,38.60,83.40,1.0000,-1,-1,-1
574,98,553.10,459.50,31.10,83.20,1.0000,-1,-1,-1
574,100,639.80,453.40,34.30,105.40,1.0000,-1,-1,-1
574,105,836.20,472.60,53.50,77.80,1.0000,-1,-1,-1
574,110,417.10,468.30,42.20,103.80,1.0000,-1,-1,-1
574,111,719.50,447.00,41.50,104.90,1.0000,-1,-1,-1
574,112,1032.40,411.30,117.40,287.10,1.0000,-1,-1,-1
574,116,797.40,476.90,54.80,60.50,1.0000,-1,-1,-1
574,121,665.10,453.00,39.80,102.00,1.0000,-1,-1,-1
575,70,1158.50,439.50,126.70,275.10,1.0000,-1,-1,-1
575,72,962.40,432.00,104.60,245.90,1.0000,-1,-1,-1
575,76,381.70,465.40,48.40,112.80,1.0000,-1,-1,-1
575,88,1669.70,399.20,251.30,681.80,1.0000,-1,-1,-1
575,95,582.50,458.60,41.80,83.90,1.0000,-1,-1,-1
575,98,553.60,458.20,31.90,84.40,1.0000,-1,-1,-1
575,100,642.00,452.30,35.30,106.80,1.0000,-1,-1,-1
575,105,836.60,472.00,53.10,78.30,1.0000,-1,-1,-1
575,110,416.90,468.90,42.50,103.30,1.0000,-1,-1,-1
575,111,719.70,446.50,42.10,106.90,1.0000,-1,-1,-1
575,112,1030.60,413.60,118.00,289.80,1.0000,-1,-1,-1
575,116,797.50,476.10,54.60,61.00,1.0000,-1,-1,-1
575,121,664.90,452.90,38.90,103.40,1.0000,-1,-1,-1
576,70,1164.30,439.40,121.80,273.80,1.0000,-1,-1,-1
576,72,962.40,430.60,108.00,247.10,1.0000,-1,-1,-1
576,76,381.90,465.50,48.40,112.60,1.0000,-1,-1,-1
576,88,1667.00,387.40,254.00,693.60,1.0000,-1,-1,-1
576,95,580.00,460.40,44.60,83.20,1.0000,-1,-1,-1
576,98,554.30,460.40,30.30,82.40,1.0000,-1,-1,-1
576,100,637.40,452.50,37.10,107.40,1.0000,-1,-1,-1
576,105,836.80,472.50,52.60,76.70,1.0000,-1,-1,-1
576,110,416.80,470.40,41.90,102.20,1.0000,-1,-1,-1
576,111,720.90,446.80,41.90,107.20,1.0000,-1,-1,-1
576,112,1035.30,415.30,114.50,286.80,1.0000,-1,-1,-1
576,116,797.50,476.90,55.60,59.90,1.0000,-1,-1,-1
576,121,666.30,453.00,36.90,104.00,1.0000,-1,-1,-1
577,70,1165.30,441.00,123.90,275.50,1.0000,-1,-1,-1
577,72,962.30,432.00,109.80,245.90,1.0000,-1,-1,-1
577,76,381.70,464.90,48.70,113.00,1.0000,-1,-1,-1
577,88,1674.70,402.30,246.30,678.70,1.0000,-1,-1,-1
577,95,583.80,459.40,37.40,83.30,1.0000,-1,-1,-1
577,98,553.80,461.30,31.30,82.60,1.0000,-1,-1,-1
577,100,635.40,452.40,38.30,108.60,1.0000,-1,-1,-1
577,105,836.40,472.30,53.40,78.10,1.0000,-1,-1,-1
577,110,416.80,470.50,41.20,101.40,1.0000,-1,-1,-1
577,111,721.30,446.70,41.90,107.70,1.0000,-1,-1,-1
577,112,1047.60,415.20,106.70,283.20,1.0000,-1,-1,-1
577,116,797.70,477.10,55.30,60.00,1.0000,-1,-1,-1
577,121,667.10,452.60,37.90,104.80,1.0000,-1,-1,-1
578,70,1169.50,440.20,123.20,276.20,1.0000,-1,-1,-1
578,72,963.30,437.70,111.30,237.20,1.0000,-1,-1,-1
578,76,381.10,465.10,49.10,112.80,1.0000,-1,-1,-1
578,88,1668.70,398.50,252.30,682.50,1.0000,-1,-1,-1
578,95,579.30,460.30,46.20,84.60,1.0000,-1,-1,-1
578,98,553.50,461.30,31.20,80.80,1.0000,-1,-1,-1
578,100,637.90,451.20,34.50,109.20,1.0000,-1,-1,-1
578,105,836.90,471.90,53.10,78.70,1.0000,-1,-1,-1
578,110,415.60,470.70,42.50,102.20,1.0000,-1,-1,-1
578,111,721.80,447.70,41.40,107.30,1.0000,-1,-1,-1
578,112,1054.40,410.90,100.40,286.90,1.0000,-1,-1,-1
578,116,797.50,475.90,55.20,61.40,1.0000,-1,-1,-1
578,121,666.70,452.60,38.20,105.20,1.0000,-1,-1,-1
579,70,1168.80,442.50,127.70,273.00,1.0000,-1,-1,-1
579,72,965.70,436.70,106.20,240.20,1.0000,-1,-1,-1
579,76,381.60,464.70,48.70,113.50,1.0000,-1,-1,-1
579,88,1669.50,406.80,251.50,674.20,1.0000,-1,-1,-1
579,95,584.60,458.80,37.20,84.00,1.0000,-1,-1,-1
579,98,554.00,461.50,31.60,82.10,1.0000,-1,-1,-1
579,100,635.60,451.50,37.50,108.00,1.0000,-1,-1,-1
579,105,836.60,472.00,53.60,78.70,1.0000,-1,-1,-1
579,110,415.90,470.30,42.30,102.40,1.0000,-1,-1,-1
579,111,721.80,448.50,41.30,106.20,1.0000,-1,-1,-1
579,112,1060.40,412.80,97.00,289.20,1.0000,-1,-1,-1
579,116,797.30,475.90,55.40,61.50,1.0000,-1,-1,-1
579,121,666.30,452.20,38.70,105.70,1.0000,-1,-1,-1
580,70,1171.40,440.30,125.10,275.40,1.0000,-1,-1,-1
580,72,968.20,436.00,101.70,240.80,1.0000,-1,-1,-1
580,76,381.70,464.60,48.90,113.20,1.0000,-1,-1,-1
580,88,1673.30,395.80,247.70,685.20,1.0000,-1,-1,-1
580,95,584.30,458.30,37.80,84.30,1.0000,-1,-1,-1
580,98,553.00,460.70,32.30,82.10,1.0000,-1,-1,-1
580,100,635.20,452.10,34.90,106.20,1.0000,-1,-1,-1
580,105,836.20,472.20,53.70,79.00,1.0000,-1,-1,-1
580,110,416.20,470.50,42.10,101.80,1.0000,-1,-1,-1
580,111,721.40,448.30,41.80,106.90,1.0000,-1,-1,-1
580,112,1065.50,413.60,95.10,282.80,1.0000,-1,-1,-1
580,116,797.20,475.40,55.30,62.00,1.0000,-1,-1,-1
580,121,665.20,453.50,39.60,105.40,1.0000,-1,-1,-1
581,70,1178.00,439.60,121.70,275.50,1.0000,-1,-1,-1
581,72,971.70,436.60,103.30,241.60,1.0000,-1,-1,-1
581,76,381.30,464.80,48.60,112.40,1.0000,-1,-1,-1
581,88,1676.10,397.70,244.90,683.30,1.0000,-1,-1,-1
581,95,585.40,457.90,37.90,85.00,1.0000,-1,-1,-1
581,98,553.70,460.10,31.50,83.30,1.0000,-1,-1,-1
581,100,636.20,451.50,33.60,107.00,1.0000,-1,-1,-1
581,105,835.70,472.90,53.70,77.20,1.0000,-1,-1,-1
581,110,416.40,469.30,41.30,103.70,1.0000,-1,-1,-1
581,111,721.80,448.30,42.30,107.50,1.0000,-1,-1,-1
581,112,1070.30,414.80,91.30,285.80,1.0000,-1,-1,-1
581,116,797.10,475.50,55.70,62.10,1.0000,-1,-1,-1
581,121,665.80,453.90,39.70,103.70,1.0000,-1,-1,-1
582,70,1188.20,442.70,116.80,275.50,1.0000,-1,-1,-1
582,72,974.60,435.80,97.80,243.00,1.0000,-1,-1,-1
582,76,383.20,465.40,48.00,112.70,1.0000,-1,-1,-1
582,88,1676.40,399.70,244.60,681.30,1.0000,-1,-1,-1
582,95,585.30,458.60,37.60,84.80,1.0000,-1,-1,-1
582,98,554.70,461.00,30.60,82.30,1.0000,-1,-1,-1
582,100,634.50,452.70,36.60,105.30,1.0000,-1,-1,-1
582,105,835.60,472.70,53.60,78.10,1.0000,-1,-1,-1
582,110,416.20,468.40,41.10,104.80,1.0000,-1,-1,-1
582,111,722.10,449.00,42.50,106.20,1.0000,-1,-1,-1
582,112,1076.00,414.70,85.00,285.10,1.0000,-1,-1,-1
582,116,797.00,475.80,55.90,61.80,1.0000,-1,-1,-1
582,121,665.60,453.20,38.90,105.10,1.0000,-1,-1,-1
583,70,1195.50,441.30,112.50,275.30,1.0000,-1,-1,-1
583,72,976.80,436.20,97.80,241.30,1.0000,-1,-1,-1
583,76,381.20,464.60,48.70,112.40,1.0000,-1,-1,-1
583,88,1674.20,406.10,246.80,674.90,1.0000,-1,-1,-1
583,95,578.40,458.20,49.00,86.40,1.0000,-1,-1,-1
583,98,555.60,459.80,29.30,82.20,1.0000,-1,-1,-1
583,100,633.90,452.80,37.50,104.50,1.0000,-1,-1,-1
583,105,834.80,473.20,54.50,76.20,1.0000,-1,-1,-1
583,110,416.20,468.10,41.60,105.20,1.0000,-1,-1,-1
583,111,722.10,447.40,42.60,108.10,1.0000,-1,-1,-1
583,112,1077.00,412.40,88.80,288.80,1.0000,-1,-1,-1
583,116,797.30,475.10,55.80,63.10,1.0000,-1,-1,-1
583,121,665.80,453.50,39.30,104.80,1.0000,-1,-1,-1
583,122,911.40,482.50,99.90,112.40,1.0000,-1,-1,-1
584,70,1204.00,446.20,103.20,270.80,1.0000,-1,-1,-1
584,72,976.20,432.00,102.60,246.30,1.0000,-1,-1,-1
584,76,381.60,464.60,48.60,112.50,1.0000,-1,-1,-1
584,88,1679.50,405.10,241.50,675.90,1.0000,-1,-1,-1
584,95,582.80,457.70,40.20,85.80,1.0000,-1,-1,-1
584,98,556.00,459.40,29.60,83.20,1.0000,-1,-1,-1
584,100,632.80,453.60,38.00,104.70,1.0000,-1,-1,-1
584,105,835.20,472.60,54.30,77.10,1.0000,-1,-1,-1
584,110,415.90,467.60,42.30,105.80,1.0000,-1,-1,-1
584,111,722.10,447.80,42.70,107.30,1.0000,-1,-1,-1
584,112,1080.10,414.40,89.20,288.50,1.0000,-1,-1,-1
584,116,797.30,475.20,55.70,62.50,1.0000,-1,-1,-1
584,121,665.40,453.90,40.00,104.20,1.0000,-1,-1,-1
584,122,913.10,482.90,96.50,112.00,1.0000,-1,-1,-1
585,70,1217.70,445.40,95.50,271.40,1.0000,-1,-1,-1
585,72,979.70,428.40,95.50,247.60,1.0000,-1,-1,-1
585,76,380.40,463.80,48.50,113.30,1.0000,-1,-1,-1
585,88,1686.70,401.70,234.30,679.30,1.0000,-1,-1,-1
585,95,584.20,457.20,36.70,86.80,1.0000,-1,-1,-1
585,98,556.90,458.30,29.70,84.30,1.0000,-1,-1,-1
585,100,631.40,454.30,38.20,104.00,1.0000,-1,-1,-1
585,105,836.00,472.40,53.60,77.20,1.0000,-1,-1,-1
585,110,416.70,466.60,42.90,105.90,1.0000,-1,-1,-1
585,111,722.00,448.30,42.80,106.70,1.0000,-1,-1,-1
585,112,1085.80,412.50,89.50,290.20,1.0000,-1,-1,-1
585,116,797.80,475.40,55.40,61.90,1.0000,-1,-1,-1
585,121,665.10,455.30,39.30,102.40,1.0000,-1,-1,-1
585,122,914.20,484.80,96.30,109.40,1.0000,-1,-1,-1
586,70,1224.20,440.60,91.20,272.70,1.0000,-1,-1,-1
586,72,980.50,433.20,99.80,244.50,1.0000,-1,-1,-1
586,76,381.30,464.30,48.30,113.20,1.0000,-1,-1,-1
586,88,1696.40,402.00,224.60,679.00,1.0000,-1,-1,-1
586,95,583.50,457.40,37.40,87.20,1.0000,-1,-1,-1
586,98,556.20,459.10,30.60,84.10,1.0000,-1,-1,-1
586,100,631.40,454.90,36.70,103.30,1.0000,-1,-1,-1
586,105,835.80,472.20,53.30,77.60,1.0000,-1,-1,-1
586,110,416.50,467.50,42.20,104.90,1.0000,-1,-1,-1
586,111,722.40,447.70,43.20,106.20,1.0000,-1,-1,-1
586,112,1089.00,413.10,90.00,288.40,1.0000,-1,-1,-1
586,116,797.30,475.60,55.70,62.10,1.0000,-1,-1,-1
586,121,665.00,455.30,39.70,101.60,1.0000,-1,-1,-1
586,122,912.40,484.70,99.30,109.50,1.0000,-1,-1,-1
587,70,1231.30,438.40,87.20,275.20,1.0000,-1,-1,-1
587,72,985.60,436.40,96.90,240.30,1.0000,-1,-1,-1
587,76,381.80,465.60,48.40,112.00,1.0000,-1,-1,-1
587,88,1713.00,379.60,208.00,701.40,1.0000,-1,-1,-1
587,95,585.70,457.80,34.80,86.20,1.0000,-1,-1,-1
587,98,557.00,459.90,28.20,84.30,1.0000,-1,-1,-1
587,100,630.90,454.90,35.90,103.00,1.0000,-1,-1,-1
587,105,836.00,472.30,53.00,77.90,1.0000,-1,-1,-1
587,110,416.10,467.70,41.70,104.80,1.0000,-1,-1,-1
587,111,722.60,447.40,43.70,107.70,1.0000,-1,-1,-1
587,112,1091.80,411.60,93.40,292.40,1.0000,-1,-1,-1
587,116,797.50,475.90,54.70,61.30,1.0000,-1,-1,-1
587,121,664.90,455.40,40.40,101.60,1.0000,-1,-1,-1
587,122,910.70,484.70,100.00,109.90,1.0000,-1,-1,-1
588,70,1236.70,436.30,84.00,278.80,1.0000,-1,-1,-1
588,72,991.90,433.30,88.60,241.00,1.0000,-1,-1,-1
588,76,381.70,464.50,48.20,113.80,1.0000,-1,-1,-1
588,88,1725.80,330.70,195.20,750.30,1.0000,-1,-1,-1
588,95,584.50,457.70,34.90,86.50,1.0000,-1,-1,-1
588,98,557.00,459.20,28.90,85.50,1.0000,-1,-1,-1
588,100,630.30,455.80,35.60,102.80,1.0000,-1,-1,-1
588,105,835.70,472.40,53.40,77.40,1.0000,-1,-1,-1
588,110,416.50,467.20,41.40,105.10,1.0000,-1,-1,-1
588,111,722.70,447.30,44.60,108.10,1.0000,-1,-1,-1
588,112,1089.20,413.00,104.20,288.50,1.0000,-1,-1,-1
588,116,797.50,475.70,54.90,61.50,1.0000,-1,-1,-1
588,121,664.70,456.20,40.00,102.10,1.0000,-1,-1,-1
588,122,912.20,482.90,97.50,112.10,1.0000,-1,-1,-1
589,70,1237.20,436.10,86.30,278.70,1.0000,-1,-1,-1
589,72,997.80,433.80,86.80,240.40,1.0000,-1,-1,-1
589,76,381.20,463.60,48.50,114.90,1.0000,-1,-1,-1
589,95,586.90,456.60,34.90,85.40,1.0000,-1,-1,-1
589,98,556.20,459.30,29.30,85.10,1.0000,-1,-1,-1
589,100,630.60,455.30,34.50,102.60,1.0000,-1,-1,-1
589,105,835.50,472.60,53.50,77.30,1.0000,-1,-1,-1
589,110,416.50,467.40,41.50,106.10,1.0000,-1,-1,-1
589,111,722.30,447.00,45.40,108.80,1.0000,-1,-1,-1
589,112,1091.90,412.50,103.30,288.60,1.0000,-1,-1,-1
589,116,797.30,475.60,54.70,61.70,1.0000,-1,-1,-1
589,121,664.40,454.90,40.70,103.90,1.0000,-1,-1,-1
589,122,911.80,483.50,100.00,112.40,1.0000,-1,-1,-1
590,70,1239.80,439.70,89.50,276.00,1.0000,-1,-1,-1
590,72,1004.20,431.20,86.80,244.20,1.0000,-1,-1,-1
590,76,381.30,463.10,48.60,115.70,1.0000,-1,-1,-1
590,95,586.30,457.40,33.10,84.30,1.0000,-1,-1,-1
590,98,557.10,459.40,28.20,84.60,1.0000,-1,-1,-1
590,100,629.60,454.10,35.30,102.50,1.0000,-1,-1,-1
590,105,835.50,472.50,53.70,77.70,1.0000,-1,-1,-1
590,110,416.00,466.70,42.00,106.10,1.0000,-1,-1,-1
590,111,722.40,446.70,45.60,109.70,1.0000,-1,-1,-1
590,112,1091.90,414.20,107.10,288.00,1.0000,-1,-1,-1
590,116,797.00,475.60,55.90,61.80,1.0000,-1,-1,-1
590,121,664.70,454.70,39.70,105.70,1.0000,-1,-1,-1
590,122,914.00,483.10,96.90,113.00,1.0000,-1,-1,-1
591,70,1242.60,447.60,89.50,268.10,1.0000,-1,-1,-1
591,72,1009.10,433.00,87.30,242.50,1.0000,-1,-1,-1
591,76,381.20,462.00,48.30,116.70,1.0000,-1,-1,-1
591,95,587.20,458.30,31.90,82.50,1.0000,-1,-1,-1
591,98,556.30,460.10,28.50,83.60,1.0000,-1,-1,-1
591,100,628.40,454.70,35.40,101.80,1.0000,-1,-1,-1
591,105,835.80,472.00,53.30,78.80,1.0000,-1,-1,-1
591,110,416.90,466.40,41.20,105.80,1.0000,-1,-1,-1
591,111,722.40,446.40,45.00,109.70,1.0000,-1,-1,-1
591,112,1094.40,413.70,105.10,287.10,1.0000,-1,-1,-1
591,116,796.80,475.50,55.40,61.30,1.0000,-1,-1,-1
591,121,664.70,455.70,39.30,105.40,1.0000,-1,-1,-1
591,122,914.90,482.80,96.50,112.90,1.0000,-1,-1,-1
592,70,1244.90,444.40,92.40,275.60,1.0000,-1,-1,-1
592,72,1014.40,433.50,83.40,241.70,1.0000,-1,-1,-1
592,76,381.40,462.20,47.80,116.20,1.0000,-1,-1,-1
592,95,585.90,457.50,33.90,83.10,1.0000,-1,-1,-1
592,98,555.80,459.50,29.30,84.20,1.0000,-1,-1,-1
592,100,629.90,454.20,34.30,101.30,1.0000,-1,-1,-1
592,105,835.90,471.90,53.40,78.70,1.0000,-1,-1,-1
592,110,416.80,467.00,41.50,105.40,1.0000,-1,-1,-1
592,111,722.30,446.40,44.50,109.30,1.0000,-1,-1,-1
592,112,1096.10,414.40,104.00,286.50,1.0000,-1,-1,-1
592,116,796.80,476.00,55.60,61.10,1.0000,-1,-1,-1
592,121,665.00,456.00,38.20,104.40,1.0000,-1,-1,-1
592,122,914.90,482.70,96.50,112.70,1.0000,-1,-1,-1
593,70,1244.40,441.90,97.30,276.60,1.0000,-1,-1,-1
593,72,1023.20,432.50,77.40,239.60,1.0000,-1,-1,-1
593,76,382.00,462.60,47.80,116.20,1.0000,-1,-1,-1
593,95,585.20,457.20,32.60,83.00,1.0000,-1,-1,-1
593,98,554.40,459.90,30.70,84.10,1.0000,-1,-1,-1
593,100,628.90,454.60,33.90,100.90,1.0000,-1,-1,-1
593,105,835.80,472.30,53.50,77.60,1.0000,-1,-1,-1
593,110,416.50,466.40,42.20,105.90,1.0000,-1,-1,-1
593,111,722.60,446.00,44.40,110.20,1.0000,-1,-1,-1
593,112,1098.50,406.50,100.80,294.00,1.0000,-1,-1,-1
593,116,796.70,476.10,55.80,61.30,1.0000,-1,-1,-1
593,121,664.60,455.50,38.50,105.00,1.0000,-1,-1,-1
593,122,913.70,482.80,97.80,112.60,1.0000,-1,-1,-1
593,123,604.70,456.20,31.70,90.10,1.0000,-1,-1,-1
594,70,1246.40,442.90,101.00,277.50,1.0000,-1,-1,-1
594,72,1027.00,433.20,78.90,239.80,1.0000,-1,-1,-1
594,76,381.80,462.70,46.90,115.60,1.0000,-1,-1,-1
594,95,583.60,457.30,32.80,82.90,1.0000,-1,-1,-1
594,98,554.20,460.60,30.80,83.70,1.0000,-1,-1,-1
594,100,629.20,454.40,34.20,101.10,1.0000,-1,-1,-1
594,105,835.70,472.50,53.50,77.40,1.0000,-1,-1,-1
594,110,416.00,466.70,42.30,106.30,1.0000,-1,-1,-1
594,111,723.10,446.10,44.20,110.00,1.0000,-1,-1,-1
594,112,1099.00,407.00,99.90,289.90,1.0000,-1,-1,-1
594,116,796.90,475.90,55.50,62.00,1.0000,-1,-1,-1
594,121,664.30,455.20,38.90,105.20,1.0000,-1,-1,-1
594,122,914.30,483.20,97.10,112.50,1.0000,-1,-1,-1
594,123,601.30,455.60,33.00,89.10,1.0000,-1,-1,-1
595,70,1245.40,442.60,109.60,278.40,1.0000,-1,-1,-1
595,72,1026.20,432.80,83.10,238.80,1.0000,-1,-1,-1
595,76,381.70,462.00,47.50,116.10,1.0000,-1,-1,-1
595,95,582.20,456.60,32.90,83.70,1.0000,-1,-1,-1
595,98,554.70,459.90,31.10,84.60,1.0000,-1,-1,-1
595,100,629.40,454.50,34.60,101.70,1.0000,-1,-1,-1
595,105,836.00,472.60,53.40,77.30,1.0000,-1,-1,-1
595,110,416.60,467.20,41.60,105.80,1.0000,-1,-1,-1
595,111,722.60,446.70,44.80,110.10,1.0000,-1,-1,-1
595,112,1098.90,416.00,102.00,285.50,1.0000,-1,-1,-1
595,116,796.90,475.70,55.80,62.30,1.0000,-1,-1,-1
595,121,664.20,456.10,39.20,104.20,1.0000,-1,-1,-1
595,122,914.30,483.30,96.40,112.30,1.0000,-1,-1,-1
595,125,992.50,450.30,34.80,103.70,1.0000,-1,-1,-1
596,70,1246.60,447.00,107.00,272.60,1.0000,-1,-1,-1
596,72,1026.60,431.50,83.80,239.10,1.0000,-1,-1,-1
596,76,381.40,461.80,47.80,116.10,1.0000,-1,-1,-1
596,95,581.00,456.50,33.20,83.60,1.0000,-1,-1,-1
596,98,553.90,460.30,31.40,84.80,1.0000,-1,-1,-1
596,100,630.60,455.50,34.20,100.40,1.0000,-1,-1,-1
596,105,835.60,472.80,53.40,77.10,1.0000,-1,-1,-1
596,110,416.10,466.90,42.40,106.40,1.0000,-1,-1,-1
596,111,722.60,446.80,45.00,110.40,1.0000,-1,-1,-1
596,112,1099.10,412.40,101.20,291.00,1.0000,-1,-1,-1
596,116,797.10,475.90,55.60,62.10,1.0000,-1,-1,-1
596,121,664.00,456.00,39.10,103.80,1.0000,-1,-1,-1
596,122,915.40,483.30,94.60,111.90,1.0000,-1,-1,-1
596,125,992.60,448.60,34.70,97.30,1.0000,-1,-1,-1
597,70,1249.80,445.50,106.10,273.50,1.0000,-1,-1,-1
597,72,1029.30,435.50,89.50,240.20,1.0000,-1,-1,-1
597,76,381.60,462.50,47.60,115.60,1.0000,-1,-1,-1
597,95,584.00,453.30,39.70,83.50,1.0000,-1,-1,-1
597,98,554.90,460.80,30.60,84.30,1.0000,-1,-1,-1
597,100,629.60,454.90,35.40,100.20,1.0000,-1,-1,-1
597,105,835.60,473.10,52.90,76.70,1.0000,-1,-1,-1
597,110,416.40,467.20,42.00,106.20,1.0000,-1,-1,-1
597,111,722.80,446.80,45.00,111.30,1.0000,-1,-1,-1
597,112,1099.80,419.00,100.70,284.60,1.0000,-1,-1,-1
597,116,797.30,475.80,55.00,62.20,1.0000,-1,-1,-1
597,121,664.60,456.30,38.30,103.50,1.0000,-1,-1,-1
597,122,915.50,483.70,94.40,112.10,1.0000,-1,-1,-1
597,125,992.90,450.90,34.60,93.90,1.0000,-1,-1,-1
598,70,1252.10,444.60,107.20,273.10,1.0000,-1,-1,-1
598,72,1032.40,437.10,90.20,239.60,1.0000,-1,-1,-1
598,76,382.00,462.70,47.20,116.00,1.0000,-1,-1,-1
598,95,583.10,457.60,33.10,82.40,1.0000,-1,-1,-1
598,98,554.30,461.60,30.50,84.00,1.0000,-1,-1,-1
598,100,629.60,455.90,34.90,98.90,1.0000,-1,-1,-1
598,105,835.90,472.90,52.90,77.20,1.0000,-1,-1,-1
598,110,417.00,467.00,41.20,106.20,1.0000,-1,-1,-1
598,111,722.40,446.90,45.80,112.80,1.0000,-1,-1,-1
598,112,1104.90,413.50,101.30,284.60,1.0000,-1,-1,-1
598,116,797.40,475.40,54.80,62.90,1.0000,-1,-1,-1
598,121,664.20,457.40,37.90,102.80,1.0000,-1,-1,-1
598,122,915.60,484.10,94.20,111.20,1.0000,-1,-1,-1
598,125,993.80,449.70,31.80,90.30,1.0000,-1,-1,-1
599,70,1255.20,440.00,105.90,280.80,1.0000,-1,-1,-1
599,72,1031.00,428.80,99.40,248.50,1.0000,-1,-1,-1
599,76,381.90,463.10,47.10,115.30,1.0000,-1,-1,-1
599,95,582.90,457.00,33.40,84.00,1.0000,-1,-1,-1
599,98,554.40,461.10,31.10,83.90,1.0000,-1,-1,-1
599,100,631.70,455.90,34.30,99.40,1.0000,-1,-1,-1
599,105,835.90,473.20,52.90,76.70,1.0000,-1,-1,-1
599,110,416.50,467.20,41.80,106.00,1.0000,-1,-1,-1
599,111,723.20,447.90,45.30,110.20,1.0000,-1,-1,-1
599,112,1108.00,415.00,98.30,279.40,1.0000,-1,-1,-1
599,116,798.10,475.60,54.30,62.40,1.0000,-1,-1,-1
599,121,663.80,457.40,38.40,102.40,1.0000,-1,-1,-1
599,122,915.70,483.70,94.00,111.10,1.0000,-1,-1,-1
599,125,993.90,448.40,33.50,92.20,1.0000,-1,-1,-1
600,70,1263.60,436.70,100.90,282.50,1.0000,-1,-1,-1
600,72,1031.40,430.20,105.30,248.70,1.0000,-1,-1,-1
600,76,382.00,464.20,46.50,114.50,1.0000,-1,-1,-1
600,95,583.70,457.30,32.90,83.60,1.0000,-1,-1,-1
600,98,554.90,460.70,31.20,84.10,1.0000,-1,-1,-1
600,100,630.30,456.50,34.90,98.90,1.0000,-1,-1,-1
600,105,835.00,473.30,53.40,76.50,1.0000,-1,-1,-1
600,110,416.50,467.50,41.50,106.20,1.0000,-1,-1,-1
600,111,723.40,448.00,44.60,109.10,1.0000,-1,-1,-1
600,112,1109.70,417.70,92.50,278.30,1.0000,-1,-1,-1
600,116,797.40,475.50,54.90,62.30,1.0000,-1,-1,-1
600,121,663.90,458.00,39.80,102.00,1.0000,-1,-1,-1
600,122,915.70,483.80,93.60,111.50,1.0000,-1,-1,-1
600,125,995.60,448.70,32.30,90.10,1.0000,-1,-1,-1
